2025-04-30 13:05:32 [restartedMain] INFO  b.f.b.c.chatbot.ChatbotApplication - Starting ChatbotApplication using Java 23.0.2 with PID 34119 (/Users/souhailaitsaid/dev/chatbot/target/classes started by souhailaitsaid in /Users/souhailaitsaid/dev/chatbot)
2025-04-30 13:05:32 [restartedMain] INFO  b.f.b.c.chatbot.ChatbotApplication - The following 1 profile is active: "dev"
2025-04-30 13:05:32 [restartedMain] INFO  o.s.d.r.c.RepositoryConfigurationDelegate - Bootstrapping Spring Data JPA repositories in DEFAULT mode.
2025-04-30 13:05:32 [restartedMain] INFO  o.s.d.r.c.RepositoryConfigurationDelegate - Finished Spring Data repository scanning in 4 ms. Found 6 JPA repository interfaces.
2025-04-30 13:05:33 [restartedMain] INFO  o.s.b.w.e.tomcat.TomcatWebServer - Tomcat initialized with port 8081 (http)
2025-04-30 13:05:33 [restartedMain] INFO  o.a.catalina.core.StandardService - Starting service [Tomcat]
2025-04-30 13:05:33 [restartedMain] INFO  o.a.catalina.core.StandardEngine - Starting Servlet engine: [Apache Tomcat/10.1.40]
2025-04-30 13:05:33 [restartedMain] INFO  o.a.c.c.C.[Tomcat-2].[localhost].[/] - Initializing Spring embedded WebApplicationContext
2025-04-30 13:05:33 [restartedMain] INFO  o.s.b.w.s.c.ServletWebServerApplicationContext - Root WebApplicationContext: initialization completed in 185 ms
2025-04-30 13:05:33 [restartedMain] INFO  o.h.jpa.internal.util.LogHelper - HHH000204: Processing PersistenceUnitInfo [name: default]
2025-04-30 13:05:33 [restartedMain] INFO  o.h.c.i.RegionFactoryInitiator - HHH000026: Second-level cache disabled
2025-04-30 13:05:33 [restartedMain] INFO  o.s.o.j.p.SpringPersistenceUnitInfo - No LoadTimeWeaver setup: ignoring JPA class transformer
2025-04-30 13:05:33 [restartedMain] INFO  com.zaxxer.hikari.HikariDataSource - HikariPool-16 - Starting...
2025-04-30 13:05:33 [restartedMain] INFO  com.zaxxer.hikari.pool.HikariPool - HikariPool-16 - Added connection org.postgresql.jdbc.PgConnection@74557951
2025-04-30 13:05:33 [restartedMain] INFO  com.zaxxer.hikari.HikariDataSource - HikariPool-16 - Start completed.
2025-04-30 13:05:33 [restartedMain] INFO  o.hibernate.orm.connections.pooling - HHH10001005: Database info:
	Database JDBC URL [Connecting through datasource 'HikariDataSource (HikariPool-16)']
	Database driver: undefined/unknown
	Database version: 17.4
	Autocommit mode: undefined/unknown
	Isolation level: undefined/unknown
	Minimum pool size: undefined/unknown
	Maximum pool size: undefined/unknown
2025-04-30 13:05:33 [restartedMain] INFO  o.h.e.t.j.p.i.JtaPlatformInitiator - HHH000489: No JTA platform available (set 'hibernate.transaction.jta.platform' to enable JTA platform integration)
2025-04-30 13:05:33 [restartedMain] INFO  o.s.o.j.LocalContainerEntityManagerFactoryBean - Initialized JPA EntityManagerFactory for persistence unit 'default'
2025-04-30 13:05:33 [restartedMain] INFO  b.f.b.c.c.i.PgVectorExtensionInitializer - =======> Executing query: CREATE EXTENSION IF NOT EXISTS vector <=========
2025-04-30 13:05:33 [restartedMain] INFO  b.f.b.c.c.i.PgVectorExtensionInitializer - =======> Successfully created pgvector extension <=========
2025-04-30 13:05:33 [restartedMain] WARN  o.s.b.a.o.j.JpaBaseConfiguration$JpaWebConfiguration - spring.jpa.open-in-view is enabled by default. Therefore, database queries may be performed during view rendering. Explicitly configure spring.jpa.open-in-view to disable this warning
2025-04-30 13:05:33 [restartedMain] INFO  o.s.v.b.OptionalValidatorFactoryBean - Failed to set up a Bean Validation provider: jakarta.validation.NoProviderFoundException: Unable to create a Configuration, because no Jakarta Bean Validation provider could be found. Add a provider like Hibernate Validator (RI) to your classpath.
2025-04-30 13:05:33 [restartedMain] INFO  o.s.b.d.a.OptionalLiveReloadServer - LiveReload server is running on port 35729
2025-04-30 13:05:33 [restartedMain] INFO  o.s.b.a.e.web.EndpointLinksResolver - Exposing 3 endpoints beneath base path '/actuator'
2025-04-30 13:05:33 [restartedMain] INFO  o.s.b.w.e.tomcat.TomcatWebServer - Tomcat started on port 8081 (http) with context path '/'
2025-04-30 13:05:33 [restartedMain] INFO  b.f.b.c.chatbot.ChatbotApplication - Started ChatbotApplication in 0.735 seconds (process running for 1312.803)
2025-04-30 13:05:33 [restartedMain] INFO  b.f.b.c.c.i.PgVectorIndexInitializer - =======> onApplicationEvent PgVectorIndexInitializer executing .... <=========
2025-04-30 13:05:33 [restartedMain] INFO  b.f.b.c.c.i.PgVectorIndexInitializer - =======> onApplicationEvent checkIfIndexExists true} <=========
2025-04-30 13:05:33 [restartedMain] INFO  b.f.b.c.c.i.PgVectorIndexInitializer - =======> !! HNSW index already exists for embeddings column <=========
2025-04-30 13:05:33 [restartedMain] INFO  o.s.b.d.a.ConditionEvaluationDeltaLoggingListener - Condition evaluation delta:


==========================
CONDITION EVALUATION DELTA
==========================


Positive matches:
-----------------

   LogFileWebEndpointAutoConfiguration#logFileWebEndpoint matched:
      - Log File found logging.file.name chatbot.log (LogFileWebEndpointAutoConfiguration.LogFileCondition)
      - @ConditionalOnMissingBean (types: org.springframework.boot.actuate.logging.LogFileWebEndpoint; SearchStrategy: all) did not find any beans (OnBeanCondition)


Negative matches:
-----------------

    None


Exclusions:
-----------

    None


Unconditional classes:
----------------------

    None



2025-04-30 13:06:12 [File Watcher] INFO  o.s.b.d.a.LocalDevToolsAutoConfiguration$RestartingClassPathChangeChangedEventListener - Restarting due to 5 class path changes (0 additions, 0 deletions, 5 modifications)
2025-04-30 13:06:12 [Thread-62] INFO  o.s.b.w.e.tomcat.GracefulShutdown - Commencing graceful shutdown. Waiting for active requests to complete
2025-04-30 13:06:12 [tomcat-shutdown] INFO  o.s.b.w.e.tomcat.GracefulShutdown - Graceful shutdown complete
2025-04-30 13:06:12 [Thread-62] INFO  o.s.o.j.LocalContainerEntityManagerFactoryBean - Closing JPA EntityManagerFactory for persistence unit 'default'
2025-04-30 13:06:12 [Thread-62] INFO  com.zaxxer.hikari.HikariDataSource - HikariPool-16 - Shutdown initiated...
2025-04-30 13:06:12 [Thread-62] INFO  com.zaxxer.hikari.HikariDataSource - HikariPool-16 - Shutdown completed.
2025-04-30 13:06:12 [restartedMain] INFO  b.f.b.c.chatbot.ChatbotApplication - Starting ChatbotApplication using Java 23.0.2 with PID 34119 (/Users/souhailaitsaid/dev/chatbot/target/classes started by souhailaitsaid in /Users/souhailaitsaid/dev/chatbot)
2025-04-30 13:06:12 [restartedMain] INFO  b.f.b.c.chatbot.ChatbotApplication - The following 1 profile is active: "dev"
2025-04-30 13:06:12 [restartedMain] INFO  o.s.d.r.c.RepositoryConfigurationDelegate - Bootstrapping Spring Data JPA repositories in DEFAULT mode.
2025-04-30 13:06:12 [restartedMain] INFO  o.s.d.r.c.RepositoryConfigurationDelegate - Finished Spring Data repository scanning in 4 ms. Found 6 JPA repository interfaces.
2025-04-30 13:06:13 [restartedMain] INFO  o.s.b.w.e.tomcat.TomcatWebServer - Tomcat initialized with port 8081 (http)
2025-04-30 13:06:13 [restartedMain] INFO  o.a.catalina.core.StandardService - Starting service [Tomcat]
2025-04-30 13:06:13 [restartedMain] INFO  o.a.catalina.core.StandardEngine - Starting Servlet engine: [Apache Tomcat/10.1.40]
2025-04-30 13:06:13 [restartedMain] INFO  o.a.c.c.C.[Tomcat-2].[localhost].[/] - Initializing Spring embedded WebApplicationContext
2025-04-30 13:06:13 [restartedMain] INFO  o.s.b.w.s.c.ServletWebServerApplicationContext - Root WebApplicationContext: initialization completed in 193 ms
2025-04-30 13:06:13 [restartedMain] INFO  o.h.jpa.internal.util.LogHelper - HHH000204: Processing PersistenceUnitInfo [name: default]
2025-04-30 13:06:13 [restartedMain] INFO  o.h.c.i.RegionFactoryInitiator - HHH000026: Second-level cache disabled
2025-04-30 13:06:13 [restartedMain] INFO  o.s.o.j.p.SpringPersistenceUnitInfo - No LoadTimeWeaver setup: ignoring JPA class transformer
2025-04-30 13:06:13 [restartedMain] INFO  com.zaxxer.hikari.HikariDataSource - HikariPool-17 - Starting...
2025-04-30 13:06:13 [restartedMain] INFO  com.zaxxer.hikari.pool.HikariPool - HikariPool-17 - Added connection org.postgresql.jdbc.PgConnection@78ba3ac4
2025-04-30 13:06:13 [restartedMain] INFO  com.zaxxer.hikari.HikariDataSource - HikariPool-17 - Start completed.
2025-04-30 13:06:13 [restartedMain] INFO  o.hibernate.orm.connections.pooling - HHH10001005: Database info:
	Database JDBC URL [Connecting through datasource 'HikariDataSource (HikariPool-17)']
	Database driver: undefined/unknown
	Database version: 17.4
	Autocommit mode: undefined/unknown
	Isolation level: undefined/unknown
	Minimum pool size: undefined/unknown
	Maximum pool size: undefined/unknown
2025-04-30 13:06:13 [restartedMain] INFO  o.h.e.t.j.p.i.JtaPlatformInitiator - HHH000489: No JTA platform available (set 'hibernate.transaction.jta.platform' to enable JTA platform integration)
2025-04-30 13:06:13 [restartedMain] INFO  o.s.o.j.LocalContainerEntityManagerFactoryBean - Initialized JPA EntityManagerFactory for persistence unit 'default'
2025-04-30 13:06:13 [restartedMain] INFO  b.f.b.c.c.i.PgVectorExtensionInitializer - =======> Executing query: CREATE EXTENSION IF NOT EXISTS vector <=========
2025-04-30 13:06:13 [restartedMain] INFO  b.f.b.c.c.i.PgVectorExtensionInitializer - =======> Successfully created pgvector extension <=========
2025-04-30 13:06:13 [restartedMain] WARN  o.s.b.a.o.j.JpaBaseConfiguration$JpaWebConfiguration - spring.jpa.open-in-view is enabled by default. Therefore, database queries may be performed during view rendering. Explicitly configure spring.jpa.open-in-view to disable this warning
2025-04-30 13:06:13 [restartedMain] INFO  o.s.v.b.OptionalValidatorFactoryBean - Failed to set up a Bean Validation provider: jakarta.validation.NoProviderFoundException: Unable to create a Configuration, because no Jakarta Bean Validation provider could be found. Add a provider like Hibernate Validator (RI) to your classpath.
2025-04-30 13:06:13 [restartedMain] INFO  o.s.b.d.a.OptionalLiveReloadServer - LiveReload server is running on port 35729
2025-04-30 13:06:13 [restartedMain] INFO  o.s.b.a.e.web.EndpointLinksResolver - Exposing 3 endpoints beneath base path '/actuator'
2025-04-30 13:06:13 [restartedMain] INFO  o.s.b.w.e.tomcat.TomcatWebServer - Tomcat started on port 8081 (http) with context path '/'
2025-04-30 13:06:13 [restartedMain] INFO  b.f.b.c.chatbot.ChatbotApplication - Started ChatbotApplication in 0.743 seconds (process running for 1352.812)
2025-04-30 13:06:13 [restartedMain] INFO  b.f.b.c.c.i.PgVectorIndexInitializer - =======> onApplicationEvent PgVectorIndexInitializer executing .... <=========
2025-04-30 13:06:13 [restartedMain] INFO  b.f.b.c.c.i.PgVectorIndexInitializer - =======> onApplicationEvent checkIfIndexExists true} <=========
2025-04-30 13:06:13 [restartedMain] INFO  b.f.b.c.c.i.PgVectorIndexInitializer - =======> !! HNSW index already exists for embeddings column <=========
2025-04-30 13:06:13 [restartedMain] INFO  o.s.b.d.a.ConditionEvaluationDeltaLoggingListener - Condition evaluation delta:


==========================
CONDITION EVALUATION DELTA
==========================


Positive matches:
-----------------

    None


Negative matches:
-----------------

   GenericCacheConfiguration:
      Did not match:
         - Cache org.springframework.boot.autoconfigure.cache.GenericCacheConfiguration unknown cache type (CacheCondition)

   NoOpCacheConfiguration:
      Did not match:
         - Cache org.springframework.boot.autoconfigure.cache.NoOpCacheConfiguration unknown cache type (CacheCondition)

   SimpleCacheConfiguration:
      Did not match:
         - Cache org.springframework.boot.autoconfigure.cache.SimpleCacheConfiguration unknown cache type (CacheCondition)


Exclusions:
-----------

    None


Unconditional classes:
----------------------

    None



2025-04-30 13:06:41 [File Watcher] INFO  o.s.b.d.a.LocalDevToolsAutoConfiguration$RestartingClassPathChangeChangedEventListener - Restarting due to 4 class path changes (0 additions, 0 deletions, 4 modifications)
2025-04-30 13:06:41 [Thread-66] INFO  o.s.b.w.e.tomcat.GracefulShutdown - Commencing graceful shutdown. Waiting for active requests to complete
2025-04-30 13:06:41 [tomcat-shutdown] INFO  o.s.b.w.e.tomcat.GracefulShutdown - Graceful shutdown complete
2025-04-30 13:06:41 [Thread-66] INFO  o.s.o.j.LocalContainerEntityManagerFactoryBean - Closing JPA EntityManagerFactory for persistence unit 'default'
2025-04-30 13:06:41 [Thread-66] INFO  com.zaxxer.hikari.HikariDataSource - HikariPool-17 - Shutdown initiated...
2025-04-30 13:06:41 [Thread-66] INFO  com.zaxxer.hikari.HikariDataSource - HikariPool-17 - Shutdown completed.
2025-04-30 13:06:41 [restartedMain] INFO  b.f.b.c.chatbot.ChatbotApplication - Starting ChatbotApplication using Java 23.0.2 with PID 34119 (/Users/souhailaitsaid/dev/chatbot/target/classes started by souhailaitsaid in /Users/souhailaitsaid/dev/chatbot)
2025-04-30 13:06:41 [restartedMain] INFO  b.f.b.c.chatbot.ChatbotApplication - The following 1 profile is active: "dev"
2025-04-30 13:06:41 [restartedMain] INFO  o.s.d.r.c.RepositoryConfigurationDelegate - Bootstrapping Spring Data JPA repositories in DEFAULT mode.
2025-04-30 13:06:41 [restartedMain] INFO  o.s.d.r.c.RepositoryConfigurationDelegate - Finished Spring Data repository scanning in 4 ms. Found 6 JPA repository interfaces.
2025-04-30 13:06:41 [restartedMain] INFO  o.s.b.w.e.tomcat.TomcatWebServer - Tomcat initialized with port 8081 (http)
2025-04-30 13:06:41 [restartedMain] INFO  o.a.catalina.core.StandardService - Starting service [Tomcat]
2025-04-30 13:06:41 [restartedMain] INFO  o.a.catalina.core.StandardEngine - Starting Servlet engine: [Apache Tomcat/10.1.40]
2025-04-30 13:06:41 [restartedMain] INFO  o.a.c.c.C.[Tomcat-2].[localhost].[/] - Initializing Spring embedded WebApplicationContext
2025-04-30 13:06:41 [restartedMain] INFO  o.s.b.w.s.c.ServletWebServerApplicationContext - Root WebApplicationContext: initialization completed in 185 ms
2025-04-30 13:06:41 [restartedMain] INFO  o.h.jpa.internal.util.LogHelper - HHH000204: Processing PersistenceUnitInfo [name: default]
2025-04-30 13:06:41 [restartedMain] INFO  o.h.c.i.RegionFactoryInitiator - HHH000026: Second-level cache disabled
2025-04-30 13:06:41 [restartedMain] INFO  o.s.o.j.p.SpringPersistenceUnitInfo - No LoadTimeWeaver setup: ignoring JPA class transformer
2025-04-30 13:06:41 [restartedMain] INFO  com.zaxxer.hikari.HikariDataSource - HikariPool-18 - Starting...
2025-04-30 13:06:41 [restartedMain] INFO  com.zaxxer.hikari.pool.HikariPool - HikariPool-18 - Added connection org.postgresql.jdbc.PgConnection@5e852f27
2025-04-30 13:06:41 [restartedMain] INFO  com.zaxxer.hikari.HikariDataSource - HikariPool-18 - Start completed.
2025-04-30 13:06:41 [restartedMain] INFO  o.hibernate.orm.connections.pooling - HHH10001005: Database info:
	Database JDBC URL [Connecting through datasource 'HikariDataSource (HikariPool-18)']
	Database driver: undefined/unknown
	Database version: 17.4
	Autocommit mode: undefined/unknown
	Isolation level: undefined/unknown
	Minimum pool size: undefined/unknown
	Maximum pool size: undefined/unknown
2025-04-30 13:06:41 [restartedMain] INFO  o.h.e.t.j.p.i.JtaPlatformInitiator - HHH000489: No JTA platform available (set 'hibernate.transaction.jta.platform' to enable JTA platform integration)
2025-04-30 13:06:41 [restartedMain] INFO  o.s.o.j.LocalContainerEntityManagerFactoryBean - Initialized JPA EntityManagerFactory for persistence unit 'default'
2025-04-30 13:06:41 [restartedMain] INFO  b.f.b.c.c.i.PgVectorExtensionInitializer - =======> Executing query: CREATE EXTENSION IF NOT EXISTS vector <=========
2025-04-30 13:06:41 [restartedMain] INFO  b.f.b.c.c.i.PgVectorExtensionInitializer - =======> Successfully created pgvector extension <=========
2025-04-30 13:06:41 [restartedMain] WARN  o.s.b.a.o.j.JpaBaseConfiguration$JpaWebConfiguration - spring.jpa.open-in-view is enabled by default. Therefore, database queries may be performed during view rendering. Explicitly configure spring.jpa.open-in-view to disable this warning
2025-04-30 13:06:41 [restartedMain] INFO  o.s.v.b.OptionalValidatorFactoryBean - Failed to set up a Bean Validation provider: jakarta.validation.NoProviderFoundException: Unable to create a Configuration, because no Jakarta Bean Validation provider could be found. Add a provider like Hibernate Validator (RI) to your classpath.
2025-04-30 13:06:42 [restartedMain] INFO  o.s.b.d.a.OptionalLiveReloadServer - LiveReload server is running on port 35729
2025-04-30 13:06:42 [restartedMain] INFO  o.s.b.a.e.web.EndpointLinksResolver - Exposing 3 endpoints beneath base path '/actuator'
2025-04-30 13:06:42 [restartedMain] INFO  o.s.b.w.e.tomcat.TomcatWebServer - Tomcat started on port 8081 (http) with context path '/'
2025-04-30 13:06:42 [restartedMain] INFO  b.f.b.c.chatbot.ChatbotApplication - Started ChatbotApplication in 0.736 seconds (process running for 1381.292)
2025-04-30 13:06:42 [restartedMain] INFO  b.f.b.c.c.i.PgVectorIndexInitializer - =======> onApplicationEvent PgVectorIndexInitializer executing .... <=========
2025-04-30 13:06:42 [restartedMain] INFO  b.f.b.c.c.i.PgVectorIndexInitializer - =======> onApplicationEvent checkIfIndexExists true} <=========
2025-04-30 13:06:42 [restartedMain] INFO  b.f.b.c.c.i.PgVectorIndexInitializer - =======> !! HNSW index already exists for embeddings column <=========
2025-04-30 13:06:42 [restartedMain] INFO  o.s.b.d.a.ConditionEvaluationDeltaLoggingListener - Condition evaluation unchanged
2025-04-30 13:07:06 [SpringApplicationShutdownHook] INFO  o.s.b.w.e.tomcat.GracefulShutdown - Commencing graceful shutdown. Waiting for active requests to complete
2025-04-30 13:07:06 [tomcat-shutdown] INFO  o.s.b.w.e.tomcat.GracefulShutdown - Graceful shutdown complete
2025-04-30 13:07:06 [SpringApplicationShutdownHook] INFO  o.s.o.j.LocalContainerEntityManagerFactoryBean - Closing JPA EntityManagerFactory for persistence unit 'default'
2025-04-30 13:07:06 [SpringApplicationShutdownHook] INFO  com.zaxxer.hikari.HikariDataSource - HikariPool-18 - Shutdown initiated...
2025-04-30 13:07:06 [SpringApplicationShutdownHook] INFO  com.zaxxer.hikari.HikariDataSource - HikariPool-18 - Shutdown completed.
2025-04-30 13:29:55 [restartedMain] INFO  b.f.b.c.chatbot.ChatbotApplication - Starting ChatbotApplication using Java 23.0.2 with PID 35045 (/Users/souhailaitsaid/dev/chatbot/target/classes started by souhailaitsaid in /Users/souhailaitsaid/dev/chatbot)
2025-04-30 13:29:55 [restartedMain] INFO  b.f.b.c.chatbot.ChatbotApplication - The following 1 profile is active: "dev"
2025-04-30 13:29:55 [restartedMain] INFO  o.s.b.d.e.DevToolsPropertyDefaultsPostProcessor - Devtools property defaults active! Set 'spring.devtools.add-properties' to 'false' to disable
2025-04-30 13:29:55 [restartedMain] INFO  o.s.b.d.e.DevToolsPropertyDefaultsPostProcessor - For additional web related logging consider setting the 'logging.level.web' property to 'DEBUG'
2025-04-30 13:29:55 [restartedMain] INFO  o.s.d.r.c.RepositoryConfigurationDelegate - Bootstrapping Spring Data JPA repositories in DEFAULT mode.
2025-04-30 13:29:55 [restartedMain] INFO  o.s.d.r.c.RepositoryConfigurationDelegate - Finished Spring Data repository scanning in 55 ms. Found 6 JPA repository interfaces.
2025-04-30 13:29:56 [restartedMain] INFO  o.s.b.w.e.tomcat.TomcatWebServer - Tomcat initialized with port 8081 (http)
2025-04-30 13:29:56 [restartedMain] INFO  o.a.catalina.core.StandardService - Starting service [Tomcat]
2025-04-30 13:29:56 [restartedMain] INFO  o.a.catalina.core.StandardEngine - Starting Servlet engine: [Apache Tomcat/10.1.40]
2025-04-30 13:29:56 [restartedMain] INFO  o.a.c.c.C.[Tomcat].[localhost].[/] - Initializing Spring embedded WebApplicationContext
2025-04-30 13:29:56 [restartedMain] INFO  o.s.b.w.s.c.ServletWebServerApplicationContext - Root WebApplicationContext: initialization completed in 899 ms
2025-04-30 13:29:56 [restartedMain] INFO  o.h.jpa.internal.util.LogHelper - HHH000204: Processing PersistenceUnitInfo [name: default]
2025-04-30 13:29:56 [restartedMain] INFO  org.hibernate.Version - HHH000412: Hibernate ORM core version 6.6.13.Final
2025-04-30 13:29:56 [restartedMain] INFO  o.h.c.i.RegionFactoryInitiator - HHH000026: Second-level cache disabled
2025-04-30 13:29:56 [restartedMain] INFO  o.s.o.j.p.SpringPersistenceUnitInfo - No LoadTimeWeaver setup: ignoring JPA class transformer
2025-04-30 13:29:56 [restartedMain] INFO  com.zaxxer.hikari.HikariDataSource - HikariPool-1 - Starting...
2025-04-30 13:29:56 [restartedMain] INFO  com.zaxxer.hikari.pool.HikariPool - HikariPool-1 - Added connection org.postgresql.jdbc.PgConnection@4cc69791
2025-04-30 13:29:56 [restartedMain] INFO  com.zaxxer.hikari.HikariDataSource - HikariPool-1 - Start completed.
2025-04-30 13:29:56 [restartedMain] INFO  o.hibernate.orm.connections.pooling - HHH10001005: Database info:
	Database JDBC URL [Connecting through datasource 'HikariDataSource (HikariPool-1)']
	Database driver: undefined/unknown
	Database version: 17.4
	Autocommit mode: undefined/unknown
	Isolation level: undefined/unknown
	Minimum pool size: undefined/unknown
	Maximum pool size: undefined/unknown
2025-04-30 13:29:56 [restartedMain] INFO  o.h.e.t.j.p.i.JtaPlatformInitiator - HHH000489: No JTA platform available (set 'hibernate.transaction.jta.platform' to enable JTA platform integration)
2025-04-30 13:29:56 [restartedMain] INFO  o.s.o.j.LocalContainerEntityManagerFactoryBean - Initialized JPA EntityManagerFactory for persistence unit 'default'
2025-04-30 13:29:57 [restartedMain] INFO  b.f.b.c.c.i.PgVectorExtensionInitializer - =======> Executing query: CREATE EXTENSION IF NOT EXISTS vector <=========
2025-04-30 13:29:57 [restartedMain] INFO  b.f.b.c.c.i.PgVectorExtensionInitializer - =======> Successfully created pgvector extension <=========
2025-04-30 13:29:57 [restartedMain] WARN  o.s.b.a.o.j.JpaBaseConfiguration$JpaWebConfiguration - spring.jpa.open-in-view is enabled by default. Therefore, database queries may be performed during view rendering. Explicitly configure spring.jpa.open-in-view to disable this warning
2025-04-30 13:29:57 [restartedMain] INFO  o.s.v.b.OptionalValidatorFactoryBean - Failed to set up a Bean Validation provider: jakarta.validation.NoProviderFoundException: Unable to create a Configuration, because no Jakarta Bean Validation provider could be found. Add a provider like Hibernate Validator (RI) to your classpath.
2025-04-30 13:29:58 [restartedMain] INFO  o.s.b.d.a.OptionalLiveReloadServer - LiveReload server is running on port 35729
2025-04-30 13:29:58 [restartedMain] INFO  o.s.b.a.e.web.EndpointLinksResolver - Exposing 3 endpoints beneath base path '/actuator'
2025-04-30 13:29:58 [restartedMain] INFO  o.s.b.w.e.tomcat.TomcatWebServer - Tomcat started on port 8081 (http) with context path '/'
2025-04-30 13:29:58 [restartedMain] INFO  b.f.b.c.chatbot.ChatbotApplication - Started ChatbotApplication in 3.198 seconds (process running for 3.502)
2025-04-30 13:29:58 [restartedMain] INFO  b.f.b.c.c.i.PgVectorIndexInitializer - =======> onApplicationEvent PgVectorIndexInitializer executing .... <=========
2025-04-30 13:29:58 [restartedMain] INFO  b.f.b.c.c.i.PgVectorIndexInitializer - =======> onApplicationEvent checkIfIndexExists true} <=========
2025-04-30 13:29:58 [restartedMain] INFO  b.f.b.c.c.i.PgVectorIndexInitializer - =======> !! HNSW index already exists for embeddings column <=========
2025-04-30 13:29:58 [RMI TCP Connection(2)-192.168.1.2] INFO  o.a.c.c.C.[Tomcat].[localhost].[/] - Initializing Spring DispatcherServlet 'dispatcherServlet'
2025-04-30 13:29:58 [RMI TCP Connection(2)-192.168.1.2] INFO  o.s.web.servlet.DispatcherServlet - Initializing Servlet 'dispatcherServlet'
2025-04-30 13:29:58 [RMI TCP Connection(2)-192.168.1.2] INFO  o.s.web.servlet.DispatcherServlet - Completed initialization in 1 ms
2025-04-30 13:30:16 [http-nio-8081-exec-2] INFO  b.f.b.c.chatbot.api.ChatController - info request - > You: what is The results of the top 3 performing models
2025-04-30 13:30:16 [http-nio-8081-exec-2] ERROR b.f.b.c.c.services.ChatBotService - Error processing chat request
java.lang.NullPointerException: null
	at java.base/java.util.Objects.requireNonNull(Objects.java:220)
	at dev.langchain4j.service.memory.ChatMemoryService.getOrCreateChatMemory(ChatMemoryService.java:36)
	at dev.langchain4j.service.DefaultAiServices$1.invoke(DefaultAiServices.java:146)
	at jdk.proxy4/jdk.proxy4.$Proxy202.chat(Unknown Source)
	at be.fgov.bosa.chatbot.chatbot.services.ChatBotService.generateAIResponse(ChatBotService.java:208)
	at be.fgov.bosa.chatbot.chatbot.services.ChatBotService.chat(ChatBotService.java:63)
	at be.fgov.bosa.chatbot.chatbot.api.ChatController.chatWithAiBotV2(ChatController.java:31)
	at java.base/jdk.internal.reflect.DirectMethodHandleAccessor.invoke(DirectMethodHandleAccessor.java:103)
	at java.base/java.lang.reflect.Method.invoke(Method.java:580)
	at org.springframework.web.method.support.InvocableHandlerMethod.doInvoke(InvocableHandlerMethod.java:258)
	at org.springframework.web.method.support.InvocableHandlerMethod.invokeForRequest(InvocableHandlerMethod.java:191)
	at org.springframework.web.servlet.mvc.method.annotation.ServletInvocableHandlerMethod.invokeAndHandle(ServletInvocableHandlerMethod.java:118)
	at org.springframework.web.servlet.mvc.method.annotation.RequestMappingHandlerAdapter.invokeHandlerMethod(RequestMappingHandlerAdapter.java:986)
	at org.springframework.web.servlet.mvc.method.annotation.RequestMappingHandlerAdapter.handleInternal(RequestMappingHandlerAdapter.java:891)
	at org.springframework.web.servlet.mvc.method.AbstractHandlerMethodAdapter.handle(AbstractHandlerMethodAdapter.java:87)
	at org.springframework.web.servlet.DispatcherServlet.doDispatch(DispatcherServlet.java:1089)
	at org.springframework.web.servlet.DispatcherServlet.doService(DispatcherServlet.java:979)
	at org.springframework.web.servlet.FrameworkServlet.processRequest(FrameworkServlet.java:1014)
	at org.springframework.web.servlet.FrameworkServlet.doPost(FrameworkServlet.java:914)
	at jakarta.servlet.http.HttpServlet.service(HttpServlet.java:590)
	at org.springframework.web.servlet.FrameworkServlet.service(FrameworkServlet.java:885)
	at jakarta.servlet.http.HttpServlet.service(HttpServlet.java:658)
	at org.apache.catalina.core.ApplicationFilterChain.internalDoFilter(ApplicationFilterChain.java:195)
	at org.apache.catalina.core.ApplicationFilterChain.doFilter(ApplicationFilterChain.java:140)
	at org.apache.tomcat.websocket.server.WsFilter.doFilter(WsFilter.java:51)
	at org.apache.catalina.core.ApplicationFilterChain.internalDoFilter(ApplicationFilterChain.java:164)
	at org.apache.catalina.core.ApplicationFilterChain.doFilter(ApplicationFilterChain.java:140)
	at org.springframework.web.filter.RequestContextFilter.doFilterInternal(RequestContextFilter.java:100)
	at org.springframework.web.filter.OncePerRequestFilter.doFilter(OncePerRequestFilter.java:116)
	at org.apache.catalina.core.ApplicationFilterChain.internalDoFilter(ApplicationFilterChain.java:164)
	at org.apache.catalina.core.ApplicationFilterChain.doFilter(ApplicationFilterChain.java:140)
	at org.springframework.web.filter.FormContentFilter.doFilterInternal(FormContentFilter.java:93)
	at org.springframework.web.filter.OncePerRequestFilter.doFilter(OncePerRequestFilter.java:116)
	at org.apache.catalina.core.ApplicationFilterChain.internalDoFilter(ApplicationFilterChain.java:164)
	at org.apache.catalina.core.ApplicationFilterChain.doFilter(ApplicationFilterChain.java:140)
	at org.springframework.web.filter.ServerHttpObservationFilter.doFilterInternal(ServerHttpObservationFilter.java:114)
	at org.springframework.web.filter.OncePerRequestFilter.doFilter(OncePerRequestFilter.java:116)
	at org.apache.catalina.core.ApplicationFilterChain.internalDoFilter(ApplicationFilterChain.java:164)
	at org.apache.catalina.core.ApplicationFilterChain.doFilter(ApplicationFilterChain.java:140)
	at org.springframework.web.filter.CharacterEncodingFilter.doFilterInternal(CharacterEncodingFilter.java:201)
	at org.springframework.web.filter.OncePerRequestFilter.doFilter(OncePerRequestFilter.java:116)
	at org.apache.catalina.core.ApplicationFilterChain.internalDoFilter(ApplicationFilterChain.java:164)
	at org.apache.catalina.core.ApplicationFilterChain.doFilter(ApplicationFilterChain.java:140)
	at org.apache.catalina.core.StandardWrapperValve.invoke(StandardWrapperValve.java:167)
	at org.apache.catalina.core.StandardContextValve.invoke(StandardContextValve.java:90)
	at org.apache.catalina.authenticator.AuthenticatorBase.invoke(AuthenticatorBase.java:483)
	at org.apache.catalina.core.StandardHostValve.invoke(StandardHostValve.java:116)
	at org.apache.catalina.valves.ErrorReportValve.invoke(ErrorReportValve.java:93)
	at org.apache.catalina.core.StandardEngineValve.invoke(StandardEngineValve.java:74)
	at org.apache.catalina.connector.CoyoteAdapter.service(CoyoteAdapter.java:344)
	at org.apache.coyote.http11.Http11Processor.service(Http11Processor.java:398)
	at org.apache.coyote.AbstractProcessorLight.process(AbstractProcessorLight.java:63)
	at org.apache.coyote.AbstractProtocol$ConnectionHandler.process(AbstractProtocol.java:903)
	at org.apache.tomcat.util.net.NioEndpoint$SocketProcessor.doRun(NioEndpoint.java:1740)
	at org.apache.tomcat.util.net.SocketProcessorBase.run(SocketProcessorBase.java:52)
	at org.apache.tomcat.util.threads.ThreadPoolExecutor.runWorker(ThreadPoolExecutor.java:1189)
	at org.apache.tomcat.util.threads.ThreadPoolExecutor$Worker.run(ThreadPoolExecutor.java:658)
	at org.apache.tomcat.util.threads.TaskThread$WrappingRunnable.run(TaskThread.java:63)
	at java.base/java.lang.Thread.run(Thread.java:1575)
2025-04-30 13:30:16 [http-nio-8081-exec-2] ERROR o.a.c.c.C.[.[.[.[dispatcherServlet] - Servlet.service() for servlet [dispatcherServlet] in context with path [] threw exception [Request processing failed: java.lang.NullPointerException] with root cause
java.lang.NullPointerException: null
	at java.base/java.util.Objects.requireNonNull(Objects.java:220)
	at dev.langchain4j.service.memory.ChatMemoryService.getOrCreateChatMemory(ChatMemoryService.java:36)
	at dev.langchain4j.service.DefaultAiServices$1.invoke(DefaultAiServices.java:146)
	at jdk.proxy4/jdk.proxy4.$Proxy202.chat(Unknown Source)
	at be.fgov.bosa.chatbot.chatbot.services.ChatBotService.generateAIResponse(ChatBotService.java:208)
	at be.fgov.bosa.chatbot.chatbot.services.ChatBotService.chat(ChatBotService.java:63)
	at be.fgov.bosa.chatbot.chatbot.api.ChatController.chatWithAiBotV2(ChatController.java:31)
	at java.base/jdk.internal.reflect.DirectMethodHandleAccessor.invoke(DirectMethodHandleAccessor.java:103)
	at java.base/java.lang.reflect.Method.invoke(Method.java:580)
	at org.springframework.web.method.support.InvocableHandlerMethod.doInvoke(InvocableHandlerMethod.java:258)
	at org.springframework.web.method.support.InvocableHandlerMethod.invokeForRequest(InvocableHandlerMethod.java:191)
	at org.springframework.web.servlet.mvc.method.annotation.ServletInvocableHandlerMethod.invokeAndHandle(ServletInvocableHandlerMethod.java:118)
	at org.springframework.web.servlet.mvc.method.annotation.RequestMappingHandlerAdapter.invokeHandlerMethod(RequestMappingHandlerAdapter.java:986)
	at org.springframework.web.servlet.mvc.method.annotation.RequestMappingHandlerAdapter.handleInternal(RequestMappingHandlerAdapter.java:891)
	at org.springframework.web.servlet.mvc.method.AbstractHandlerMethodAdapter.handle(AbstractHandlerMethodAdapter.java:87)
	at org.springframework.web.servlet.DispatcherServlet.doDispatch(DispatcherServlet.java:1089)
	at org.springframework.web.servlet.DispatcherServlet.doService(DispatcherServlet.java:979)
	at org.springframework.web.servlet.FrameworkServlet.processRequest(FrameworkServlet.java:1014)
	at org.springframework.web.servlet.FrameworkServlet.doPost(FrameworkServlet.java:914)
	at jakarta.servlet.http.HttpServlet.service(HttpServlet.java:590)
	at org.springframework.web.servlet.FrameworkServlet.service(FrameworkServlet.java:885)
	at jakarta.servlet.http.HttpServlet.service(HttpServlet.java:658)
	at org.apache.catalina.core.ApplicationFilterChain.internalDoFilter(ApplicationFilterChain.java:195)
	at org.apache.catalina.core.ApplicationFilterChain.doFilter(ApplicationFilterChain.java:140)
	at org.apache.tomcat.websocket.server.WsFilter.doFilter(WsFilter.java:51)
	at org.apache.catalina.core.ApplicationFilterChain.internalDoFilter(ApplicationFilterChain.java:164)
	at org.apache.catalina.core.ApplicationFilterChain.doFilter(ApplicationFilterChain.java:140)
	at org.springframework.web.filter.RequestContextFilter.doFilterInternal(RequestContextFilter.java:100)
	at org.springframework.web.filter.OncePerRequestFilter.doFilter(OncePerRequestFilter.java:116)
	at org.apache.catalina.core.ApplicationFilterChain.internalDoFilter(ApplicationFilterChain.java:164)
	at org.apache.catalina.core.ApplicationFilterChain.doFilter(ApplicationFilterChain.java:140)
	at org.springframework.web.filter.FormContentFilter.doFilterInternal(FormContentFilter.java:93)
	at org.springframework.web.filter.OncePerRequestFilter.doFilter(OncePerRequestFilter.java:116)
	at org.apache.catalina.core.ApplicationFilterChain.internalDoFilter(ApplicationFilterChain.java:164)
	at org.apache.catalina.core.ApplicationFilterChain.doFilter(ApplicationFilterChain.java:140)
	at org.springframework.web.filter.ServerHttpObservationFilter.doFilterInternal(ServerHttpObservationFilter.java:114)
	at org.springframework.web.filter.OncePerRequestFilter.doFilter(OncePerRequestFilter.java:116)
	at org.apache.catalina.core.ApplicationFilterChain.internalDoFilter(ApplicationFilterChain.java:164)
	at org.apache.catalina.core.ApplicationFilterChain.doFilter(ApplicationFilterChain.java:140)
	at org.springframework.web.filter.CharacterEncodingFilter.doFilterInternal(CharacterEncodingFilter.java:201)
	at org.springframework.web.filter.OncePerRequestFilter.doFilter(OncePerRequestFilter.java:116)
	at org.apache.catalina.core.ApplicationFilterChain.internalDoFilter(ApplicationFilterChain.java:164)
	at org.apache.catalina.core.ApplicationFilterChain.doFilter(ApplicationFilterChain.java:140)
	at org.apache.catalina.core.StandardWrapperValve.invoke(StandardWrapperValve.java:167)
	at org.apache.catalina.core.StandardContextValve.invoke(StandardContextValve.java:90)
	at org.apache.catalina.authenticator.AuthenticatorBase.invoke(AuthenticatorBase.java:483)
	at org.apache.catalina.core.StandardHostValve.invoke(StandardHostValve.java:116)
	at org.apache.catalina.valves.ErrorReportValve.invoke(ErrorReportValve.java:93)
	at org.apache.catalina.core.StandardEngineValve.invoke(StandardEngineValve.java:74)
	at org.apache.catalina.connector.CoyoteAdapter.service(CoyoteAdapter.java:344)
	at org.apache.coyote.http11.Http11Processor.service(Http11Processor.java:398)
	at org.apache.coyote.AbstractProcessorLight.process(AbstractProcessorLight.java:63)
	at org.apache.coyote.AbstractProtocol$ConnectionHandler.process(AbstractProtocol.java:903)
	at org.apache.tomcat.util.net.NioEndpoint$SocketProcessor.doRun(NioEndpoint.java:1740)
	at org.apache.tomcat.util.net.SocketProcessorBase.run(SocketProcessorBase.java:52)
	at org.apache.tomcat.util.threads.ThreadPoolExecutor.runWorker(ThreadPoolExecutor.java:1189)
	at org.apache.tomcat.util.threads.ThreadPoolExecutor$Worker.run(ThreadPoolExecutor.java:658)
	at org.apache.tomcat.util.threads.TaskThread$WrappingRunnable.run(TaskThread.java:63)
	at java.base/java.lang.Thread.run(Thread.java:1575)
2025-04-30 13:31:07 [http-nio-8081-exec-4] INFO  b.f.b.c.chatbot.services.RageService - Processing document with metadata: e48751ca-c808-4348-b2cb-c5f235dc8303_knowledge-base.pdf
2025-04-30 13:31:07 [http-nio-8081-exec-4] ERROR b.f.b.c.chatbot.services.RageService - Failed to process document with metadata: The text " ..." (1 characters long) doesn't fit into the maximum segment size (300 characters), and there is no subSplitter defined to split it further.
2025-04-30 13:31:07 [http-nio-8081-exec-4] ERROR b.f.b.c.chatbot.services.RageService - Failed to save and process document: The text " ..." (1 characters long) doesn't fit into the maximum segment size (300 characters), and there is no subSplitter defined to split it further.
2025-04-30 13:33:13 [SpringApplicationShutdownHook] INFO  o.s.b.w.e.tomcat.GracefulShutdown - Commencing graceful shutdown. Waiting for active requests to complete
2025-04-30 13:33:13 [tomcat-shutdown] INFO  o.s.b.w.e.tomcat.GracefulShutdown - Graceful shutdown complete
2025-04-30 13:33:13 [SpringApplicationShutdownHook] INFO  o.s.o.j.LocalContainerEntityManagerFactoryBean - Closing JPA EntityManagerFactory for persistence unit 'default'
2025-04-30 13:33:13 [SpringApplicationShutdownHook] INFO  com.zaxxer.hikari.HikariDataSource - HikariPool-1 - Shutdown initiated...
2025-04-30 13:33:13 [SpringApplicationShutdownHook] INFO  com.zaxxer.hikari.HikariDataSource - HikariPool-1 - Shutdown completed.
2025-04-30 13:33:14 [restartedMain] INFO  b.f.b.c.chatbot.ChatbotApplication - Starting ChatbotApplication using Java 23.0.2 with PID 35122 (/Users/souhailaitsaid/dev/chatbot/target/classes started by souhailaitsaid in /Users/souhailaitsaid/dev/chatbot)
2025-04-30 13:33:14 [restartedMain] INFO  b.f.b.c.chatbot.ChatbotApplication - The following 1 profile is active: "dev"
2025-04-30 13:33:14 [restartedMain] INFO  o.s.b.d.e.DevToolsPropertyDefaultsPostProcessor - Devtools property defaults active! Set 'spring.devtools.add-properties' to 'false' to disable
2025-04-30 13:33:14 [restartedMain] INFO  o.s.b.d.e.DevToolsPropertyDefaultsPostProcessor - For additional web related logging consider setting the 'logging.level.web' property to 'DEBUG'
2025-04-30 13:33:15 [restartedMain] INFO  o.s.d.r.c.RepositoryConfigurationDelegate - Bootstrapping Spring Data JPA repositories in DEFAULT mode.
2025-04-30 13:33:15 [restartedMain] INFO  o.s.d.r.c.RepositoryConfigurationDelegate - Finished Spring Data repository scanning in 57 ms. Found 6 JPA repository interfaces.
2025-04-30 13:33:15 [restartedMain] INFO  o.s.b.w.e.tomcat.TomcatWebServer - Tomcat initialized with port 8081 (http)
2025-04-30 13:33:15 [restartedMain] INFO  o.a.catalina.core.StandardService - Starting service [Tomcat]
2025-04-30 13:33:15 [restartedMain] INFO  o.a.catalina.core.StandardEngine - Starting Servlet engine: [Apache Tomcat/10.1.40]
2025-04-30 13:33:15 [restartedMain] INFO  o.a.c.c.C.[Tomcat].[localhost].[/] - Initializing Spring embedded WebApplicationContext
2025-04-30 13:33:15 [restartedMain] INFO  o.s.b.w.s.c.ServletWebServerApplicationContext - Root WebApplicationContext: initialization completed in 945 ms
2025-04-30 13:33:16 [restartedMain] INFO  o.h.jpa.internal.util.LogHelper - HHH000204: Processing PersistenceUnitInfo [name: default]
2025-04-30 13:33:16 [restartedMain] INFO  org.hibernate.Version - HHH000412: Hibernate ORM core version 6.6.13.Final
2025-04-30 13:33:16 [restartedMain] INFO  o.h.c.i.RegionFactoryInitiator - HHH000026: Second-level cache disabled
2025-04-30 13:33:16 [restartedMain] INFO  o.s.o.j.p.SpringPersistenceUnitInfo - No LoadTimeWeaver setup: ignoring JPA class transformer
2025-04-30 13:33:16 [restartedMain] INFO  com.zaxxer.hikari.HikariDataSource - HikariPool-1 - Starting...
2025-04-30 13:33:16 [restartedMain] INFO  com.zaxxer.hikari.pool.HikariPool - HikariPool-1 - Added connection org.postgresql.jdbc.PgConnection@38fa7772
2025-04-30 13:33:16 [restartedMain] INFO  com.zaxxer.hikari.HikariDataSource - HikariPool-1 - Start completed.
2025-04-30 13:33:16 [restartedMain] INFO  o.hibernate.orm.connections.pooling - HHH10001005: Database info:
	Database JDBC URL [Connecting through datasource 'HikariDataSource (HikariPool-1)']
	Database driver: undefined/unknown
	Database version: 17.4
	Autocommit mode: undefined/unknown
	Isolation level: undefined/unknown
	Minimum pool size: undefined/unknown
	Maximum pool size: undefined/unknown
2025-04-30 13:33:16 [restartedMain] INFO  o.h.e.t.j.p.i.JtaPlatformInitiator - HHH000489: No JTA platform available (set 'hibernate.transaction.jta.platform' to enable JTA platform integration)
2025-04-30 13:33:16 [restartedMain] INFO  o.s.o.j.LocalContainerEntityManagerFactoryBean - Initialized JPA EntityManagerFactory for persistence unit 'default'
2025-04-30 13:33:16 [restartedMain] INFO  b.f.b.c.c.i.PgVectorExtensionInitializer - =======> Executing query: CREATE EXTENSION IF NOT EXISTS vector <=========
2025-04-30 13:33:16 [restartedMain] INFO  b.f.b.c.c.i.PgVectorExtensionInitializer - =======> Successfully created pgvector extension <=========
2025-04-30 13:33:17 [restartedMain] WARN  o.s.b.a.o.j.JpaBaseConfiguration$JpaWebConfiguration - spring.jpa.open-in-view is enabled by default. Therefore, database queries may be performed during view rendering. Explicitly configure spring.jpa.open-in-view to disable this warning
2025-04-30 13:33:17 [restartedMain] INFO  o.s.v.b.OptionalValidatorFactoryBean - Failed to set up a Bean Validation provider: jakarta.validation.NoProviderFoundException: Unable to create a Configuration, because no Jakarta Bean Validation provider could be found. Add a provider like Hibernate Validator (RI) to your classpath.
2025-04-30 13:33:17 [restartedMain] INFO  o.s.b.d.a.OptionalLiveReloadServer - LiveReload server is running on port 35729
2025-04-30 13:33:17 [restartedMain] INFO  o.s.b.a.e.web.EndpointLinksResolver - Exposing 3 endpoints beneath base path '/actuator'
2025-04-30 13:33:17 [restartedMain] INFO  o.s.b.w.e.tomcat.TomcatWebServer - Tomcat started on port 8081 (http) with context path '/'
2025-04-30 13:33:17 [restartedMain] INFO  b.f.b.c.chatbot.ChatbotApplication - Started ChatbotApplication in 2.941 seconds (process running for 3.277)
2025-04-30 13:33:17 [restartedMain] INFO  b.f.b.c.c.i.PgVectorIndexInitializer - =======> onApplicationEvent PgVectorIndexInitializer executing .... <=========
2025-04-30 13:33:17 [restartedMain] INFO  b.f.b.c.c.i.PgVectorIndexInitializer - =======> onApplicationEvent checkIfIndexExists true} <=========
2025-04-30 13:33:17 [restartedMain] INFO  b.f.b.c.c.i.PgVectorIndexInitializer - =======> !! HNSW index already exists for embeddings column <=========
2025-04-30 13:33:18 [RMI TCP Connection(3)-192.168.1.2] INFO  o.a.c.c.C.[Tomcat].[localhost].[/] - Initializing Spring DispatcherServlet 'dispatcherServlet'
2025-04-30 13:33:18 [RMI TCP Connection(3)-192.168.1.2] INFO  o.s.web.servlet.DispatcherServlet - Initializing Servlet 'dispatcherServlet'
2025-04-30 13:33:18 [RMI TCP Connection(3)-192.168.1.2] INFO  o.s.web.servlet.DispatcherServlet - Completed initialization in 1 ms
2025-04-30 13:33:19 [http-nio-8081-exec-1] INFO  b.f.b.c.chatbot.api.ChatController - info request - > You: what is The results of the top 3 performing models
2025-04-30 13:33:19 [http-nio-8081-exec-1] ERROR b.f.b.c.c.services.ChatBotService - Error processing chat request
java.lang.NullPointerException: null
	at java.base/java.util.Objects.requireNonNull(Objects.java:220)
	at dev.langchain4j.service.memory.ChatMemoryService.getOrCreateChatMemory(ChatMemoryService.java:36)
	at dev.langchain4j.service.DefaultAiServices$1.invoke(DefaultAiServices.java:146)
	at jdk.proxy4/jdk.proxy4.$Proxy202.chat(Unknown Source)
	at be.fgov.bosa.chatbot.chatbot.services.ChatBotService.generateAIResponse(ChatBotService.java:210)
	at be.fgov.bosa.chatbot.chatbot.services.ChatBotService.chat(ChatBotService.java:63)
	at be.fgov.bosa.chatbot.chatbot.api.ChatController.chatWithAiBotV2(ChatController.java:31)
	at java.base/jdk.internal.reflect.DirectMethodHandleAccessor.invoke(DirectMethodHandleAccessor.java:103)
	at java.base/java.lang.reflect.Method.invoke(Method.java:580)
	at org.springframework.web.method.support.InvocableHandlerMethod.doInvoke(InvocableHandlerMethod.java:258)
	at org.springframework.web.method.support.InvocableHandlerMethod.invokeForRequest(InvocableHandlerMethod.java:191)
	at org.springframework.web.servlet.mvc.method.annotation.ServletInvocableHandlerMethod.invokeAndHandle(ServletInvocableHandlerMethod.java:118)
	at org.springframework.web.servlet.mvc.method.annotation.RequestMappingHandlerAdapter.invokeHandlerMethod(RequestMappingHandlerAdapter.java:986)
	at org.springframework.web.servlet.mvc.method.annotation.RequestMappingHandlerAdapter.handleInternal(RequestMappingHandlerAdapter.java:891)
	at org.springframework.web.servlet.mvc.method.AbstractHandlerMethodAdapter.handle(AbstractHandlerMethodAdapter.java:87)
	at org.springframework.web.servlet.DispatcherServlet.doDispatch(DispatcherServlet.java:1089)
	at org.springframework.web.servlet.DispatcherServlet.doService(DispatcherServlet.java:979)
	at org.springframework.web.servlet.FrameworkServlet.processRequest(FrameworkServlet.java:1014)
	at org.springframework.web.servlet.FrameworkServlet.doPost(FrameworkServlet.java:914)
	at jakarta.servlet.http.HttpServlet.service(HttpServlet.java:590)
	at org.springframework.web.servlet.FrameworkServlet.service(FrameworkServlet.java:885)
	at jakarta.servlet.http.HttpServlet.service(HttpServlet.java:658)
	at org.apache.catalina.core.ApplicationFilterChain.internalDoFilter(ApplicationFilterChain.java:195)
	at org.apache.catalina.core.ApplicationFilterChain.doFilter(ApplicationFilterChain.java:140)
	at org.apache.tomcat.websocket.server.WsFilter.doFilter(WsFilter.java:51)
	at org.apache.catalina.core.ApplicationFilterChain.internalDoFilter(ApplicationFilterChain.java:164)
	at org.apache.catalina.core.ApplicationFilterChain.doFilter(ApplicationFilterChain.java:140)
	at org.springframework.web.filter.RequestContextFilter.doFilterInternal(RequestContextFilter.java:100)
	at org.springframework.web.filter.OncePerRequestFilter.doFilter(OncePerRequestFilter.java:116)
	at org.apache.catalina.core.ApplicationFilterChain.internalDoFilter(ApplicationFilterChain.java:164)
	at org.apache.catalina.core.ApplicationFilterChain.doFilter(ApplicationFilterChain.java:140)
	at org.springframework.web.filter.FormContentFilter.doFilterInternal(FormContentFilter.java:93)
	at org.springframework.web.filter.OncePerRequestFilter.doFilter(OncePerRequestFilter.java:116)
	at org.apache.catalina.core.ApplicationFilterChain.internalDoFilter(ApplicationFilterChain.java:164)
	at org.apache.catalina.core.ApplicationFilterChain.doFilter(ApplicationFilterChain.java:140)
	at org.springframework.web.filter.ServerHttpObservationFilter.doFilterInternal(ServerHttpObservationFilter.java:114)
	at org.springframework.web.filter.OncePerRequestFilter.doFilter(OncePerRequestFilter.java:116)
	at org.apache.catalina.core.ApplicationFilterChain.internalDoFilter(ApplicationFilterChain.java:164)
	at org.apache.catalina.core.ApplicationFilterChain.doFilter(ApplicationFilterChain.java:140)
	at org.springframework.web.filter.CharacterEncodingFilter.doFilterInternal(CharacterEncodingFilter.java:201)
	at org.springframework.web.filter.OncePerRequestFilter.doFilter(OncePerRequestFilter.java:116)
	at org.apache.catalina.core.ApplicationFilterChain.internalDoFilter(ApplicationFilterChain.java:164)
	at org.apache.catalina.core.ApplicationFilterChain.doFilter(ApplicationFilterChain.java:140)
	at org.apache.catalina.core.StandardWrapperValve.invoke(StandardWrapperValve.java:167)
	at org.apache.catalina.core.StandardContextValve.invoke(StandardContextValve.java:90)
	at org.apache.catalina.authenticator.AuthenticatorBase.invoke(AuthenticatorBase.java:483)
	at org.apache.catalina.core.StandardHostValve.invoke(StandardHostValve.java:116)
	at org.apache.catalina.valves.ErrorReportValve.invoke(ErrorReportValve.java:93)
	at org.apache.catalina.core.StandardEngineValve.invoke(StandardEngineValve.java:74)
	at org.apache.catalina.connector.CoyoteAdapter.service(CoyoteAdapter.java:344)
	at org.apache.coyote.http11.Http11Processor.service(Http11Processor.java:398)
	at org.apache.coyote.AbstractProcessorLight.process(AbstractProcessorLight.java:63)
	at org.apache.coyote.AbstractProtocol$ConnectionHandler.process(AbstractProtocol.java:903)
	at org.apache.tomcat.util.net.NioEndpoint$SocketProcessor.doRun(NioEndpoint.java:1740)
	at org.apache.tomcat.util.net.SocketProcessorBase.run(SocketProcessorBase.java:52)
	at org.apache.tomcat.util.threads.ThreadPoolExecutor.runWorker(ThreadPoolExecutor.java:1189)
	at org.apache.tomcat.util.threads.ThreadPoolExecutor$Worker.run(ThreadPoolExecutor.java:658)
	at org.apache.tomcat.util.threads.TaskThread$WrappingRunnable.run(TaskThread.java:63)
	at java.base/java.lang.Thread.run(Thread.java:1575)
2025-04-30 13:33:19 [http-nio-8081-exec-1] ERROR o.a.c.c.C.[.[.[.[dispatcherServlet] - Servlet.service() for servlet [dispatcherServlet] in context with path [] threw exception [Request processing failed: java.lang.NullPointerException] with root cause
java.lang.NullPointerException: null
	at java.base/java.util.Objects.requireNonNull(Objects.java:220)
	at dev.langchain4j.service.memory.ChatMemoryService.getOrCreateChatMemory(ChatMemoryService.java:36)
	at dev.langchain4j.service.DefaultAiServices$1.invoke(DefaultAiServices.java:146)
	at jdk.proxy4/jdk.proxy4.$Proxy202.chat(Unknown Source)
	at be.fgov.bosa.chatbot.chatbot.services.ChatBotService.generateAIResponse(ChatBotService.java:210)
	at be.fgov.bosa.chatbot.chatbot.services.ChatBotService.chat(ChatBotService.java:63)
	at be.fgov.bosa.chatbot.chatbot.api.ChatController.chatWithAiBotV2(ChatController.java:31)
	at java.base/jdk.internal.reflect.DirectMethodHandleAccessor.invoke(DirectMethodHandleAccessor.java:103)
	at java.base/java.lang.reflect.Method.invoke(Method.java:580)
	at org.springframework.web.method.support.InvocableHandlerMethod.doInvoke(InvocableHandlerMethod.java:258)
	at org.springframework.web.method.support.InvocableHandlerMethod.invokeForRequest(InvocableHandlerMethod.java:191)
	at org.springframework.web.servlet.mvc.method.annotation.ServletInvocableHandlerMethod.invokeAndHandle(ServletInvocableHandlerMethod.java:118)
	at org.springframework.web.servlet.mvc.method.annotation.RequestMappingHandlerAdapter.invokeHandlerMethod(RequestMappingHandlerAdapter.java:986)
	at org.springframework.web.servlet.mvc.method.annotation.RequestMappingHandlerAdapter.handleInternal(RequestMappingHandlerAdapter.java:891)
	at org.springframework.web.servlet.mvc.method.AbstractHandlerMethodAdapter.handle(AbstractHandlerMethodAdapter.java:87)
	at org.springframework.web.servlet.DispatcherServlet.doDispatch(DispatcherServlet.java:1089)
	at org.springframework.web.servlet.DispatcherServlet.doService(DispatcherServlet.java:979)
	at org.springframework.web.servlet.FrameworkServlet.processRequest(FrameworkServlet.java:1014)
	at org.springframework.web.servlet.FrameworkServlet.doPost(FrameworkServlet.java:914)
	at jakarta.servlet.http.HttpServlet.service(HttpServlet.java:590)
	at org.springframework.web.servlet.FrameworkServlet.service(FrameworkServlet.java:885)
	at jakarta.servlet.http.HttpServlet.service(HttpServlet.java:658)
	at org.apache.catalina.core.ApplicationFilterChain.internalDoFilter(ApplicationFilterChain.java:195)
	at org.apache.catalina.core.ApplicationFilterChain.doFilter(ApplicationFilterChain.java:140)
	at org.apache.tomcat.websocket.server.WsFilter.doFilter(WsFilter.java:51)
	at org.apache.catalina.core.ApplicationFilterChain.internalDoFilter(ApplicationFilterChain.java:164)
	at org.apache.catalina.core.ApplicationFilterChain.doFilter(ApplicationFilterChain.java:140)
	at org.springframework.web.filter.RequestContextFilter.doFilterInternal(RequestContextFilter.java:100)
	at org.springframework.web.filter.OncePerRequestFilter.doFilter(OncePerRequestFilter.java:116)
	at org.apache.catalina.core.ApplicationFilterChain.internalDoFilter(ApplicationFilterChain.java:164)
	at org.apache.catalina.core.ApplicationFilterChain.doFilter(ApplicationFilterChain.java:140)
	at org.springframework.web.filter.FormContentFilter.doFilterInternal(FormContentFilter.java:93)
	at org.springframework.web.filter.OncePerRequestFilter.doFilter(OncePerRequestFilter.java:116)
	at org.apache.catalina.core.ApplicationFilterChain.internalDoFilter(ApplicationFilterChain.java:164)
	at org.apache.catalina.core.ApplicationFilterChain.doFilter(ApplicationFilterChain.java:140)
	at org.springframework.web.filter.ServerHttpObservationFilter.doFilterInternal(ServerHttpObservationFilter.java:114)
	at org.springframework.web.filter.OncePerRequestFilter.doFilter(OncePerRequestFilter.java:116)
	at org.apache.catalina.core.ApplicationFilterChain.internalDoFilter(ApplicationFilterChain.java:164)
	at org.apache.catalina.core.ApplicationFilterChain.doFilter(ApplicationFilterChain.java:140)
	at org.springframework.web.filter.CharacterEncodingFilter.doFilterInternal(CharacterEncodingFilter.java:201)
	at org.springframework.web.filter.OncePerRequestFilter.doFilter(OncePerRequestFilter.java:116)
	at org.apache.catalina.core.ApplicationFilterChain.internalDoFilter(ApplicationFilterChain.java:164)
	at org.apache.catalina.core.ApplicationFilterChain.doFilter(ApplicationFilterChain.java:140)
	at org.apache.catalina.core.StandardWrapperValve.invoke(StandardWrapperValve.java:167)
	at org.apache.catalina.core.StandardContextValve.invoke(StandardContextValve.java:90)
	at org.apache.catalina.authenticator.AuthenticatorBase.invoke(AuthenticatorBase.java:483)
	at org.apache.catalina.core.StandardHostValve.invoke(StandardHostValve.java:116)
	at org.apache.catalina.valves.ErrorReportValve.invoke(ErrorReportValve.java:93)
	at org.apache.catalina.core.StandardEngineValve.invoke(StandardEngineValve.java:74)
	at org.apache.catalina.connector.CoyoteAdapter.service(CoyoteAdapter.java:344)
	at org.apache.coyote.http11.Http11Processor.service(Http11Processor.java:398)
	at org.apache.coyote.AbstractProcessorLight.process(AbstractProcessorLight.java:63)
	at org.apache.coyote.AbstractProtocol$ConnectionHandler.process(AbstractProtocol.java:903)
	at org.apache.tomcat.util.net.NioEndpoint$SocketProcessor.doRun(NioEndpoint.java:1740)
	at org.apache.tomcat.util.net.SocketProcessorBase.run(SocketProcessorBase.java:52)
	at org.apache.tomcat.util.threads.ThreadPoolExecutor.runWorker(ThreadPoolExecutor.java:1189)
	at org.apache.tomcat.util.threads.ThreadPoolExecutor$Worker.run(ThreadPoolExecutor.java:658)
	at org.apache.tomcat.util.threads.TaskThread$WrappingRunnable.run(TaskThread.java:63)
	at java.base/java.lang.Thread.run(Thread.java:1575)
2025-04-30 13:36:04 [SpringApplicationShutdownHook] INFO  o.s.b.w.e.tomcat.GracefulShutdown - Commencing graceful shutdown. Waiting for active requests to complete
2025-04-30 13:36:04 [tomcat-shutdown] INFO  o.s.b.w.e.tomcat.GracefulShutdown - Graceful shutdown complete
2025-04-30 13:36:04 [SpringApplicationShutdownHook] INFO  o.s.o.j.LocalContainerEntityManagerFactoryBean - Closing JPA EntityManagerFactory for persistence unit 'default'
2025-04-30 13:36:04 [SpringApplicationShutdownHook] INFO  com.zaxxer.hikari.HikariDataSource - HikariPool-1 - Shutdown initiated...
2025-04-30 13:36:04 [SpringApplicationShutdownHook] INFO  com.zaxxer.hikari.HikariDataSource - HikariPool-1 - Shutdown completed.
2025-04-30 13:36:06 [restartedMain] INFO  b.f.b.c.chatbot.ChatbotApplication - Starting ChatbotApplication using Java 23.0.2 with PID 35197 (/Users/souhailaitsaid/dev/chatbot/target/classes started by souhailaitsaid in /Users/souhailaitsaid/dev/chatbot)
2025-04-30 13:36:06 [restartedMain] INFO  b.f.b.c.chatbot.ChatbotApplication - The following 1 profile is active: "dev"
2025-04-30 13:36:06 [restartedMain] INFO  o.s.b.d.e.DevToolsPropertyDefaultsPostProcessor - Devtools property defaults active! Set 'spring.devtools.add-properties' to 'false' to disable
2025-04-30 13:36:06 [restartedMain] INFO  o.s.b.d.e.DevToolsPropertyDefaultsPostProcessor - For additional web related logging consider setting the 'logging.level.web' property to 'DEBUG'
2025-04-30 13:36:07 [restartedMain] INFO  o.s.d.r.c.RepositoryConfigurationDelegate - Bootstrapping Spring Data JPA repositories in DEFAULT mode.
2025-04-30 13:36:07 [restartedMain] INFO  o.s.d.r.c.RepositoryConfigurationDelegate - Finished Spring Data repository scanning in 56 ms. Found 6 JPA repository interfaces.
2025-04-30 13:36:07 [restartedMain] INFO  o.s.b.w.e.tomcat.TomcatWebServer - Tomcat initialized with port 8081 (http)
2025-04-30 13:36:07 [restartedMain] INFO  o.a.catalina.core.StandardService - Starting service [Tomcat]
2025-04-30 13:36:07 [restartedMain] INFO  o.a.catalina.core.StandardEngine - Starting Servlet engine: [Apache Tomcat/10.1.40]
2025-04-30 13:36:07 [restartedMain] INFO  o.a.c.c.C.[Tomcat].[localhost].[/] - Initializing Spring embedded WebApplicationContext
2025-04-30 13:36:07 [restartedMain] INFO  o.s.b.w.s.c.ServletWebServerApplicationContext - Root WebApplicationContext: initialization completed in 880 ms
2025-04-30 13:36:07 [restartedMain] INFO  o.h.jpa.internal.util.LogHelper - HHH000204: Processing PersistenceUnitInfo [name: default]
2025-04-30 13:36:07 [restartedMain] INFO  org.hibernate.Version - HHH000412: Hibernate ORM core version 6.6.13.Final
2025-04-30 13:36:07 [restartedMain] INFO  o.h.c.i.RegionFactoryInitiator - HHH000026: Second-level cache disabled
2025-04-30 13:36:07 [restartedMain] INFO  o.s.o.j.p.SpringPersistenceUnitInfo - No LoadTimeWeaver setup: ignoring JPA class transformer
2025-04-30 13:36:07 [restartedMain] INFO  com.zaxxer.hikari.HikariDataSource - HikariPool-1 - Starting...
2025-04-30 13:36:07 [restartedMain] INFO  com.zaxxer.hikari.pool.HikariPool - HikariPool-1 - Added connection org.postgresql.jdbc.PgConnection@38d3c708
2025-04-30 13:36:07 [restartedMain] INFO  com.zaxxer.hikari.HikariDataSource - HikariPool-1 - Start completed.
2025-04-30 13:36:07 [restartedMain] INFO  o.hibernate.orm.connections.pooling - HHH10001005: Database info:
	Database JDBC URL [Connecting through datasource 'HikariDataSource (HikariPool-1)']
	Database driver: undefined/unknown
	Database version: 17.4
	Autocommit mode: undefined/unknown
	Isolation level: undefined/unknown
	Minimum pool size: undefined/unknown
	Maximum pool size: undefined/unknown
2025-04-30 13:36:08 [restartedMain] INFO  o.h.e.t.j.p.i.JtaPlatformInitiator - HHH000489: No JTA platform available (set 'hibernate.transaction.jta.platform' to enable JTA platform integration)
2025-04-30 13:36:08 [restartedMain] INFO  o.s.o.j.LocalContainerEntityManagerFactoryBean - Initialized JPA EntityManagerFactory for persistence unit 'default'
2025-04-30 13:36:08 [restartedMain] INFO  b.f.b.c.c.i.PgVectorExtensionInitializer - =======> Executing query: CREATE EXTENSION IF NOT EXISTS vector <=========
2025-04-30 13:36:08 [restartedMain] INFO  b.f.b.c.c.i.PgVectorExtensionInitializer - =======> Successfully created pgvector extension <=========
2025-04-30 13:36:08 [restartedMain] WARN  o.s.b.a.o.j.JpaBaseConfiguration$JpaWebConfiguration - spring.jpa.open-in-view is enabled by default. Therefore, database queries may be performed during view rendering. Explicitly configure spring.jpa.open-in-view to disable this warning
2025-04-30 13:36:08 [restartedMain] INFO  o.s.v.b.OptionalValidatorFactoryBean - Failed to set up a Bean Validation provider: jakarta.validation.NoProviderFoundException: Unable to create a Configuration, because no Jakarta Bean Validation provider could be found. Add a provider like Hibernate Validator (RI) to your classpath.
2025-04-30 13:36:09 [restartedMain] INFO  o.s.b.d.a.OptionalLiveReloadServer - LiveReload server is running on port 35729
2025-04-30 13:36:09 [restartedMain] INFO  o.s.b.a.e.web.EndpointLinksResolver - Exposing 3 endpoints beneath base path '/actuator'
2025-04-30 13:36:09 [restartedMain] INFO  o.s.b.w.e.tomcat.TomcatWebServer - Tomcat started on port 8081 (http) with context path '/'
2025-04-30 13:36:09 [restartedMain] INFO  b.f.b.c.chatbot.ChatbotApplication - Started ChatbotApplication in 2.874 seconds (process running for 3.234)
2025-04-30 13:36:09 [restartedMain] INFO  b.f.b.c.c.i.PgVectorIndexInitializer - =======> onApplicationEvent PgVectorIndexInitializer executing .... <=========
2025-04-30 13:36:09 [restartedMain] INFO  b.f.b.c.c.i.PgVectorIndexInitializer - =======> onApplicationEvent checkIfIndexExists true} <=========
2025-04-30 13:36:09 [restartedMain] INFO  b.f.b.c.c.i.PgVectorIndexInitializer - =======> !! HNSW index already exists for embeddings column <=========
2025-04-30 13:36:09 [RMI TCP Connection(1)-192.168.1.2] INFO  o.a.c.c.C.[Tomcat].[localhost].[/] - Initializing Spring DispatcherServlet 'dispatcherServlet'
2025-04-30 13:36:09 [RMI TCP Connection(1)-192.168.1.2] INFO  o.s.web.servlet.DispatcherServlet - Initializing Servlet 'dispatcherServlet'
2025-04-30 13:36:09 [RMI TCP Connection(1)-192.168.1.2] INFO  o.s.web.servlet.DispatcherServlet - Completed initialization in 1 ms
2025-04-30 13:36:13 [http-nio-8081-exec-1] INFO  b.f.b.c.chatbot.api.ChatController - info request - > You: what is The results of the top 3 performing models
2025-04-30 13:36:19 [http-nio-8081-exec-1] WARN  b.f.b.c.c.services.ChatBotService - Response failed verification (score: 6.0). Ungrounded claims: 
2025-04-30 13:36:19 [http-nio-8081-exec-1] ERROR b.f.b.c.c.services.ChatBotService - Error regenerating response after verification failure
dev.langchain4j.service.IllegalConfigurationException: In order to use @MemoryId, please configure the ChatMemoryProvider on the 'be.fgov.bosa.chatbot.chatbot.services.MinistryAssistant'.
	at dev.langchain4j.service.IllegalConfigurationException.illegalConfiguration(IllegalConfigurationException.java:16)
	at dev.langchain4j.service.DefaultAiServices.build(DefaultAiServices.java:110)
	at be.fgov.bosa.chatbot.chatbot.services.ChatBotService.verifyAndCorrectResponse(ChatBotService.java:251)
	at be.fgov.bosa.chatbot.chatbot.services.ChatBotService.chat(ChatBotService.java:70)
	at be.fgov.bosa.chatbot.chatbot.api.ChatController.chatWithAiBotV2(ChatController.java:31)
	at java.base/jdk.internal.reflect.DirectMethodHandleAccessor.invoke(DirectMethodHandleAccessor.java:103)
	at java.base/java.lang.reflect.Method.invoke(Method.java:580)
	at org.springframework.web.method.support.InvocableHandlerMethod.doInvoke(InvocableHandlerMethod.java:258)
	at org.springframework.web.method.support.InvocableHandlerMethod.invokeForRequest(InvocableHandlerMethod.java:191)
	at org.springframework.web.servlet.mvc.method.annotation.ServletInvocableHandlerMethod.invokeAndHandle(ServletInvocableHandlerMethod.java:118)
	at org.springframework.web.servlet.mvc.method.annotation.RequestMappingHandlerAdapter.invokeHandlerMethod(RequestMappingHandlerAdapter.java:986)
	at org.springframework.web.servlet.mvc.method.annotation.RequestMappingHandlerAdapter.handleInternal(RequestMappingHandlerAdapter.java:891)
	at org.springframework.web.servlet.mvc.method.AbstractHandlerMethodAdapter.handle(AbstractHandlerMethodAdapter.java:87)
	at org.springframework.web.servlet.DispatcherServlet.doDispatch(DispatcherServlet.java:1089)
	at org.springframework.web.servlet.DispatcherServlet.doService(DispatcherServlet.java:979)
	at org.springframework.web.servlet.FrameworkServlet.processRequest(FrameworkServlet.java:1014)
	at org.springframework.web.servlet.FrameworkServlet.doPost(FrameworkServlet.java:914)
	at jakarta.servlet.http.HttpServlet.service(HttpServlet.java:590)
	at org.springframework.web.servlet.FrameworkServlet.service(FrameworkServlet.java:885)
	at jakarta.servlet.http.HttpServlet.service(HttpServlet.java:658)
	at org.apache.catalina.core.ApplicationFilterChain.internalDoFilter(ApplicationFilterChain.java:195)
	at org.apache.catalina.core.ApplicationFilterChain.doFilter(ApplicationFilterChain.java:140)
	at org.apache.tomcat.websocket.server.WsFilter.doFilter(WsFilter.java:51)
	at org.apache.catalina.core.ApplicationFilterChain.internalDoFilter(ApplicationFilterChain.java:164)
	at org.apache.catalina.core.ApplicationFilterChain.doFilter(ApplicationFilterChain.java:140)
	at org.springframework.web.filter.RequestContextFilter.doFilterInternal(RequestContextFilter.java:100)
	at org.springframework.web.filter.OncePerRequestFilter.doFilter(OncePerRequestFilter.java:116)
	at org.apache.catalina.core.ApplicationFilterChain.internalDoFilter(ApplicationFilterChain.java:164)
	at org.apache.catalina.core.ApplicationFilterChain.doFilter(ApplicationFilterChain.java:140)
	at org.springframework.web.filter.FormContentFilter.doFilterInternal(FormContentFilter.java:93)
	at org.springframework.web.filter.OncePerRequestFilter.doFilter(OncePerRequestFilter.java:116)
	at org.apache.catalina.core.ApplicationFilterChain.internalDoFilter(ApplicationFilterChain.java:164)
	at org.apache.catalina.core.ApplicationFilterChain.doFilter(ApplicationFilterChain.java:140)
	at org.springframework.web.filter.ServerHttpObservationFilter.doFilterInternal(ServerHttpObservationFilter.java:114)
	at org.springframework.web.filter.OncePerRequestFilter.doFilter(OncePerRequestFilter.java:116)
	at org.apache.catalina.core.ApplicationFilterChain.internalDoFilter(ApplicationFilterChain.java:164)
	at org.apache.catalina.core.ApplicationFilterChain.doFilter(ApplicationFilterChain.java:140)
	at org.springframework.web.filter.CharacterEncodingFilter.doFilterInternal(CharacterEncodingFilter.java:201)
	at org.springframework.web.filter.OncePerRequestFilter.doFilter(OncePerRequestFilter.java:116)
	at org.apache.catalina.core.ApplicationFilterChain.internalDoFilter(ApplicationFilterChain.java:164)
	at org.apache.catalina.core.ApplicationFilterChain.doFilter(ApplicationFilterChain.java:140)
	at org.apache.catalina.core.StandardWrapperValve.invoke(StandardWrapperValve.java:167)
	at org.apache.catalina.core.StandardContextValve.invoke(StandardContextValve.java:90)
	at org.apache.catalina.authenticator.AuthenticatorBase.invoke(AuthenticatorBase.java:483)
	at org.apache.catalina.core.StandardHostValve.invoke(StandardHostValve.java:116)
	at org.apache.catalina.valves.ErrorReportValve.invoke(ErrorReportValve.java:93)
	at org.apache.catalina.core.StandardEngineValve.invoke(StandardEngineValve.java:74)
	at org.apache.catalina.connector.CoyoteAdapter.service(CoyoteAdapter.java:344)
	at org.apache.coyote.http11.Http11Processor.service(Http11Processor.java:398)
	at org.apache.coyote.AbstractProcessorLight.process(AbstractProcessorLight.java:63)
	at org.apache.coyote.AbstractProtocol$ConnectionHandler.process(AbstractProtocol.java:903)
	at org.apache.tomcat.util.net.NioEndpoint$SocketProcessor.doRun(NioEndpoint.java:1740)
	at org.apache.tomcat.util.net.SocketProcessorBase.run(SocketProcessorBase.java:52)
	at org.apache.tomcat.util.threads.ThreadPoolExecutor.runWorker(ThreadPoolExecutor.java:1189)
	at org.apache.tomcat.util.threads.ThreadPoolExecutor$Worker.run(ThreadPoolExecutor.java:658)
	at org.apache.tomcat.util.threads.TaskThread$WrappingRunnable.run(TaskThread.java:63)
	at java.base/java.lang.Thread.run(Thread.java:1575)
2025-04-30 13:36:19 [http-nio-8081-exec-1] INFO  b.f.b.c.c.services.ChatBotService - Interaction - SessionID: ca011112-d687-428a-b954-135bcf3ce348, Question: what is The results of the top 3 performing models, Answer length: 454, Response confidence: 0.4725, Retrieval confidence: 0.95
2025-04-30 13:36:19 [http-nio-8081-exec-1] INFO  b.f.b.c.chatbot.api.ChatController - info response <-- bot: I don't have enough information to accurately answer what the top 3 performing models are. The knowledge base only mentions that the results of the top 3 performing models are presented in Fig. 5, but it does not provide further details about the specific models or their performance.

Please note: Some parts of this response may not be directly supported by our ministry's knowledge base. For verified information, please contact the ministry directly.
2025-04-30 13:37:27 [SpringApplicationShutdownHook] INFO  o.s.b.w.e.tomcat.GracefulShutdown - Commencing graceful shutdown. Waiting for active requests to complete
2025-04-30 13:37:27 [tomcat-shutdown] INFO  o.s.b.w.e.tomcat.GracefulShutdown - Graceful shutdown complete
2025-04-30 13:37:27 [SpringApplicationShutdownHook] INFO  o.s.o.j.LocalContainerEntityManagerFactoryBean - Closing JPA EntityManagerFactory for persistence unit 'default'
2025-04-30 13:37:27 [SpringApplicationShutdownHook] INFO  com.zaxxer.hikari.HikariDataSource - HikariPool-1 - Shutdown initiated...
2025-04-30 13:37:27 [SpringApplicationShutdownHook] INFO  com.zaxxer.hikari.HikariDataSource - HikariPool-1 - Shutdown completed.
2025-04-30 13:37:29 [restartedMain] INFO  b.f.b.c.chatbot.ChatbotApplication - Starting ChatbotApplication using Java 23.0.2 with PID 35248 (/Users/souhailaitsaid/dev/chatbot/target/classes started by souhailaitsaid in /Users/souhailaitsaid/dev/chatbot)
2025-04-30 13:37:29 [restartedMain] INFO  b.f.b.c.chatbot.ChatbotApplication - The following 1 profile is active: "dev"
2025-04-30 13:37:29 [restartedMain] INFO  o.s.b.d.e.DevToolsPropertyDefaultsPostProcessor - Devtools property defaults active! Set 'spring.devtools.add-properties' to 'false' to disable
2025-04-30 13:37:29 [restartedMain] INFO  o.s.b.d.e.DevToolsPropertyDefaultsPostProcessor - For additional web related logging consider setting the 'logging.level.web' property to 'DEBUG'
2025-04-30 13:37:29 [restartedMain] INFO  o.s.d.r.c.RepositoryConfigurationDelegate - Bootstrapping Spring Data JPA repositories in DEFAULT mode.
2025-04-30 13:37:29 [restartedMain] INFO  o.s.d.r.c.RepositoryConfigurationDelegate - Finished Spring Data repository scanning in 54 ms. Found 6 JPA repository interfaces.
2025-04-30 13:37:30 [restartedMain] INFO  o.s.b.w.e.tomcat.TomcatWebServer - Tomcat initialized with port 8081 (http)
2025-04-30 13:37:30 [restartedMain] INFO  o.a.catalina.core.StandardService - Starting service [Tomcat]
2025-04-30 13:37:30 [restartedMain] INFO  o.a.catalina.core.StandardEngine - Starting Servlet engine: [Apache Tomcat/10.1.40]
2025-04-30 13:37:30 [restartedMain] INFO  o.a.c.c.C.[Tomcat].[localhost].[/] - Initializing Spring embedded WebApplicationContext
2025-04-30 13:37:30 [restartedMain] INFO  o.s.b.w.s.c.ServletWebServerApplicationContext - Root WebApplicationContext: initialization completed in 870 ms
2025-04-30 13:37:30 [restartedMain] INFO  o.h.jpa.internal.util.LogHelper - HHH000204: Processing PersistenceUnitInfo [name: default]
2025-04-30 13:37:30 [restartedMain] INFO  org.hibernate.Version - HHH000412: Hibernate ORM core version 6.6.13.Final
2025-04-30 13:37:30 [restartedMain] INFO  o.h.c.i.RegionFactoryInitiator - HHH000026: Second-level cache disabled
2025-04-30 13:37:30 [restartedMain] INFO  o.s.o.j.p.SpringPersistenceUnitInfo - No LoadTimeWeaver setup: ignoring JPA class transformer
2025-04-30 13:37:30 [restartedMain] INFO  com.zaxxer.hikari.HikariDataSource - HikariPool-1 - Starting...
2025-04-30 13:37:30 [restartedMain] INFO  com.zaxxer.hikari.pool.HikariPool - HikariPool-1 - Added connection org.postgresql.jdbc.PgConnection@6403c505
2025-04-30 13:37:30 [restartedMain] INFO  com.zaxxer.hikari.HikariDataSource - HikariPool-1 - Start completed.
2025-04-30 13:37:30 [restartedMain] INFO  o.hibernate.orm.connections.pooling - HHH10001005: Database info:
	Database JDBC URL [Connecting through datasource 'HikariDataSource (HikariPool-1)']
	Database driver: undefined/unknown
	Database version: 17.4
	Autocommit mode: undefined/unknown
	Isolation level: undefined/unknown
	Minimum pool size: undefined/unknown
	Maximum pool size: undefined/unknown
2025-04-30 13:37:30 [restartedMain] INFO  o.h.e.t.j.p.i.JtaPlatformInitiator - HHH000489: No JTA platform available (set 'hibernate.transaction.jta.platform' to enable JTA platform integration)
2025-04-30 13:37:30 [restartedMain] INFO  o.s.o.j.LocalContainerEntityManagerFactoryBean - Initialized JPA EntityManagerFactory for persistence unit 'default'
2025-04-30 13:37:31 [restartedMain] INFO  b.f.b.c.c.i.PgVectorExtensionInitializer - =======> Executing query: CREATE EXTENSION IF NOT EXISTS vector <=========
2025-04-30 13:37:31 [restartedMain] INFO  b.f.b.c.c.i.PgVectorExtensionInitializer - =======> Successfully created pgvector extension <=========
2025-04-30 13:37:31 [restartedMain] WARN  o.s.b.a.o.j.JpaBaseConfiguration$JpaWebConfiguration - spring.jpa.open-in-view is enabled by default. Therefore, database queries may be performed during view rendering. Explicitly configure spring.jpa.open-in-view to disable this warning
2025-04-30 13:37:31 [restartedMain] INFO  o.s.v.b.OptionalValidatorFactoryBean - Failed to set up a Bean Validation provider: jakarta.validation.NoProviderFoundException: Unable to create a Configuration, because no Jakarta Bean Validation provider could be found. Add a provider like Hibernate Validator (RI) to your classpath.
2025-04-30 13:37:31 [restartedMain] INFO  o.s.b.d.a.OptionalLiveReloadServer - LiveReload server is running on port 35729
2025-04-30 13:37:31 [restartedMain] INFO  o.s.b.a.e.web.EndpointLinksResolver - Exposing 3 endpoints beneath base path '/actuator'
2025-04-30 13:37:32 [restartedMain] INFO  o.s.b.w.e.tomcat.TomcatWebServer - Tomcat started on port 8081 (http) with context path '/'
2025-04-30 13:37:32 [restartedMain] INFO  b.f.b.c.chatbot.ChatbotApplication - Started ChatbotApplication in 2.874 seconds (process running for 3.263)
2025-04-30 13:37:32 [restartedMain] INFO  b.f.b.c.c.i.PgVectorIndexInitializer - =======> onApplicationEvent PgVectorIndexInitializer executing .... <=========
2025-04-30 13:37:32 [restartedMain] INFO  b.f.b.c.c.i.PgVectorIndexInitializer - =======> onApplicationEvent checkIfIndexExists true} <=========
2025-04-30 13:37:32 [restartedMain] INFO  b.f.b.c.c.i.PgVectorIndexInitializer - =======> !! HNSW index already exists for embeddings column <=========
2025-04-30 13:37:32 [RMI TCP Connection(3)-192.168.1.2] INFO  o.a.c.c.C.[Tomcat].[localhost].[/] - Initializing Spring DispatcherServlet 'dispatcherServlet'
2025-04-30 13:37:32 [RMI TCP Connection(3)-192.168.1.2] INFO  o.s.web.servlet.DispatcherServlet - Initializing Servlet 'dispatcherServlet'
2025-04-30 13:37:32 [RMI TCP Connection(3)-192.168.1.2] INFO  o.s.web.servlet.DispatcherServlet - Completed initialization in 0 ms
2025-04-30 13:37:46 [http-nio-8081-exec-1] INFO  b.f.b.c.chatbot.api.ChatController - info request - > You: what is The results of the top 3 performing models
2025-04-30 13:37:49 [http-nio-8081-exec-1] INFO  b.f.b.c.c.services.ChatBotService - Interaction - SessionID: ca011112-d687-428a-b954-135bcf3ce348, Question: what is The results of the top 3 performing models, Answer length: 270, Response confidence: 0.54, Retrieval confidence: 0.95
2025-04-30 13:37:49 [http-nio-8081-exec-1] INFO  b.f.b.c.chatbot.api.ChatController - info response <-- bot: I don't have enough information to accurately answer what the top 3 performing models are. The knowledge base only mentions that the results of the top 3 performing models are presented in Fig. 5, but it does not provide further details or specify which models they are.
2025-04-30 13:38:45 [http-nio-8081-exec-2] INFO  b.f.b.c.chatbot.services.RageService - Processing document with metadata: 0c11a7e4-4800-4077-8b5c-bf1b7a6b04fb_knowledge-base.pdf
2025-04-30 13:38:45 [http-nio-8081-exec-2] ERROR b.f.b.c.chatbot.services.RageService - Failed to process document with metadata: The text " ..." (1 characters long) doesn't fit into the maximum segment size (300 characters), and there is no subSplitter defined to split it further.
2025-04-30 13:38:45 [http-nio-8081-exec-2] ERROR b.f.b.c.chatbot.services.RageService - Failed to save and process document: The text " ..." (1 characters long) doesn't fit into the maximum segment size (300 characters), and there is no subSplitter defined to split it further.
2025-04-30 13:38:47 [File Watcher] INFO  o.s.b.d.a.LocalDevToolsAutoConfiguration$RestartingClassPathChangeChangedEventListener - Restarting due to 1 class path change (0 additions, 0 deletions, 1 modification)
2025-04-30 13:38:47 [Thread-6] INFO  o.s.b.w.e.tomcat.GracefulShutdown - Commencing graceful shutdown. Waiting for active requests to complete
2025-04-30 13:38:47 [tomcat-shutdown] INFO  o.s.b.w.e.tomcat.GracefulShutdown - Graceful shutdown complete
2025-04-30 13:38:47 [Thread-6] INFO  o.s.o.j.LocalContainerEntityManagerFactoryBean - Closing JPA EntityManagerFactory for persistence unit 'default'
2025-04-30 13:38:47 [Thread-6] INFO  com.zaxxer.hikari.HikariDataSource - HikariPool-1 - Shutdown initiated...
2025-04-30 13:38:47 [Thread-6] INFO  com.zaxxer.hikari.HikariDataSource - HikariPool-1 - Shutdown completed.
2025-04-30 13:38:47 [restartedMain] INFO  b.f.b.c.chatbot.ChatbotApplication - Starting ChatbotApplication using Java 23.0.2 with PID 35248 (/Users/souhailaitsaid/dev/chatbot/target/classes started by souhailaitsaid in /Users/souhailaitsaid/dev/chatbot)
2025-04-30 13:38:47 [restartedMain] INFO  b.f.b.c.chatbot.ChatbotApplication - The following 1 profile is active: "dev"
2025-04-30 13:38:47 [restartedMain] INFO  o.s.d.r.c.RepositoryConfigurationDelegate - Bootstrapping Spring Data JPA repositories in DEFAULT mode.
2025-04-30 13:38:47 [restartedMain] INFO  o.s.d.r.c.RepositoryConfigurationDelegate - Finished Spring Data repository scanning in 5 ms. Found 6 JPA repository interfaces.
2025-04-30 13:38:47 [restartedMain] INFO  o.s.b.w.e.tomcat.TomcatWebServer - Tomcat initialized with port 8081 (http)
2025-04-30 13:38:47 [restartedMain] INFO  o.a.catalina.core.StandardService - Starting service [Tomcat]
2025-04-30 13:38:47 [restartedMain] INFO  o.a.catalina.core.StandardEngine - Starting Servlet engine: [Apache Tomcat/10.1.40]
2025-04-30 13:38:47 [restartedMain] INFO  o.a.c.c.C.[Tomcat].[localhost].[/] - Initializing Spring embedded WebApplicationContext
2025-04-30 13:38:47 [restartedMain] INFO  o.s.b.w.s.c.ServletWebServerApplicationContext - Root WebApplicationContext: initialization completed in 215 ms
2025-04-30 13:38:47 [restartedMain] INFO  o.h.jpa.internal.util.LogHelper - HHH000204: Processing PersistenceUnitInfo [name: default]
2025-04-30 13:38:47 [restartedMain] INFO  o.h.c.i.RegionFactoryInitiator - HHH000026: Second-level cache disabled
2025-04-30 13:38:47 [restartedMain] INFO  o.s.o.j.p.SpringPersistenceUnitInfo - No LoadTimeWeaver setup: ignoring JPA class transformer
2025-04-30 13:38:47 [restartedMain] INFO  com.zaxxer.hikari.HikariDataSource - HikariPool-2 - Starting...
2025-04-30 13:38:47 [restartedMain] INFO  com.zaxxer.hikari.pool.HikariPool - HikariPool-2 - Added connection org.postgresql.jdbc.PgConnection@26493565
2025-04-30 13:38:47 [restartedMain] INFO  com.zaxxer.hikari.HikariDataSource - HikariPool-2 - Start completed.
2025-04-30 13:38:47 [restartedMain] INFO  o.hibernate.orm.connections.pooling - HHH10001005: Database info:
	Database JDBC URL [Connecting through datasource 'HikariDataSource (HikariPool-2)']
	Database driver: undefined/unknown
	Database version: 17.4
	Autocommit mode: undefined/unknown
	Isolation level: undefined/unknown
	Minimum pool size: undefined/unknown
	Maximum pool size: undefined/unknown
2025-04-30 13:38:47 [restartedMain] INFO  o.h.e.t.j.p.i.JtaPlatformInitiator - HHH000489: No JTA platform available (set 'hibernate.transaction.jta.platform' to enable JTA platform integration)
2025-04-30 13:38:47 [restartedMain] INFO  o.s.o.j.LocalContainerEntityManagerFactoryBean - Initialized JPA EntityManagerFactory for persistence unit 'default'
2025-04-30 13:38:47 [restartedMain] INFO  b.f.b.c.c.i.PgVectorExtensionInitializer - =======> Executing query: CREATE EXTENSION IF NOT EXISTS vector <=========
2025-04-30 13:38:47 [restartedMain] INFO  b.f.b.c.c.i.PgVectorExtensionInitializer - =======> Successfully created pgvector extension <=========
2025-04-30 13:38:47 [restartedMain] WARN  o.s.b.a.o.j.JpaBaseConfiguration$JpaWebConfiguration - spring.jpa.open-in-view is enabled by default. Therefore, database queries may be performed during view rendering. Explicitly configure spring.jpa.open-in-view to disable this warning
2025-04-30 13:38:47 [restartedMain] INFO  o.s.v.b.OptionalValidatorFactoryBean - Failed to set up a Bean Validation provider: jakarta.validation.NoProviderFoundException: Unable to create a Configuration, because no Jakarta Bean Validation provider could be found. Add a provider like Hibernate Validator (RI) to your classpath.
2025-04-30 13:38:48 [restartedMain] INFO  o.s.b.d.a.OptionalLiveReloadServer - LiveReload server is running on port 35729
2025-04-30 13:38:48 [restartedMain] INFO  o.s.b.a.e.web.EndpointLinksResolver - Exposing 3 endpoints beneath base path '/actuator'
2025-04-30 13:38:48 [restartedMain] INFO  o.s.b.w.e.tomcat.TomcatWebServer - Tomcat started on port 8081 (http) with context path '/'
2025-04-30 13:38:48 [restartedMain] INFO  b.f.b.c.chatbot.ChatbotApplication - Started ChatbotApplication in 0.821 seconds (process running for 79.4)
2025-04-30 13:38:48 [restartedMain] INFO  b.f.b.c.c.i.PgVectorIndexInitializer - =======> onApplicationEvent PgVectorIndexInitializer executing .... <=========
2025-04-30 13:38:48 [restartedMain] INFO  b.f.b.c.c.i.PgVectorIndexInitializer - =======> onApplicationEvent checkIfIndexExists true} <=========
2025-04-30 13:38:48 [restartedMain] INFO  b.f.b.c.c.i.PgVectorIndexInitializer - =======> !! HNSW index already exists for embeddings column <=========
2025-04-30 13:38:48 [restartedMain] INFO  o.s.b.d.a.ConditionEvaluationDeltaLoggingListener - Condition evaluation unchanged
2025-04-30 13:38:53 [http-nio-8081-exec-1] INFO  o.a.c.c.C.[Tomcat].[localhost].[/] - Initializing Spring DispatcherServlet 'dispatcherServlet'
2025-04-30 13:38:53 [http-nio-8081-exec-1] INFO  o.s.web.servlet.DispatcherServlet - Initializing Servlet 'dispatcherServlet'
2025-04-30 13:38:53 [http-nio-8081-exec-1] INFO  o.s.web.servlet.DispatcherServlet - Completed initialization in 1 ms
2025-04-30 13:38:53 [http-nio-8081-exec-1] INFO  b.f.b.c.chatbot.services.RageService - Processing document with metadata: 82642151-4443-45fd-af73-da71745d4960_knowledge-base.pdf
2025-04-30 13:38:53 [http-nio-8081-exec-1] ERROR b.f.b.c.chatbot.services.RageService - Failed to process document with metadata: The text " ..." (1 characters long) doesn't fit into the maximum segment size (300 characters), and there is no subSplitter defined to split it further.
2025-04-30 13:38:53 [http-nio-8081-exec-1] ERROR b.f.b.c.chatbot.services.RageService - Failed to save and process document: The text " ..." (1 characters long) doesn't fit into the maximum segment size (300 characters), and there is no subSplitter defined to split it further.
2025-04-30 13:42:40 [http-nio-8081-exec-2] INFO  b.f.b.c.chatbot.services.RageService - Processing document with metadata: 3e47c226-f025-4983-a47f-6ee311bad1b3_ministry-of-health-guide.pdf
2025-04-30 13:42:40 [http-nio-8081-exec-2] INFO  b.f.b.c.chatbot.services.RageService - Document split into 7 segments
2025-04-30 13:42:40 [http-nio-8081-exec-2] ERROR b.f.b.c.chatbot.services.RageService - Failed to process document with metadata: java.sql.BatchUpdateException: Batch entry 0 INSERT INTO embeddings (embedding_id, embedding, text, metadata) VALUES (('0751f9c1-319d-4231-b1ed-cc7aff5af888'::uuid), ?, ('%PDF-1.3
3 0 obj
<</Type /Page
/Parent 1 0 R
/Resources 2 0 R
/Contents 4 0 R>>
endobj
4 0 obj
<</Filter /FlateDecode /Length 725>>
stream
x���Os�0���{k{��|��&�ɴ���˰�X����~�.��$����v������E,�`sv5��;\�(�Y���H '), ('{
  "index" : "0",
  "botId" : "id",
  "document_id" : "256a919c-6d0f-4167-8e38-17881296b0af"
}'))ON CONFLICT (embedding_id) DO UPDATE SET embedding = EXCLUDED.embedding,text = EXCLUDED.text,metadata = EXCLUDED.metadata was aborted: ERROR: invalid byte sequence for encoding "UTF8": 0x00
  Where: unnamed portal parameter $3  Call getNextException to see other errors in the batch.
2025-04-30 13:42:40 [http-nio-8081-exec-2] ERROR b.f.b.c.chatbot.services.RageService - Failed to save and process document: java.sql.BatchUpdateException: Batch entry 0 INSERT INTO embeddings (embedding_id, embedding, text, metadata) VALUES (('0751f9c1-319d-4231-b1ed-cc7aff5af888'::uuid), ?, ('%PDF-1.3
3 0 obj
<</Type /Page
/Parent 1 0 R
/Resources 2 0 R
/Contents 4 0 R>>
endobj
4 0 obj
<</Filter /FlateDecode /Length 725>>
stream
x���Os�0���{k{��|��&�ɴ���˰�X����~�.��$����v������E,�`sv5��;\�(�Y���H '), ('{
  "index" : "0",
  "botId" : "id",
  "document_id" : "256a919c-6d0f-4167-8e38-17881296b0af"
}'))ON CONFLICT (embedding_id) DO UPDATE SET embedding = EXCLUDED.embedding,text = EXCLUDED.text,metadata = EXCLUDED.metadata was aborted: ERROR: invalid byte sequence for encoding "UTF8": 0x00
  Where: unnamed portal parameter $3  Call getNextException to see other errors in the batch.
2025-04-30 13:47:39 [SpringApplicationShutdownHook] INFO  o.s.b.w.e.tomcat.GracefulShutdown - Commencing graceful shutdown. Waiting for active requests to complete
2025-04-30 13:47:39 [tomcat-shutdown] INFO  o.s.b.w.e.tomcat.GracefulShutdown - Graceful shutdown complete
2025-04-30 13:47:39 [SpringApplicationShutdownHook] INFO  o.s.o.j.LocalContainerEntityManagerFactoryBean - Closing JPA EntityManagerFactory for persistence unit 'default'
2025-04-30 13:47:39 [SpringApplicationShutdownHook] INFO  com.zaxxer.hikari.HikariDataSource - HikariPool-2 - Shutdown initiated...
2025-04-30 13:47:39 [SpringApplicationShutdownHook] INFO  com.zaxxer.hikari.HikariDataSource - HikariPool-2 - Shutdown completed.
2025-04-30 13:47:41 [restartedMain] INFO  b.f.b.c.chatbot.ChatbotApplication - Starting ChatbotApplication using Java 23.0.2 with PID 35460 (/Users/souhailaitsaid/dev/chatbot/target/classes started by souhailaitsaid in /Users/souhailaitsaid/dev/chatbot)
2025-04-30 13:47:41 [restartedMain] INFO  b.f.b.c.chatbot.ChatbotApplication - The following 1 profile is active: "dev"
2025-04-30 13:47:41 [restartedMain] INFO  o.s.b.d.e.DevToolsPropertyDefaultsPostProcessor - Devtools property defaults active! Set 'spring.devtools.add-properties' to 'false' to disable
2025-04-30 13:47:41 [restartedMain] INFO  o.s.b.d.e.DevToolsPropertyDefaultsPostProcessor - For additional web related logging consider setting the 'logging.level.web' property to 'DEBUG'
2025-04-30 13:47:41 [restartedMain] INFO  o.s.d.r.c.RepositoryConfigurationDelegate - Bootstrapping Spring Data JPA repositories in DEFAULT mode.
2025-04-30 13:47:41 [restartedMain] INFO  o.s.d.r.c.RepositoryConfigurationDelegate - Finished Spring Data repository scanning in 54 ms. Found 6 JPA repository interfaces.
2025-04-30 13:47:42 [restartedMain] INFO  o.s.b.w.e.tomcat.TomcatWebServer - Tomcat initialized with port 8081 (http)
2025-04-30 13:47:42 [restartedMain] INFO  o.a.catalina.core.StandardService - Starting service [Tomcat]
2025-04-30 13:47:42 [restartedMain] INFO  o.a.catalina.core.StandardEngine - Starting Servlet engine: [Apache Tomcat/10.1.40]
2025-04-30 13:47:42 [restartedMain] INFO  o.a.c.c.C.[Tomcat].[localhost].[/] - Initializing Spring embedded WebApplicationContext
2025-04-30 13:47:42 [restartedMain] INFO  o.s.b.w.s.c.ServletWebServerApplicationContext - Root WebApplicationContext: initialization completed in 901 ms
2025-04-30 13:47:42 [restartedMain] INFO  o.h.jpa.internal.util.LogHelper - HHH000204: Processing PersistenceUnitInfo [name: default]
2025-04-30 13:47:42 [restartedMain] INFO  org.hibernate.Version - HHH000412: Hibernate ORM core version 6.6.13.Final
2025-04-30 13:47:42 [restartedMain] INFO  o.h.c.i.RegionFactoryInitiator - HHH000026: Second-level cache disabled
2025-04-30 13:47:42 [restartedMain] INFO  o.s.o.j.p.SpringPersistenceUnitInfo - No LoadTimeWeaver setup: ignoring JPA class transformer
2025-04-30 13:47:42 [restartedMain] INFO  com.zaxxer.hikari.HikariDataSource - HikariPool-1 - Starting...
2025-04-30 13:47:42 [restartedMain] INFO  com.zaxxer.hikari.pool.HikariPool - HikariPool-1 - Added connection org.postgresql.jdbc.PgConnection@38d3c708
2025-04-30 13:47:42 [restartedMain] INFO  com.zaxxer.hikari.HikariDataSource - HikariPool-1 - Start completed.
2025-04-30 13:47:42 [restartedMain] INFO  o.hibernate.orm.connections.pooling - HHH10001005: Database info:
	Database JDBC URL [Connecting through datasource 'HikariDataSource (HikariPool-1)']
	Database driver: undefined/unknown
	Database version: 17.4
	Autocommit mode: undefined/unknown
	Isolation level: undefined/unknown
	Minimum pool size: undefined/unknown
	Maximum pool size: undefined/unknown
2025-04-30 13:47:43 [restartedMain] INFO  o.h.e.t.j.p.i.JtaPlatformInitiator - HHH000489: No JTA platform available (set 'hibernate.transaction.jta.platform' to enable JTA platform integration)
2025-04-30 13:47:43 [restartedMain] INFO  o.s.o.j.LocalContainerEntityManagerFactoryBean - Initialized JPA EntityManagerFactory for persistence unit 'default'
2025-04-30 13:47:43 [restartedMain] INFO  b.f.b.c.c.i.PgVectorExtensionInitializer - =======> Executing query: CREATE EXTENSION IF NOT EXISTS vector <=========
2025-04-30 13:47:43 [restartedMain] INFO  b.f.b.c.c.i.PgVectorExtensionInitializer - =======> Successfully created pgvector extension <=========
2025-04-30 13:47:43 [restartedMain] WARN  o.s.b.a.o.j.JpaBaseConfiguration$JpaWebConfiguration - spring.jpa.open-in-view is enabled by default. Therefore, database queries may be performed during view rendering. Explicitly configure spring.jpa.open-in-view to disable this warning
2025-04-30 13:47:44 [restartedMain] INFO  o.s.v.b.OptionalValidatorFactoryBean - Failed to set up a Bean Validation provider: jakarta.validation.NoProviderFoundException: Unable to create a Configuration, because no Jakarta Bean Validation provider could be found. Add a provider like Hibernate Validator (RI) to your classpath.
2025-04-30 13:47:44 [restartedMain] INFO  o.s.b.d.a.OptionalLiveReloadServer - LiveReload server is running on port 35729
2025-04-30 13:47:44 [restartedMain] INFO  o.s.b.a.e.web.EndpointLinksResolver - Exposing 3 endpoints beneath base path '/actuator'
2025-04-30 13:47:44 [restartedMain] INFO  o.s.b.w.e.tomcat.TomcatWebServer - Tomcat started on port 8081 (http) with context path '/'
2025-04-30 13:47:44 [restartedMain] INFO  b.f.b.c.chatbot.ChatbotApplication - Started ChatbotApplication in 3.185 seconds (process running for 3.61)
2025-04-30 13:47:44 [restartedMain] INFO  b.f.b.c.c.i.PgVectorIndexInitializer - =======> onApplicationEvent PgVectorIndexInitializer executing .... <=========
2025-04-30 13:47:44 [restartedMain] INFO  b.f.b.c.c.i.PgVectorIndexInitializer - =======> onApplicationEvent checkIfIndexExists true} <=========
2025-04-30 13:47:44 [restartedMain] INFO  b.f.b.c.c.i.PgVectorIndexInitializer - =======> !! HNSW index already exists for embeddings column <=========
2025-04-30 13:47:45 [RMI TCP Connection(2)-192.168.1.2] INFO  o.a.c.c.C.[Tomcat].[localhost].[/] - Initializing Spring DispatcherServlet 'dispatcherServlet'
2025-04-30 13:47:45 [RMI TCP Connection(2)-192.168.1.2] INFO  o.s.web.servlet.DispatcherServlet - Initializing Servlet 'dispatcherServlet'
2025-04-30 13:47:45 [RMI TCP Connection(2)-192.168.1.2] INFO  o.s.web.servlet.DispatcherServlet - Completed initialization in 0 ms
2025-04-30 13:48:06 [http-nio-8081-exec-1] INFO  b.f.b.c.chatbot.services.RageService - Processing document with metadata: b4a4c843-5bb1-433b-8cf3-8368fea03cc2_ministry-of-health-guide.pdf
2025-04-30 13:48:07 [http-nio-8081-exec-1] INFO  b.f.b.c.chatbot.services.RageService - Document with metadata successfully processed
2025-04-30 13:48:07 [http-nio-8081-exec-1] INFO  b.f.b.c.chatbot.services.RageService - Document saved and processed: ministry-of-health-guide.pdf, ID: b522d4a1-ed57-4719-8e20-3554d60d6aa6
2025-04-30 13:49:17 [http-nio-8081-exec-3] INFO  b.f.b.c.chatbot.services.RageService - Processing document with metadata: cefb39f1-1ac2-41e5-8c80-31feabc2afa4_ministry-of-health-guide.pdf
2025-04-30 13:49:17 [http-nio-8081-exec-3] INFO  b.f.b.c.chatbot.services.RageService - Document with metadata successfully processed
2025-04-30 13:49:17 [http-nio-8081-exec-3] INFO  b.f.b.c.chatbot.services.RageService - Document saved and processed: ministry-of-health-guide.pdf, ID: f5b1cafe-ba3c-4140-ba12-7b7bf895e69a
2025-04-30 13:50:00 [http-nio-8081-exec-4] INFO  b.f.b.c.chatbot.api.ChatController - info request - > You: hi
2025-04-30 13:50:04 [http-nio-8081-exec-4] INFO  b.f.b.c.c.services.ChatBotService - Interaction - SessionID: ca011112-d687-428a-b954-135bcf3ce348, Question: hi, Answer length: 152, Response confidence: 0.6075, Retrieval confidence: 0.95
2025-04-30 13:50:04 [http-nio-8081-exec-4] INFO  b.f.b.c.chatbot.api.ChatController - info response <-- bot: Hello! I'm happy to help. However, I don't have enough information to answer your question directly. Can you please clarify what you would like to know?
2025-04-30 13:56:36 [File Watcher] INFO  o.s.b.d.a.LocalDevToolsAutoConfiguration$RestartingClassPathChangeChangedEventListener - Restarting due to 8 class path changes (0 additions, 8 deletions, 0 modifications)
2025-04-30 13:56:36 [Thread-6] INFO  o.s.b.w.e.tomcat.GracefulShutdown - Commencing graceful shutdown. Waiting for active requests to complete
2025-04-30 13:56:36 [tomcat-shutdown] INFO  o.s.b.w.e.tomcat.GracefulShutdown - Graceful shutdown complete
2025-04-30 13:56:36 [Thread-6] INFO  o.s.o.j.LocalContainerEntityManagerFactoryBean - Closing JPA EntityManagerFactory for persistence unit 'default'
2025-04-30 13:56:36 [Thread-6] INFO  com.zaxxer.hikari.HikariDataSource - HikariPool-1 - Shutdown initiated...
2025-04-30 13:56:36 [Thread-6] INFO  com.zaxxer.hikari.HikariDataSource - HikariPool-1 - Shutdown completed.
2025-04-30 13:56:36 [restartedMain] INFO  b.f.b.c.chatbot.ChatbotApplication - Starting ChatbotApplication using Java 23.0.2 with PID 35460 (/Users/souhailaitsaid/dev/chatbot/target/classes started by souhailaitsaid in /Users/souhailaitsaid/dev/chatbot)
2025-04-30 13:56:36 [restartedMain] INFO  b.f.b.c.chatbot.ChatbotApplication - The following 1 profile is active: "dev"
2025-04-30 13:56:36 [restartedMain] INFO  o.s.d.r.c.RepositoryConfigurationDelegate - Bootstrapping Spring Data JPA repositories in DEFAULT mode.
2025-04-30 13:56:36 [restartedMain] INFO  o.s.d.r.c.RepositoryConfigurationDelegate - Finished Spring Data repository scanning in 6 ms. Found 6 JPA repository interfaces.
2025-04-30 13:56:36 [restartedMain] INFO  o.s.b.w.e.tomcat.TomcatWebServer - Tomcat initialized with port 8081 (http)
2025-04-30 13:56:36 [restartedMain] INFO  o.a.catalina.core.StandardService - Starting service [Tomcat]
2025-04-30 13:56:36 [restartedMain] INFO  o.a.catalina.core.StandardEngine - Starting Servlet engine: [Apache Tomcat/10.1.40]
2025-04-30 13:56:36 [restartedMain] INFO  o.a.c.c.C.[Tomcat].[localhost].[/] - Initializing Spring embedded WebApplicationContext
2025-04-30 13:56:36 [restartedMain] INFO  o.s.b.w.s.c.ServletWebServerApplicationContext - Root WebApplicationContext: initialization completed in 259 ms
2025-04-30 13:56:36 [restartedMain] INFO  o.h.jpa.internal.util.LogHelper - HHH000204: Processing PersistenceUnitInfo [name: default]
2025-04-30 13:56:36 [restartedMain] INFO  o.h.c.i.RegionFactoryInitiator - HHH000026: Second-level cache disabled
2025-04-30 13:56:36 [restartedMain] INFO  o.s.o.j.p.SpringPersistenceUnitInfo - No LoadTimeWeaver setup: ignoring JPA class transformer
2025-04-30 13:56:36 [restartedMain] INFO  com.zaxxer.hikari.HikariDataSource - HikariPool-2 - Starting...
2025-04-30 13:56:36 [restartedMain] INFO  com.zaxxer.hikari.pool.HikariPool - HikariPool-2 - Added connection org.postgresql.jdbc.PgConnection@7bdf920f
2025-04-30 13:56:36 [restartedMain] INFO  com.zaxxer.hikari.HikariDataSource - HikariPool-2 - Start completed.
2025-04-30 13:56:36 [restartedMain] INFO  o.hibernate.orm.connections.pooling - HHH10001005: Database info:
	Database JDBC URL [Connecting through datasource 'HikariDataSource (HikariPool-2)']
	Database driver: undefined/unknown
	Database version: 17.4
	Autocommit mode: undefined/unknown
	Isolation level: undefined/unknown
	Minimum pool size: undefined/unknown
	Maximum pool size: undefined/unknown
2025-04-30 13:56:37 [restartedMain] INFO  o.h.e.t.j.p.i.JtaPlatformInitiator - HHH000489: No JTA platform available (set 'hibernate.transaction.jta.platform' to enable JTA platform integration)
2025-04-30 13:56:37 [restartedMain] INFO  o.s.o.j.LocalContainerEntityManagerFactoryBean - Initialized JPA EntityManagerFactory for persistence unit 'default'
2025-04-30 13:56:37 [restartedMain] INFO  b.f.b.c.c.i.PgVectorExtensionInitializer - =======> Executing query: CREATE EXTENSION IF NOT EXISTS vector <=========
2025-04-30 13:56:37 [restartedMain] INFO  b.f.b.c.c.i.PgVectorExtensionInitializer - =======> Successfully created pgvector extension <=========
2025-04-30 13:56:37 [restartedMain] WARN  o.s.b.a.o.j.JpaBaseConfiguration$JpaWebConfiguration - spring.jpa.open-in-view is enabled by default. Therefore, database queries may be performed during view rendering. Explicitly configure spring.jpa.open-in-view to disable this warning
2025-04-30 13:56:37 [restartedMain] INFO  o.s.v.b.OptionalValidatorFactoryBean - Failed to set up a Bean Validation provider: jakarta.validation.NoProviderFoundException: Unable to create a Configuration, because no Jakarta Bean Validation provider could be found. Add a provider like Hibernate Validator (RI) to your classpath.
2025-04-30 13:56:37 [restartedMain] INFO  o.s.b.d.a.OptionalLiveReloadServer - LiveReload server is running on port 35729
2025-04-30 13:56:37 [restartedMain] INFO  o.s.b.a.e.web.EndpointLinksResolver - Exposing 3 endpoints beneath base path '/actuator'
2025-04-30 13:56:37 [restartedMain] INFO  o.s.b.w.e.tomcat.TomcatWebServer - Tomcat started on port 8081 (http) with context path '/'
2025-04-30 13:56:37 [restartedMain] INFO  b.f.b.c.chatbot.ChatbotApplication - Started ChatbotApplication in 1.187 seconds (process running for 536.871)
2025-04-30 13:56:37 [restartedMain] INFO  b.f.b.c.c.i.PgVectorIndexInitializer - =======> onApplicationEvent PgVectorIndexInitializer executing .... <=========
2025-04-30 13:56:37 [restartedMain] INFO  b.f.b.c.c.i.PgVectorIndexInitializer - =======> onApplicationEvent checkIfIndexExists true} <=========
2025-04-30 13:56:37 [restartedMain] INFO  b.f.b.c.c.i.PgVectorIndexInitializer - =======> !! HNSW index already exists for embeddings column <=========
2025-04-30 13:56:37 [restartedMain] INFO  o.s.b.d.a.ConditionEvaluationDeltaLoggingListener - Condition evaluation unchanged
2025-04-30 14:00:42 [SpringApplicationShutdownHook] INFO  o.s.b.w.e.tomcat.GracefulShutdown - Commencing graceful shutdown. Waiting for active requests to complete
2025-04-30 14:00:42 [tomcat-shutdown] INFO  o.s.b.w.e.tomcat.GracefulShutdown - Graceful shutdown complete
2025-04-30 14:00:42 [SpringApplicationShutdownHook] INFO  o.s.o.j.LocalContainerEntityManagerFactoryBean - Closing JPA EntityManagerFactory for persistence unit 'default'
2025-04-30 14:00:42 [SpringApplicationShutdownHook] INFO  com.zaxxer.hikari.HikariDataSource - HikariPool-2 - Shutdown initiated...
2025-04-30 14:00:42 [SpringApplicationShutdownHook] INFO  com.zaxxer.hikari.HikariDataSource - HikariPool-2 - Shutdown completed.
2025-04-30 14:00:44 [restartedMain] INFO  b.f.b.c.chatbot.ChatbotApplication - Starting ChatbotApplication using Java 23.0.2 with PID 35690 (/Users/souhailaitsaid/dev/chatbot/target/classes started by souhailaitsaid in /Users/souhailaitsaid/dev/chatbot)
2025-04-30 14:00:44 [restartedMain] INFO  b.f.b.c.chatbot.ChatbotApplication - The following 1 profile is active: "dev"
2025-04-30 14:00:44 [restartedMain] INFO  o.s.b.d.e.DevToolsPropertyDefaultsPostProcessor - Devtools property defaults active! Set 'spring.devtools.add-properties' to 'false' to disable
2025-04-30 14:00:44 [restartedMain] INFO  o.s.b.d.e.DevToolsPropertyDefaultsPostProcessor - For additional web related logging consider setting the 'logging.level.web' property to 'DEBUG'
2025-04-30 14:00:44 [restartedMain] INFO  o.s.d.r.c.RepositoryConfigurationDelegate - Bootstrapping Spring Data JPA repositories in DEFAULT mode.
2025-04-30 14:00:44 [restartedMain] INFO  o.s.d.r.c.RepositoryConfigurationDelegate - Finished Spring Data repository scanning in 53 ms. Found 6 JPA repository interfaces.
2025-04-30 14:00:44 [restartedMain] INFO  o.s.b.w.e.tomcat.TomcatWebServer - Tomcat initialized with port 8081 (http)
2025-04-30 14:00:44 [restartedMain] INFO  o.a.catalina.core.StandardService - Starting service [Tomcat]
2025-04-30 14:00:44 [restartedMain] INFO  o.a.catalina.core.StandardEngine - Starting Servlet engine: [Apache Tomcat/10.1.40]
2025-04-30 14:00:45 [restartedMain] INFO  o.a.c.c.C.[Tomcat].[localhost].[/] - Initializing Spring embedded WebApplicationContext
2025-04-30 14:00:45 [restartedMain] INFO  o.s.b.w.s.c.ServletWebServerApplicationContext - Root WebApplicationContext: initialization completed in 858 ms
2025-04-30 14:00:45 [restartedMain] INFO  o.h.jpa.internal.util.LogHelper - HHH000204: Processing PersistenceUnitInfo [name: default]
2025-04-30 14:00:45 [restartedMain] INFO  org.hibernate.Version - HHH000412: Hibernate ORM core version 6.6.13.Final
2025-04-30 14:00:45 [restartedMain] INFO  o.h.c.i.RegionFactoryInitiator - HHH000026: Second-level cache disabled
2025-04-30 14:00:45 [restartedMain] INFO  o.s.o.j.p.SpringPersistenceUnitInfo - No LoadTimeWeaver setup: ignoring JPA class transformer
2025-04-30 14:00:45 [restartedMain] INFO  com.zaxxer.hikari.HikariDataSource - HikariPool-1 - Starting...
2025-04-30 14:00:45 [restartedMain] INFO  com.zaxxer.hikari.pool.HikariPool - HikariPool-1 - Added connection org.postgresql.jdbc.PgConnection@653427b
2025-04-30 14:00:45 [restartedMain] INFO  com.zaxxer.hikari.HikariDataSource - HikariPool-1 - Start completed.
2025-04-30 14:00:45 [restartedMain] INFO  o.hibernate.orm.connections.pooling - HHH10001005: Database info:
	Database JDBC URL [Connecting through datasource 'HikariDataSource (HikariPool-1)']
	Database driver: undefined/unknown
	Database version: 17.4
	Autocommit mode: undefined/unknown
	Isolation level: undefined/unknown
	Minimum pool size: undefined/unknown
	Maximum pool size: undefined/unknown
2025-04-30 14:00:45 [restartedMain] INFO  o.h.e.t.j.p.i.JtaPlatformInitiator - HHH000489: No JTA platform available (set 'hibernate.transaction.jta.platform' to enable JTA platform integration)
2025-04-30 14:00:45 [restartedMain] INFO  o.s.o.j.LocalContainerEntityManagerFactoryBean - Initialized JPA EntityManagerFactory for persistence unit 'default'
2025-04-30 14:00:45 [restartedMain] INFO  b.f.b.c.c.i.PgVectorExtensionInitializer - =======> Executing query: CREATE EXTENSION IF NOT EXISTS vector <=========
2025-04-30 14:00:45 [restartedMain] INFO  b.f.b.c.c.i.PgVectorExtensionInitializer - =======> Successfully created pgvector extension <=========
2025-04-30 14:00:46 [restartedMain] WARN  o.s.b.a.o.j.JpaBaseConfiguration$JpaWebConfiguration - spring.jpa.open-in-view is enabled by default. Therefore, database queries may be performed during view rendering. Explicitly configure spring.jpa.open-in-view to disable this warning
2025-04-30 14:00:46 [restartedMain] INFO  o.s.v.b.OptionalValidatorFactoryBean - Failed to set up a Bean Validation provider: jakarta.validation.NoProviderFoundException: Unable to create a Configuration, because no Jakarta Bean Validation provider could be found. Add a provider like Hibernate Validator (RI) to your classpath.
2025-04-30 14:00:46 [restartedMain] INFO  o.s.b.d.a.OptionalLiveReloadServer - LiveReload server is running on port 35729
2025-04-30 14:00:46 [restartedMain] INFO  o.s.b.a.e.web.EndpointLinksResolver - Exposing 3 endpoints beneath base path '/actuator'
2025-04-30 14:00:46 [restartedMain] INFO  o.s.b.w.e.tomcat.TomcatWebServer - Tomcat started on port 8081 (http) with context path '/'
2025-04-30 14:00:46 [restartedMain] INFO  b.f.b.c.chatbot.ChatbotApplication - Started ChatbotApplication in 2.907 seconds (process running for 3.183)
2025-04-30 14:00:46 [restartedMain] INFO  b.f.b.c.c.i.PgVectorIndexInitializer - =======> onApplicationEvent PgVectorIndexInitializer executing .... <=========
2025-04-30 14:00:46 [restartedMain] INFO  b.f.b.c.c.i.PgVectorIndexInitializer - =======> onApplicationEvent checkIfIndexExists true} <=========
2025-04-30 14:00:46 [restartedMain] INFO  b.f.b.c.c.i.PgVectorIndexInitializer - =======> !! HNSW index already exists for embeddings column <=========
2025-04-30 14:00:47 [RMI TCP Connection(3)-192.168.1.2] INFO  o.a.c.c.C.[Tomcat].[localhost].[/] - Initializing Spring DispatcherServlet 'dispatcherServlet'
2025-04-30 14:00:47 [RMI TCP Connection(3)-192.168.1.2] INFO  o.s.web.servlet.DispatcherServlet - Initializing Servlet 'dispatcherServlet'
2025-04-30 14:00:47 [RMI TCP Connection(3)-192.168.1.2] INFO  o.s.web.servlet.DispatcherServlet - Completed initialization in 0 ms
2025-04-30 14:01:00 [http-nio-8081-exec-2] INFO  b.f.b.c.chatbot.api.ChatController - info request - > You: hello
2025-04-30 14:01:04 [http-nio-8081-exec-2] INFO  b.f.b.c.c.services.ChatBotService - Interaction - SessionID: 8dbef477-bdbb-4ecd-a332-a15479c0cbf7, Question: hello, Answer length: 147, Response confidence: 0.6075, Retrieval confidence: 0.95
2025-04-30 14:01:04 [http-nio-8081-exec-2] INFO  b.f.b.c.chatbot.api.ChatController - info response <-- bot: Hello! I'm happy to help. However, I don't have enough information to respond to your greeting. Can you please rephrase or ask a specific question?
2025-04-30 14:05:27 [SpringApplicationShutdownHook] INFO  o.s.b.w.e.tomcat.GracefulShutdown - Commencing graceful shutdown. Waiting for active requests to complete
2025-04-30 14:05:27 [tomcat-shutdown] INFO  o.s.b.w.e.tomcat.GracefulShutdown - Graceful shutdown complete
2025-04-30 14:05:27 [SpringApplicationShutdownHook] INFO  o.s.o.j.LocalContainerEntityManagerFactoryBean - Closing JPA EntityManagerFactory for persistence unit 'default'
2025-04-30 14:05:27 [SpringApplicationShutdownHook] INFO  com.zaxxer.hikari.HikariDataSource - HikariPool-1 - Shutdown initiated...
2025-04-30 14:05:27 [SpringApplicationShutdownHook] INFO  com.zaxxer.hikari.HikariDataSource - HikariPool-1 - Shutdown completed.
2025-04-30 14:05:29 [restartedMain] INFO  b.f.b.c.chatbot.ChatbotApplication - Starting ChatbotApplication using Java 23.0.2 with PID 35776 (/Users/souhailaitsaid/dev/chatbot/target/classes started by souhailaitsaid in /Users/souhailaitsaid/dev/chatbot)
2025-04-30 14:05:29 [restartedMain] INFO  b.f.b.c.chatbot.ChatbotApplication - The following 1 profile is active: "dev"
2025-04-30 14:05:29 [restartedMain] INFO  o.s.b.d.e.DevToolsPropertyDefaultsPostProcessor - Devtools property defaults active! Set 'spring.devtools.add-properties' to 'false' to disable
2025-04-30 14:05:29 [restartedMain] INFO  o.s.b.d.e.DevToolsPropertyDefaultsPostProcessor - For additional web related logging consider setting the 'logging.level.web' property to 'DEBUG'
2025-04-30 14:05:30 [restartedMain] INFO  o.s.d.r.c.RepositoryConfigurationDelegate - Bootstrapping Spring Data JPA repositories in DEFAULT mode.
2025-04-30 14:05:30 [restartedMain] INFO  o.s.d.r.c.RepositoryConfigurationDelegate - Finished Spring Data repository scanning in 53 ms. Found 6 JPA repository interfaces.
2025-04-30 14:05:30 [restartedMain] INFO  o.s.b.w.e.tomcat.TomcatWebServer - Tomcat initialized with port 8081 (http)
2025-04-30 14:05:30 [restartedMain] INFO  o.a.catalina.core.StandardService - Starting service [Tomcat]
2025-04-30 14:05:30 [restartedMain] INFO  o.a.catalina.core.StandardEngine - Starting Servlet engine: [Apache Tomcat/10.1.40]
2025-04-30 14:05:30 [restartedMain] INFO  o.a.c.c.C.[Tomcat].[localhost].[/] - Initializing Spring embedded WebApplicationContext
2025-04-30 14:05:30 [restartedMain] INFO  o.s.b.w.s.c.ServletWebServerApplicationContext - Root WebApplicationContext: initialization completed in 858 ms
2025-04-30 14:05:30 [restartedMain] INFO  o.h.jpa.internal.util.LogHelper - HHH000204: Processing PersistenceUnitInfo [name: default]
2025-04-30 14:05:30 [restartedMain] INFO  org.hibernate.Version - HHH000412: Hibernate ORM core version 6.6.13.Final
2025-04-30 14:05:30 [restartedMain] INFO  o.h.c.i.RegionFactoryInitiator - HHH000026: Second-level cache disabled
2025-04-30 14:05:30 [restartedMain] INFO  o.s.o.j.p.SpringPersistenceUnitInfo - No LoadTimeWeaver setup: ignoring JPA class transformer
2025-04-30 14:05:30 [restartedMain] INFO  com.zaxxer.hikari.HikariDataSource - HikariPool-1 - Starting...
2025-04-30 14:05:30 [restartedMain] INFO  com.zaxxer.hikari.pool.HikariPool - HikariPool-1 - Added connection org.postgresql.jdbc.PgConnection@6ba7af87
2025-04-30 14:05:30 [restartedMain] INFO  com.zaxxer.hikari.HikariDataSource - HikariPool-1 - Start completed.
2025-04-30 14:05:30 [restartedMain] INFO  o.hibernate.orm.connections.pooling - HHH10001005: Database info:
	Database JDBC URL [Connecting through datasource 'HikariDataSource (HikariPool-1)']
	Database driver: undefined/unknown
	Database version: 17.4
	Autocommit mode: undefined/unknown
	Isolation level: undefined/unknown
	Minimum pool size: undefined/unknown
	Maximum pool size: undefined/unknown
2025-04-30 14:05:31 [restartedMain] INFO  o.h.e.t.j.p.i.JtaPlatformInitiator - HHH000489: No JTA platform available (set 'hibernate.transaction.jta.platform' to enable JTA platform integration)
2025-04-30 14:05:31 [restartedMain] INFO  o.s.o.j.LocalContainerEntityManagerFactoryBean - Initialized JPA EntityManagerFactory for persistence unit 'default'
2025-04-30 14:05:31 [restartedMain] INFO  b.f.b.c.c.i.PgVectorExtensionInitializer - =======> Executing query: CREATE EXTENSION IF NOT EXISTS vector <=========
2025-04-30 14:05:31 [restartedMain] INFO  b.f.b.c.c.i.PgVectorExtensionInitializer - =======> Successfully created pgvector extension <=========
2025-04-30 14:05:31 [restartedMain] WARN  o.s.b.a.o.j.JpaBaseConfiguration$JpaWebConfiguration - spring.jpa.open-in-view is enabled by default. Therefore, database queries may be performed during view rendering. Explicitly configure spring.jpa.open-in-view to disable this warning
2025-04-30 14:05:31 [restartedMain] INFO  o.s.v.b.OptionalValidatorFactoryBean - Failed to set up a Bean Validation provider: jakarta.validation.NoProviderFoundException: Unable to create a Configuration, because no Jakarta Bean Validation provider could be found. Add a provider like Hibernate Validator (RI) to your classpath.
2025-04-30 14:05:32 [restartedMain] INFO  o.s.b.d.a.OptionalLiveReloadServer - LiveReload server is running on port 35729
2025-04-30 14:05:32 [restartedMain] INFO  o.s.b.a.e.web.EndpointLinksResolver - Exposing 3 endpoints beneath base path '/actuator'
2025-04-30 14:05:32 [restartedMain] INFO  o.s.b.w.e.tomcat.TomcatWebServer - Tomcat started on port 8081 (http) with context path '/'
2025-04-30 14:05:32 [restartedMain] INFO  b.f.b.c.chatbot.ChatbotApplication - Started ChatbotApplication in 2.9 seconds (process running for 3.174)
2025-04-30 14:05:32 [restartedMain] INFO  b.f.b.c.c.i.PgVectorIndexInitializer - =======> onApplicationEvent PgVectorIndexInitializer executing .... <=========
2025-04-30 14:05:32 [restartedMain] INFO  b.f.b.c.c.i.PgVectorIndexInitializer - =======> onApplicationEvent checkIfIndexExists true} <=========
2025-04-30 14:05:32 [restartedMain] INFO  b.f.b.c.c.i.PgVectorIndexInitializer - =======> !! HNSW index already exists for embeddings column <=========
2025-04-30 14:05:32 [RMI TCP Connection(1)-192.168.1.2] INFO  o.a.c.c.C.[Tomcat].[localhost].[/] - Initializing Spring DispatcherServlet 'dispatcherServlet'
2025-04-30 14:05:32 [RMI TCP Connection(1)-192.168.1.2] INFO  o.s.web.servlet.DispatcherServlet - Initializing Servlet 'dispatcherServlet'
2025-04-30 14:05:32 [RMI TCP Connection(1)-192.168.1.2] INFO  o.s.web.servlet.DispatcherServlet - Completed initialization in 0 ms
2025-04-30 14:05:37 [http-nio-8081-exec-1] INFO  b.f.b.c.chatbot.api.ChatController - info request - > You: hi
2025-04-30 14:05:39 [http-nio-8081-exec-1] INFO  b.f.b.c.c.services.ChatBotService - Response verification result: score=9.0, verified=true
2025-04-30 14:05:39 [http-nio-8081-exec-1] INFO  b.f.b.c.c.services.ChatBotService - Interaction - SessionID: e87081c4-e13f-4f9e-ba83-c2dd3365c66c, Question: hi, Answer length: 152, Response confidence: 0.6075, Retrieval confidence: 0.95
2025-04-30 14:05:39 [http-nio-8081-exec-1] INFO  b.f.b.c.chatbot.api.ChatController - info response <-- bot: Hello! I'm happy to help. However, I don't have enough information to answer your question directly. Can you please clarify what you would like to know?
2025-04-30 14:06:31 [http-nio-8081-exec-2] INFO  b.f.b.c.chatbot.api.ChatController - info request - > You: how are you ?
2025-04-30 14:06:34 [http-nio-8081-exec-2] INFO  b.f.b.c.c.services.ChatBotService - Response verification result: score=6.0, verified=false
2025-04-30 14:06:34 [http-nio-8081-exec-2] WARN  b.f.b.c.c.services.ChatBotService - Response failed verification (score: 6.0). Ungrounded claims: None
2025-04-30 14:06:35 [http-nio-8081-exec-2] INFO  b.f.b.c.c.services.ChatBotService - Interaction - SessionID: 9b55017a-a45a-4685-877f-fca395231d00, Question: how are you ?, Answer length: 71, Response confidence: 0.675, Retrieval confidence: 0.95
2025-04-30 14:06:35 [http-nio-8081-exec-2] INFO  b.f.b.c.chatbot.api.ChatController - info response <-- bot: I don't have enough information to answer your question about how I am.
2025-04-30 14:07:03 [http-nio-8081-exec-3] INFO  b.f.b.c.chatbot.api.ChatController - info request - > You: what can you respond to ?
2025-04-30 14:07:06 [http-nio-8081-exec-3] INFO  b.f.b.c.c.services.ChatBotService - Response verification result: score=8.0, verified=true
2025-04-30 14:07:06 [http-nio-8081-exec-3] INFO  b.f.b.c.c.services.ChatBotService - Interaction - SessionID: 39429ea3-04ce-441e-83d9-ceb5690fd608, Question: what can you respond to ?, Answer length: 341, Response confidence: 0.7000000000000001, Retrieval confidence: 0.95
2025-04-30 14:07:06 [http-nio-8081-exec-3] INFO  b.f.b.c.chatbot.api.ChatController - info response <-- bot: I can respond to general inquiries and provide information about available services and policies within the Ministry's scope. I do not have information on unavailable topics such as immigration or tax policies. For specific questions or concerns, please contact us directly at 1234 for emergency cases or call 1212 for mental health support.
2025-04-30 14:08:53 [http-nio-8081-exec-5] INFO  b.f.b.c.chatbot.api.ChatController - info request - > You: im sick
2025-04-30 14:08:56 [http-nio-8081-exec-5] INFO  b.f.b.c.c.services.ChatBotService - Response verification result: score=6.0, verified=false
2025-04-30 14:08:56 [http-nio-8081-exec-5] WARN  b.f.b.c.c.services.ChatBotService - Response failed verification (score: 6.0). Ungrounded claims: 
2025-04-30 14:08:57 [http-nio-8081-exec-5] INFO  b.f.b.c.c.services.ChatBotService - Interaction - SessionID: 296ede13-dcb6-4f66-9ed5-1b4f44a73357, Question: im sick, Answer length: 244, Response confidence: 0.675, Retrieval confidence: 0.95
2025-04-30 14:08:57 [http-nio-8081-exec-5] INFO  b.f.b.c.chatbot.api.ChatController - info response <-- bot: I don't have specific information about your health issue in my knowledge base. I can only provide general information about hospitals and children's health. Would you like me to direct you to a resource for finding hospitals or pediatric care?
2025-04-30 14:09:11 [http-nio-8081-exec-6] INFO  b.f.b.c.chatbot.api.ChatController - info request - > You: how to have vaccin?
2025-04-30 14:09:14 [http-nio-8081-exec-6] INFO  b.f.b.c.c.services.ChatBotService - Response verification result: score=8.0, verified=true
2025-04-30 14:09:14 [http-nio-8081-exec-6] INFO  b.f.b.c.c.services.ChatBotService - Interaction - SessionID: 819265d1-a03f-4ab2-aa82-372678d81ec4, Question: how to have vaccin?, Answer length: 248, Response confidence: 0.54, Retrieval confidence: 0.95
2025-04-30 14:09:14 [http-nio-8081-exec-6] INFO  b.f.b.c.chatbot.api.ChatController - info response <-- bot: I don't have enough information to provide specific guidance on how to get vaccinated. However, I can suggest visiting the Ministry of Health's website or contacting their office for more detailed information on vaccination services and procedures.
2025-04-30 14:14:29 [http-nio-8081-exec-8] INFO  o.s.api.AbstractOpenApiResource - Init duration for springdoc-openapi is: 87 ms
2025-04-30 14:20:52 [HikariPool-1 housekeeper] WARN  com.zaxxer.hikari.pool.HikariPool - HikariPool-1 - Thread starvation or clock leap detected (housekeeper delta=4m21s297ms).
2025-04-30 14:22:33 [File Watcher] INFO  o.s.b.d.a.LocalDevToolsAutoConfiguration$RestartingClassPathChangeChangedEventListener - Restarting due to 2 class path changes (0 additions, 0 deletions, 2 modifications)
2025-04-30 14:22:33 [Thread-6] INFO  o.s.b.w.e.tomcat.GracefulShutdown - Commencing graceful shutdown. Waiting for active requests to complete
2025-04-30 14:22:33 [tomcat-shutdown] INFO  o.s.b.w.e.tomcat.GracefulShutdown - Graceful shutdown complete
2025-04-30 14:22:33 [Thread-6] INFO  o.s.o.j.LocalContainerEntityManagerFactoryBean - Closing JPA EntityManagerFactory for persistence unit 'default'
2025-04-30 14:22:33 [Thread-6] INFO  com.zaxxer.hikari.HikariDataSource - HikariPool-1 - Shutdown initiated...
2025-04-30 14:22:33 [Thread-6] INFO  com.zaxxer.hikari.HikariDataSource - HikariPool-1 - Shutdown completed.
2025-04-30 14:22:33 [restartedMain] INFO  b.f.b.c.chatbot.ChatbotApplication - Starting ChatbotApplication using Java 23.0.2 with PID 35776 (/Users/souhailaitsaid/dev/chatbot/target/classes started by souhailaitsaid in /Users/souhailaitsaid/dev/chatbot)
2025-04-30 14:22:33 [restartedMain] INFO  b.f.b.c.chatbot.ChatbotApplication - The following 1 profile is active: "dev"
2025-04-30 14:22:33 [restartedMain] INFO  o.s.d.r.c.RepositoryConfigurationDelegate - Bootstrapping Spring Data JPA repositories in DEFAULT mode.
2025-04-30 14:22:33 [restartedMain] INFO  o.s.d.r.c.RepositoryConfigurationDelegate - Finished Spring Data repository scanning in 5 ms. Found 6 JPA repository interfaces.
2025-04-30 14:22:33 [restartedMain] INFO  o.s.b.w.e.tomcat.TomcatWebServer - Tomcat initialized with port 8081 (http)
2025-04-30 14:22:33 [restartedMain] INFO  o.a.catalina.core.StandardService - Starting service [Tomcat]
2025-04-30 14:22:33 [restartedMain] INFO  o.a.catalina.core.StandardEngine - Starting Servlet engine: [Apache Tomcat/10.1.40]
2025-04-30 14:22:33 [restartedMain] INFO  o.a.c.c.C.[Tomcat].[localhost].[/] - Initializing Spring embedded WebApplicationContext
2025-04-30 14:22:33 [restartedMain] INFO  o.s.b.w.s.c.ServletWebServerApplicationContext - Root WebApplicationContext: initialization completed in 232 ms
2025-04-30 14:22:33 [restartedMain] INFO  o.h.jpa.internal.util.LogHelper - HHH000204: Processing PersistenceUnitInfo [name: default]
2025-04-30 14:22:33 [restartedMain] INFO  o.h.c.i.RegionFactoryInitiator - HHH000026: Second-level cache disabled
2025-04-30 14:22:33 [restartedMain] INFO  o.s.o.j.p.SpringPersistenceUnitInfo - No LoadTimeWeaver setup: ignoring JPA class transformer
2025-04-30 14:22:33 [restartedMain] INFO  com.zaxxer.hikari.HikariDataSource - HikariPool-2 - Starting...
2025-04-30 14:22:33 [restartedMain] INFO  com.zaxxer.hikari.pool.HikariPool - HikariPool-2 - Added connection org.postgresql.jdbc.PgConnection@44478f8d
2025-04-30 14:22:33 [restartedMain] INFO  com.zaxxer.hikari.HikariDataSource - HikariPool-2 - Start completed.
2025-04-30 14:22:33 [restartedMain] INFO  o.hibernate.orm.connections.pooling - HHH10001005: Database info:
	Database JDBC URL [Connecting through datasource 'HikariDataSource (HikariPool-2)']
	Database driver: undefined/unknown
	Database version: 17.4
	Autocommit mode: undefined/unknown
	Isolation level: undefined/unknown
	Minimum pool size: undefined/unknown
	Maximum pool size: undefined/unknown
2025-04-30 14:22:33 [restartedMain] INFO  o.h.e.t.j.p.i.JtaPlatformInitiator - HHH000489: No JTA platform available (set 'hibernate.transaction.jta.platform' to enable JTA platform integration)
2025-04-30 14:22:33 [restartedMain] INFO  o.s.o.j.LocalContainerEntityManagerFactoryBean - Initialized JPA EntityManagerFactory for persistence unit 'default'
2025-04-30 14:22:34 [restartedMain] INFO  b.f.b.c.c.i.PgVectorExtensionInitializer - =======> Executing query: CREATE EXTENSION IF NOT EXISTS vector <=========
2025-04-30 14:22:34 [restartedMain] INFO  b.f.b.c.c.i.PgVectorExtensionInitializer - =======> Successfully created pgvector extension <=========
2025-04-30 14:22:34 [restartedMain] WARN  o.s.b.a.o.j.JpaBaseConfiguration$JpaWebConfiguration - spring.jpa.open-in-view is enabled by default. Therefore, database queries may be performed during view rendering. Explicitly configure spring.jpa.open-in-view to disable this warning
2025-04-30 14:22:34 [restartedMain] INFO  o.s.v.b.OptionalValidatorFactoryBean - Failed to set up a Bean Validation provider: jakarta.validation.NoProviderFoundException: Unable to create a Configuration, because no Jakarta Bean Validation provider could be found. Add a provider like Hibernate Validator (RI) to your classpath.
2025-04-30 14:22:34 [restartedMain] INFO  o.s.b.d.a.OptionalLiveReloadServer - LiveReload server is running on port 35729
2025-04-30 14:22:34 [restartedMain] INFO  o.s.b.a.e.web.EndpointLinksResolver - Exposing 3 endpoints beneath base path '/actuator'
2025-04-30 14:22:34 [restartedMain] INFO  o.s.b.w.e.tomcat.TomcatWebServer - Tomcat started on port 8081 (http) with context path '/'
2025-04-30 14:22:34 [restartedMain] INFO  b.f.b.c.chatbot.ChatbotApplication - Started ChatbotApplication in 1.234 seconds (process running for 794.158)
2025-04-30 14:22:34 [restartedMain] INFO  b.f.b.c.c.i.PgVectorIndexInitializer - =======> onApplicationEvent PgVectorIndexInitializer executing .... <=========
2025-04-30 14:22:34 [restartedMain] INFO  b.f.b.c.c.i.PgVectorIndexInitializer - =======> onApplicationEvent checkIfIndexExists true} <=========
2025-04-30 14:22:34 [restartedMain] INFO  b.f.b.c.c.i.PgVectorIndexInitializer - =======> !! HNSW index already exists for embeddings column <=========
2025-04-30 14:22:34 [restartedMain] INFO  o.s.b.d.a.ConditionEvaluationDeltaLoggingListener - Condition evaluation unchanged
2025-04-30 14:23:01 [File Watcher] INFO  o.s.b.d.a.LocalDevToolsAutoConfiguration$RestartingClassPathChangeChangedEventListener - Restarting due to 2 class path changes (0 additions, 0 deletions, 2 modifications)
2025-04-30 14:23:01 [Thread-8] INFO  o.s.b.w.e.tomcat.GracefulShutdown - Commencing graceful shutdown. Waiting for active requests to complete
2025-04-30 14:23:01 [tomcat-shutdown] INFO  o.s.b.w.e.tomcat.GracefulShutdown - Graceful shutdown complete
2025-04-30 14:23:01 [Thread-8] INFO  o.s.o.j.LocalContainerEntityManagerFactoryBean - Closing JPA EntityManagerFactory for persistence unit 'default'
2025-04-30 14:23:01 [Thread-8] INFO  com.zaxxer.hikari.HikariDataSource - HikariPool-2 - Shutdown initiated...
2025-04-30 14:23:01 [Thread-8] INFO  com.zaxxer.hikari.HikariDataSource - HikariPool-2 - Shutdown completed.
2025-04-30 14:23:01 [restartedMain] INFO  b.f.b.c.chatbot.ChatbotApplication - Starting ChatbotApplication using Java 23.0.2 with PID 35776 (/Users/souhailaitsaid/dev/chatbot/target/classes started by souhailaitsaid in /Users/souhailaitsaid/dev/chatbot)
2025-04-30 14:23:01 [restartedMain] INFO  b.f.b.c.chatbot.ChatbotApplication - The following 1 profile is active: "dev"
2025-04-30 14:23:01 [restartedMain] INFO  o.s.d.r.c.RepositoryConfigurationDelegate - Bootstrapping Spring Data JPA repositories in DEFAULT mode.
2025-04-30 14:23:02 [restartedMain] INFO  o.s.d.r.c.RepositoryConfigurationDelegate - Finished Spring Data repository scanning in 5 ms. Found 6 JPA repository interfaces.
2025-04-30 14:23:02 [restartedMain] INFO  o.s.b.w.e.tomcat.TomcatWebServer - Tomcat initialized with port 8081 (http)
2025-04-30 14:23:02 [restartedMain] INFO  o.a.catalina.core.StandardService - Starting service [Tomcat]
2025-04-30 14:23:02 [restartedMain] INFO  o.a.catalina.core.StandardEngine - Starting Servlet engine: [Apache Tomcat/10.1.40]
2025-04-30 14:23:02 [restartedMain] INFO  o.a.c.c.C.[Tomcat].[localhost].[/] - Initializing Spring embedded WebApplicationContext
2025-04-30 14:23:02 [restartedMain] INFO  o.s.b.w.s.c.ServletWebServerApplicationContext - Root WebApplicationContext: initialization completed in 199 ms
2025-04-30 14:23:02 [restartedMain] INFO  o.h.jpa.internal.util.LogHelper - HHH000204: Processing PersistenceUnitInfo [name: default]
2025-04-30 14:23:02 [restartedMain] INFO  o.h.c.i.RegionFactoryInitiator - HHH000026: Second-level cache disabled
2025-04-30 14:23:02 [restartedMain] INFO  o.s.o.j.p.SpringPersistenceUnitInfo - No LoadTimeWeaver setup: ignoring JPA class transformer
2025-04-30 14:23:02 [restartedMain] INFO  com.zaxxer.hikari.HikariDataSource - HikariPool-3 - Starting...
2025-04-30 14:23:02 [restartedMain] INFO  com.zaxxer.hikari.pool.HikariPool - HikariPool-3 - Added connection org.postgresql.jdbc.PgConnection@63fce4a0
2025-04-30 14:23:02 [restartedMain] INFO  com.zaxxer.hikari.HikariDataSource - HikariPool-3 - Start completed.
2025-04-30 14:23:02 [restartedMain] INFO  o.hibernate.orm.connections.pooling - HHH10001005: Database info:
	Database JDBC URL [Connecting through datasource 'HikariDataSource (HikariPool-3)']
	Database driver: undefined/unknown
	Database version: 17.4
	Autocommit mode: undefined/unknown
	Isolation level: undefined/unknown
	Minimum pool size: undefined/unknown
	Maximum pool size: undefined/unknown
2025-04-30 14:23:02 [restartedMain] INFO  o.h.e.t.j.p.i.JtaPlatformInitiator - HHH000489: No JTA platform available (set 'hibernate.transaction.jta.platform' to enable JTA platform integration)
2025-04-30 14:23:02 [restartedMain] INFO  o.s.o.j.LocalContainerEntityManagerFactoryBean - Initialized JPA EntityManagerFactory for persistence unit 'default'
2025-04-30 14:23:02 [restartedMain] INFO  b.f.b.c.c.i.PgVectorExtensionInitializer - =======> Executing query: CREATE EXTENSION IF NOT EXISTS vector <=========
2025-04-30 14:23:02 [restartedMain] INFO  b.f.b.c.c.i.PgVectorExtensionInitializer - =======> Successfully created pgvector extension <=========
2025-04-30 14:23:02 [restartedMain] WARN  o.s.b.a.o.j.JpaBaseConfiguration$JpaWebConfiguration - spring.jpa.open-in-view is enabled by default. Therefore, database queries may be performed during view rendering. Explicitly configure spring.jpa.open-in-view to disable this warning
2025-04-30 14:23:02 [restartedMain] INFO  o.s.v.b.OptionalValidatorFactoryBean - Failed to set up a Bean Validation provider: jakarta.validation.NoProviderFoundException: Unable to create a Configuration, because no Jakarta Bean Validation provider could be found. Add a provider like Hibernate Validator (RI) to your classpath.
2025-04-30 14:23:02 [restartedMain] INFO  o.s.b.d.a.OptionalLiveReloadServer - LiveReload server is running on port 35729
2025-04-30 14:23:02 [restartedMain] INFO  o.s.b.a.e.web.EndpointLinksResolver - Exposing 3 endpoints beneath base path '/actuator'
2025-04-30 14:23:02 [restartedMain] INFO  o.s.b.w.e.tomcat.TomcatWebServer - Tomcat started on port 8081 (http) with context path '/'
2025-04-30 14:23:02 [restartedMain] INFO  b.f.b.c.chatbot.ChatbotApplication - Started ChatbotApplication in 0.765 seconds (process running for 822.053)
2025-04-30 14:23:02 [restartedMain] INFO  b.f.b.c.c.i.PgVectorIndexInitializer - =======> onApplicationEvent PgVectorIndexInitializer executing .... <=========
2025-04-30 14:23:02 [restartedMain] INFO  b.f.b.c.c.i.PgVectorIndexInitializer - =======> onApplicationEvent checkIfIndexExists true} <=========
2025-04-30 14:23:02 [restartedMain] INFO  b.f.b.c.c.i.PgVectorIndexInitializer - =======> !! HNSW index already exists for embeddings column <=========
2025-04-30 14:23:02 [restartedMain] INFO  o.s.b.d.a.ConditionEvaluationDeltaLoggingListener - Condition evaluation unchanged
2025-04-30 14:28:28 [http-nio-8081-exec-1] INFO  o.a.c.c.C.[Tomcat].[localhost].[/] - Initializing Spring DispatcherServlet 'dispatcherServlet'
2025-04-30 14:28:28 [http-nio-8081-exec-1] INFO  o.s.web.servlet.DispatcherServlet - Initializing Servlet 'dispatcherServlet'
2025-04-30 14:28:28 [http-nio-8081-exec-1] INFO  o.s.web.servlet.DispatcherServlet - Completed initialization in 2 ms
2025-04-30 14:28:28 [http-nio-8081-exec-2] INFO  b.f.b.c.chatbot.services.RageService - Processing document with metadata: adc78e17-7d00-446b-ae4c-6be1ae415374_FAQ_JUSTICE.pdf
2025-04-30 14:28:30 [http-nio-8081-exec-2] INFO  b.f.b.c.chatbot.services.RageService - Document with metadata successfully processed
2025-04-30 14:28:30 [http-nio-8081-exec-2] INFO  b.f.b.c.chatbot.services.RageService - Document saved and processed: FAQ_JUSTICE.pdf, ID: 3e4e0e1e-dcc4-4c86-952e-f0a6331d28e0
2025-04-30 14:29:06 [http-nio-8081-exec-3] INFO  b.f.b.c.chatbot.api.ChatController - info request - > You: qu'est-ce que le registre national de protection ?
2025-04-30 14:29:09 [http-nio-8081-exec-3] INFO  b.f.b.c.c.services.ChatBotService - Response verification result: score=0.0, verified=false
2025-04-30 14:29:09 [http-nio-8081-exec-3] WARN  b.f.b.c.c.services.ChatBotService - Response failed verification (score: 0.0). Ungrounded claims: 
2025-04-30 14:29:10 [http-nio-8081-exec-3] INFO  b.f.b.c.c.services.ChatBotService - Interaction - SessionID: cf5558db-6136-43ce-95b0-dc9a176728bb, Question: qu'est-ce que le registre national de protection ?, Answer length: 92, Response confidence: 0.4, Retrieval confidence: 0.0
2025-04-30 14:29:10 [http-nio-8081-exec-3] INFO  b.f.b.c.chatbot.api.ChatController - info response <-- bot: Je n'ai pas trouvé d'information sur un "registre national de protection" dans mon contexte.
2025-04-30 14:31:08 [SpringApplicationShutdownHook] INFO  o.s.b.w.e.tomcat.GracefulShutdown - Commencing graceful shutdown. Waiting for active requests to complete
2025-04-30 14:31:08 [tomcat-shutdown] INFO  o.s.b.w.e.tomcat.GracefulShutdown - Graceful shutdown complete
2025-04-30 14:31:08 [SpringApplicationShutdownHook] INFO  o.s.o.j.LocalContainerEntityManagerFactoryBean - Closing JPA EntityManagerFactory for persistence unit 'default'
2025-04-30 14:31:08 [SpringApplicationShutdownHook] INFO  com.zaxxer.hikari.HikariDataSource - HikariPool-3 - Shutdown initiated...
2025-04-30 14:31:08 [SpringApplicationShutdownHook] INFO  com.zaxxer.hikari.HikariDataSource - HikariPool-3 - Shutdown completed.
2025-04-30 14:31:10 [restartedMain] INFO  b.f.b.c.chatbot.ChatbotApplication - Starting ChatbotApplication using Java 23.0.2 with PID 36188 (/Users/souhailaitsaid/dev/chatbot/target/classes started by souhailaitsaid in /Users/souhailaitsaid/dev/chatbot)
2025-04-30 14:31:10 [restartedMain] INFO  b.f.b.c.chatbot.ChatbotApplication - The following 1 profile is active: "dev"
2025-04-30 14:31:10 [restartedMain] INFO  o.s.b.d.e.DevToolsPropertyDefaultsPostProcessor - Devtools property defaults active! Set 'spring.devtools.add-properties' to 'false' to disable
2025-04-30 14:31:10 [restartedMain] INFO  o.s.b.d.e.DevToolsPropertyDefaultsPostProcessor - For additional web related logging consider setting the 'logging.level.web' property to 'DEBUG'
2025-04-30 14:31:10 [restartedMain] INFO  o.s.d.r.c.RepositoryConfigurationDelegate - Bootstrapping Spring Data JPA repositories in DEFAULT mode.
2025-04-30 14:31:10 [restartedMain] INFO  o.s.d.r.c.RepositoryConfigurationDelegate - Finished Spring Data repository scanning in 54 ms. Found 6 JPA repository interfaces.
2025-04-30 14:31:11 [restartedMain] INFO  o.s.b.w.e.tomcat.TomcatWebServer - Tomcat initialized with port 8081 (http)
2025-04-30 14:31:11 [restartedMain] INFO  o.a.catalina.core.StandardService - Starting service [Tomcat]
2025-04-30 14:31:11 [restartedMain] INFO  o.a.catalina.core.StandardEngine - Starting Servlet engine: [Apache Tomcat/10.1.40]
2025-04-30 14:31:11 [restartedMain] INFO  o.a.c.c.C.[Tomcat].[localhost].[/] - Initializing Spring embedded WebApplicationContext
2025-04-30 14:31:11 [restartedMain] INFO  o.s.b.w.s.c.ServletWebServerApplicationContext - Root WebApplicationContext: initialization completed in 895 ms
2025-04-30 14:31:11 [restartedMain] INFO  o.h.jpa.internal.util.LogHelper - HHH000204: Processing PersistenceUnitInfo [name: default]
2025-04-30 14:31:11 [restartedMain] INFO  org.hibernate.Version - HHH000412: Hibernate ORM core version 6.6.13.Final
2025-04-30 14:31:11 [restartedMain] INFO  o.h.c.i.RegionFactoryInitiator - HHH000026: Second-level cache disabled
2025-04-30 14:31:11 [restartedMain] INFO  o.s.o.j.p.SpringPersistenceUnitInfo - No LoadTimeWeaver setup: ignoring JPA class transformer
2025-04-30 14:31:11 [restartedMain] INFO  com.zaxxer.hikari.HikariDataSource - HikariPool-1 - Starting...
2025-04-30 14:31:11 [restartedMain] INFO  com.zaxxer.hikari.pool.HikariPool - HikariPool-1 - Added connection org.postgresql.jdbc.PgConnection@222901bb
2025-04-30 14:31:11 [restartedMain] INFO  com.zaxxer.hikari.HikariDataSource - HikariPool-1 - Start completed.
2025-04-30 14:31:11 [restartedMain] INFO  o.hibernate.orm.connections.pooling - HHH10001005: Database info:
	Database JDBC URL [Connecting through datasource 'HikariDataSource (HikariPool-1)']
	Database driver: undefined/unknown
	Database version: 17.4
	Autocommit mode: undefined/unknown
	Isolation level: undefined/unknown
	Minimum pool size: undefined/unknown
	Maximum pool size: undefined/unknown
2025-04-30 14:31:11 [restartedMain] INFO  o.h.e.t.j.p.i.JtaPlatformInitiator - HHH000489: No JTA platform available (set 'hibernate.transaction.jta.platform' to enable JTA platform integration)
2025-04-30 14:31:11 [restartedMain] INFO  o.s.o.j.LocalContainerEntityManagerFactoryBean - Initialized JPA EntityManagerFactory for persistence unit 'default'
2025-04-30 14:31:12 [restartedMain] INFO  b.f.b.c.c.i.PgVectorExtensionInitializer - =======> Executing query: CREATE EXTENSION IF NOT EXISTS vector <=========
2025-04-30 14:31:12 [restartedMain] INFO  b.f.b.c.c.i.PgVectorExtensionInitializer - =======> Successfully created pgvector extension <=========
2025-04-30 14:31:12 [restartedMain] WARN  o.s.b.a.o.j.JpaBaseConfiguration$JpaWebConfiguration - spring.jpa.open-in-view is enabled by default. Therefore, database queries may be performed during view rendering. Explicitly configure spring.jpa.open-in-view to disable this warning
2025-04-30 14:31:12 [restartedMain] INFO  o.s.v.b.OptionalValidatorFactoryBean - Failed to set up a Bean Validation provider: jakarta.validation.NoProviderFoundException: Unable to create a Configuration, because no Jakarta Bean Validation provider could be found. Add a provider like Hibernate Validator (RI) to your classpath.
2025-04-30 14:31:12 [restartedMain] INFO  o.s.b.d.a.OptionalLiveReloadServer - LiveReload server is running on port 35729
2025-04-30 14:31:12 [restartedMain] INFO  o.s.b.a.e.web.EndpointLinksResolver - Exposing 3 endpoints beneath base path '/actuator'
2025-04-30 14:31:12 [restartedMain] INFO  o.s.b.w.e.tomcat.TomcatWebServer - Tomcat started on port 8081 (http) with context path '/'
2025-04-30 14:31:12 [restartedMain] INFO  b.f.b.c.chatbot.ChatbotApplication - Started ChatbotApplication in 2.928 seconds (process running for 3.27)
2025-04-30 14:31:13 [restartedMain] INFO  b.f.b.c.c.i.PgVectorIndexInitializer - =======> onApplicationEvent PgVectorIndexInitializer executing .... <=========
2025-04-30 14:31:13 [restartedMain] INFO  b.f.b.c.c.i.PgVectorIndexInitializer - =======> onApplicationEvent checkIfIndexExists true} <=========
2025-04-30 14:31:13 [restartedMain] INFO  b.f.b.c.c.i.PgVectorIndexInitializer - =======> !! HNSW index already exists for embeddings column <=========
2025-04-30 14:31:13 [RMI TCP Connection(3)-192.168.1.2] INFO  o.a.c.c.C.[Tomcat].[localhost].[/] - Initializing Spring DispatcherServlet 'dispatcherServlet'
2025-04-30 14:31:13 [RMI TCP Connection(3)-192.168.1.2] INFO  o.s.web.servlet.DispatcherServlet - Initializing Servlet 'dispatcherServlet'
2025-04-30 14:31:13 [RMI TCP Connection(3)-192.168.1.2] INFO  o.s.web.servlet.DispatcherServlet - Completed initialization in 1 ms
2025-04-30 14:31:25 [http-nio-8081-exec-1] INFO  b.f.b.c.chatbot.api.ChatController - info request - > You: qu'est-ce que le registre national de protection ?
2025-04-30 14:31:26 [http-nio-8081-exec-1] INFO  b.f.b.c.c.services.ChatBotService - Response verification result: score=0.0, verified=false
2025-04-30 14:31:26 [http-nio-8081-exec-1] WARN  b.f.b.c.c.services.ChatBotService - Response failed verification (score: 0.0). Ungrounded claims: 
2025-04-30 14:31:27 [http-nio-8081-exec-1] INFO  b.f.b.c.c.services.ChatBotService - Interaction - SessionID: cf5558db-6136-43ce-95b0-dc9a176728bb, Question: qu'est-ce que le registre national de protection ?, Answer length: 103, Response confidence: 0.4, Retrieval confidence: 0.0
2025-04-30 14:31:27 [http-nio-8081-exec-1] INFO  b.f.b.c.chatbot.api.ChatController - info response <-- bot: Je n'ai pas trouvé d'information spécifique sur "le registre national de protection" dans mon contexte.
2025-04-30 14:32:33 [SpringApplicationShutdownHook] INFO  o.s.b.w.e.tomcat.GracefulShutdown - Commencing graceful shutdown. Waiting for active requests to complete
2025-04-30 14:32:33 [tomcat-shutdown] INFO  o.s.b.w.e.tomcat.GracefulShutdown - Graceful shutdown complete
2025-04-30 14:32:33 [SpringApplicationShutdownHook] INFO  o.s.o.j.LocalContainerEntityManagerFactoryBean - Closing JPA EntityManagerFactory for persistence unit 'default'
2025-04-30 14:32:33 [SpringApplicationShutdownHook] INFO  com.zaxxer.hikari.HikariDataSource - HikariPool-1 - Shutdown initiated...
2025-04-30 14:32:33 [SpringApplicationShutdownHook] INFO  com.zaxxer.hikari.HikariDataSource - HikariPool-1 - Shutdown completed.
2025-04-30 14:32:35 [restartedMain] INFO  b.f.b.c.chatbot.ChatbotApplication - Starting ChatbotApplication using Java 23.0.2 with PID 36235 (/Users/souhailaitsaid/dev/chatbot/target/classes started by souhailaitsaid in /Users/souhailaitsaid/dev/chatbot)
2025-04-30 14:32:35 [restartedMain] INFO  b.f.b.c.chatbot.ChatbotApplication - The following 1 profile is active: "dev"
2025-04-30 14:32:35 [restartedMain] INFO  o.s.b.d.e.DevToolsPropertyDefaultsPostProcessor - Devtools property defaults active! Set 'spring.devtools.add-properties' to 'false' to disable
2025-04-30 14:32:35 [restartedMain] INFO  o.s.b.d.e.DevToolsPropertyDefaultsPostProcessor - For additional web related logging consider setting the 'logging.level.web' property to 'DEBUG'
2025-04-30 14:32:35 [restartedMain] INFO  o.s.d.r.c.RepositoryConfigurationDelegate - Bootstrapping Spring Data JPA repositories in DEFAULT mode.
2025-04-30 14:32:35 [restartedMain] INFO  o.s.d.r.c.RepositoryConfigurationDelegate - Finished Spring Data repository scanning in 55 ms. Found 6 JPA repository interfaces.
2025-04-30 14:32:36 [restartedMain] INFO  o.s.b.w.e.tomcat.TomcatWebServer - Tomcat initialized with port 8081 (http)
2025-04-30 14:32:36 [restartedMain] INFO  o.a.catalina.core.StandardService - Starting service [Tomcat]
2025-04-30 14:32:36 [restartedMain] INFO  o.a.catalina.core.StandardEngine - Starting Servlet engine: [Apache Tomcat/10.1.40]
2025-04-30 14:32:36 [restartedMain] INFO  o.a.c.c.C.[Tomcat].[localhost].[/] - Initializing Spring embedded WebApplicationContext
2025-04-30 14:32:36 [restartedMain] INFO  o.s.b.w.s.c.ServletWebServerApplicationContext - Root WebApplicationContext: initialization completed in 867 ms
2025-04-30 14:32:36 [restartedMain] INFO  o.h.jpa.internal.util.LogHelper - HHH000204: Processing PersistenceUnitInfo [name: default]
2025-04-30 14:32:36 [restartedMain] INFO  org.hibernate.Version - HHH000412: Hibernate ORM core version 6.6.13.Final
2025-04-30 14:32:36 [restartedMain] INFO  o.h.c.i.RegionFactoryInitiator - HHH000026: Second-level cache disabled
2025-04-30 14:32:36 [restartedMain] INFO  o.s.o.j.p.SpringPersistenceUnitInfo - No LoadTimeWeaver setup: ignoring JPA class transformer
2025-04-30 14:32:36 [restartedMain] INFO  com.zaxxer.hikari.HikariDataSource - HikariPool-1 - Starting...
2025-04-30 14:32:36 [restartedMain] INFO  com.zaxxer.hikari.pool.HikariPool - HikariPool-1 - Added connection org.postgresql.jdbc.PgConnection@5a280ae1
2025-04-30 14:32:36 [restartedMain] INFO  com.zaxxer.hikari.HikariDataSource - HikariPool-1 - Start completed.
2025-04-30 14:32:36 [restartedMain] INFO  o.hibernate.orm.connections.pooling - HHH10001005: Database info:
	Database JDBC URL [Connecting through datasource 'HikariDataSource (HikariPool-1)']
	Database driver: undefined/unknown
	Database version: 17.4
	Autocommit mode: undefined/unknown
	Isolation level: undefined/unknown
	Minimum pool size: undefined/unknown
	Maximum pool size: undefined/unknown
2025-04-30 14:32:36 [restartedMain] INFO  o.h.e.t.j.p.i.JtaPlatformInitiator - HHH000489: No JTA platform available (set 'hibernate.transaction.jta.platform' to enable JTA platform integration)
2025-04-30 14:32:36 [restartedMain] INFO  o.s.o.j.LocalContainerEntityManagerFactoryBean - Initialized JPA EntityManagerFactory for persistence unit 'default'
2025-04-30 14:32:37 [restartedMain] INFO  b.f.b.c.c.i.PgVectorExtensionInitializer - =======> Executing query: CREATE EXTENSION IF NOT EXISTS vector <=========
2025-04-30 14:32:37 [restartedMain] INFO  b.f.b.c.c.i.PgVectorExtensionInitializer - =======> Successfully created pgvector extension <=========
2025-04-30 14:32:37 [restartedMain] WARN  o.s.b.a.o.j.JpaBaseConfiguration$JpaWebConfiguration - spring.jpa.open-in-view is enabled by default. Therefore, database queries may be performed during view rendering. Explicitly configure spring.jpa.open-in-view to disable this warning
2025-04-30 14:32:37 [restartedMain] INFO  o.s.v.b.OptionalValidatorFactoryBean - Failed to set up a Bean Validation provider: jakarta.validation.NoProviderFoundException: Unable to create a Configuration, because no Jakarta Bean Validation provider could be found. Add a provider like Hibernate Validator (RI) to your classpath.
2025-04-30 14:32:37 [restartedMain] INFO  o.s.b.d.a.OptionalLiveReloadServer - LiveReload server is running on port 35729
2025-04-30 14:32:37 [restartedMain] INFO  o.s.b.a.e.web.EndpointLinksResolver - Exposing 3 endpoints beneath base path '/actuator'
2025-04-30 14:32:37 [restartedMain] INFO  o.s.b.w.e.tomcat.TomcatWebServer - Tomcat started on port 8081 (http) with context path '/'
2025-04-30 14:32:37 [restartedMain] INFO  b.f.b.c.chatbot.ChatbotApplication - Started ChatbotApplication in 2.874 seconds (process running for 3.202)
2025-04-30 14:32:37 [restartedMain] INFO  b.f.b.c.c.i.PgVectorIndexInitializer - =======> onApplicationEvent PgVectorIndexInitializer executing .... <=========
2025-04-30 14:32:37 [restartedMain] INFO  b.f.b.c.c.i.PgVectorIndexInitializer - =======> onApplicationEvent checkIfIndexExists true} <=========
2025-04-30 14:32:37 [restartedMain] INFO  b.f.b.c.c.i.PgVectorIndexInitializer - =======> !! HNSW index already exists for embeddings column <=========
2025-04-30 14:32:38 [RMI TCP Connection(1)-192.168.1.2] INFO  o.a.c.c.C.[Tomcat].[localhost].[/] - Initializing Spring DispatcherServlet 'dispatcherServlet'
2025-04-30 14:32:38 [RMI TCP Connection(1)-192.168.1.2] INFO  o.s.web.servlet.DispatcherServlet - Initializing Servlet 'dispatcherServlet'
2025-04-30 14:32:38 [RMI TCP Connection(1)-192.168.1.2] INFO  o.s.web.servlet.DispatcherServlet - Completed initialization in 1 ms
2025-04-30 14:32:44 [http-nio-8081-exec-1] INFO  b.f.b.c.chatbot.api.ChatController - info request - > You: qu'est-ce que le registre national de protection ?
2025-04-30 14:32:44 [http-nio-8081-exec-1] INFO  b.f.b.c.c.services.ChatBotService - Retrieved 0 relevant segments
2025-04-30 14:32:46 [http-nio-8081-exec-1] INFO  b.f.b.c.c.services.ChatBotService - Response verification result: score=0.0, verified=false
2025-04-30 14:32:46 [http-nio-8081-exec-1] WARN  b.f.b.c.c.services.ChatBotService - Response failed verification (score: 0.0). Ungrounded claims: 
2025-04-30 14:32:46 [http-nio-8081-exec-1] INFO  b.f.b.c.c.services.ChatBotService - Interaction - SessionID: cf5558db-6136-43ce-95b0-dc9a176728bb, Question: qu'est-ce que le registre national de protection ?, Answer length: 103, Response confidence: 0.4, Retrieval confidence: 0.0
2025-04-30 14:32:46 [http-nio-8081-exec-1] INFO  b.f.b.c.chatbot.api.ChatController - info response <-- bot: Je n'ai pas trouvé d'information spécifique sur "le registre national de protection" dans mon contexte.
2025-04-30 14:36:16 [File Watcher] INFO  o.s.b.d.a.LocalDevToolsAutoConfiguration$RestartingClassPathChangeChangedEventListener - Restarting due to 3 class path changes (0 additions, 0 deletions, 3 modifications)
2025-04-30 14:36:16 [Thread-6] INFO  o.s.b.w.e.tomcat.GracefulShutdown - Commencing graceful shutdown. Waiting for active requests to complete
2025-04-30 14:36:16 [tomcat-shutdown] INFO  o.s.b.w.e.tomcat.GracefulShutdown - Graceful shutdown complete
2025-04-30 14:36:16 [Thread-6] INFO  o.s.o.j.LocalContainerEntityManagerFactoryBean - Closing JPA EntityManagerFactory for persistence unit 'default'
2025-04-30 14:36:16 [Thread-6] INFO  com.zaxxer.hikari.HikariDataSource - HikariPool-1 - Shutdown initiated...
2025-04-30 14:36:16 [Thread-6] INFO  com.zaxxer.hikari.HikariDataSource - HikariPool-1 - Shutdown completed.
2025-04-30 14:36:16 [restartedMain] INFO  b.f.b.c.chatbot.ChatbotApplication - Starting ChatbotApplication using Java 23.0.2 with PID 36235 (/Users/souhailaitsaid/dev/chatbot/target/classes started by souhailaitsaid in /Users/souhailaitsaid/dev/chatbot)
2025-04-30 14:36:16 [restartedMain] INFO  b.f.b.c.chatbot.ChatbotApplication - The following 1 profile is active: "dev"
2025-04-30 14:36:16 [restartedMain] INFO  o.s.d.r.c.RepositoryConfigurationDelegate - Bootstrapping Spring Data JPA repositories in DEFAULT mode.
2025-04-30 14:36:16 [restartedMain] INFO  o.s.d.r.c.RepositoryConfigurationDelegate - Finished Spring Data repository scanning in 5 ms. Found 6 JPA repository interfaces.
2025-04-30 14:36:16 [restartedMain] INFO  o.s.b.w.e.tomcat.TomcatWebServer - Tomcat initialized with port 8081 (http)
2025-04-30 14:36:16 [restartedMain] INFO  o.a.catalina.core.StandardService - Starting service [Tomcat]
2025-04-30 14:36:16 [restartedMain] INFO  o.a.catalina.core.StandardEngine - Starting Servlet engine: [Apache Tomcat/10.1.40]
2025-04-30 14:36:16 [restartedMain] INFO  o.a.c.c.C.[Tomcat].[localhost].[/] - Initializing Spring embedded WebApplicationContext
2025-04-30 14:36:16 [restartedMain] INFO  o.s.b.w.s.c.ServletWebServerApplicationContext - Root WebApplicationContext: initialization completed in 209 ms
2025-04-30 14:36:16 [restartedMain] INFO  o.h.jpa.internal.util.LogHelper - HHH000204: Processing PersistenceUnitInfo [name: default]
2025-04-30 14:36:16 [restartedMain] INFO  o.h.c.i.RegionFactoryInitiator - HHH000026: Second-level cache disabled
2025-04-30 14:36:16 [restartedMain] INFO  o.s.o.j.p.SpringPersistenceUnitInfo - No LoadTimeWeaver setup: ignoring JPA class transformer
2025-04-30 14:36:16 [restartedMain] INFO  com.zaxxer.hikari.HikariDataSource - HikariPool-2 - Starting...
2025-04-30 14:36:16 [restartedMain] INFO  com.zaxxer.hikari.pool.HikariPool - HikariPool-2 - Added connection org.postgresql.jdbc.PgConnection@7adec46
2025-04-30 14:36:16 [restartedMain] INFO  com.zaxxer.hikari.HikariDataSource - HikariPool-2 - Start completed.
2025-04-30 14:36:16 [restartedMain] INFO  o.hibernate.orm.connections.pooling - HHH10001005: Database info:
	Database JDBC URL [Connecting through datasource 'HikariDataSource (HikariPool-2)']
	Database driver: undefined/unknown
	Database version: 17.4
	Autocommit mode: undefined/unknown
	Isolation level: undefined/unknown
	Minimum pool size: undefined/unknown
	Maximum pool size: undefined/unknown
2025-04-30 14:36:16 [restartedMain] INFO  o.h.e.t.j.p.i.JtaPlatformInitiator - HHH000489: No JTA platform available (set 'hibernate.transaction.jta.platform' to enable JTA platform integration)
2025-04-30 14:36:17 [restartedMain] INFO  o.s.o.j.LocalContainerEntityManagerFactoryBean - Initialized JPA EntityManagerFactory for persistence unit 'default'
2025-04-30 14:36:17 [restartedMain] INFO  b.f.b.c.c.i.PgVectorExtensionInitializer - =======> Executing query: CREATE EXTENSION IF NOT EXISTS vector <=========
2025-04-30 14:36:17 [restartedMain] INFO  b.f.b.c.c.i.PgVectorExtensionInitializer - =======> Successfully created pgvector extension <=========
2025-04-30 14:36:17 [restartedMain] WARN  o.s.b.a.o.j.JpaBaseConfiguration$JpaWebConfiguration - spring.jpa.open-in-view is enabled by default. Therefore, database queries may be performed during view rendering. Explicitly configure spring.jpa.open-in-view to disable this warning
2025-04-30 14:36:17 [restartedMain] INFO  o.s.v.b.OptionalValidatorFactoryBean - Failed to set up a Bean Validation provider: jakarta.validation.NoProviderFoundException: Unable to create a Configuration, because no Jakarta Bean Validation provider could be found. Add a provider like Hibernate Validator (RI) to your classpath.
2025-04-30 14:36:17 [restartedMain] INFO  o.s.b.d.a.OptionalLiveReloadServer - LiveReload server is running on port 35729
2025-04-30 14:36:17 [restartedMain] INFO  o.s.b.a.e.web.EndpointLinksResolver - Exposing 3 endpoints beneath base path '/actuator'
2025-04-30 14:36:17 [restartedMain] INFO  o.s.b.w.e.tomcat.TomcatWebServer - Tomcat started on port 8081 (http) with context path '/'
2025-04-30 14:36:17 [restartedMain] INFO  b.f.b.c.chatbot.ChatbotApplication - Started ChatbotApplication in 0.818 seconds (process running for 222.781)
2025-04-30 14:36:17 [restartedMain] INFO  b.f.b.c.c.i.PgVectorIndexInitializer - =======> onApplicationEvent PgVectorIndexInitializer executing .... <=========
2025-04-30 14:36:17 [restartedMain] INFO  b.f.b.c.c.i.PgVectorIndexInitializer - =======> onApplicationEvent checkIfIndexExists true} <=========
2025-04-30 14:36:17 [restartedMain] INFO  b.f.b.c.c.i.PgVectorIndexInitializer - =======> !! HNSW index already exists for embeddings column <=========
2025-04-30 14:36:17 [restartedMain] INFO  o.s.b.d.a.ConditionEvaluationDeltaLoggingListener - Condition evaluation unchanged
2025-04-30 14:36:23 [http-nio-8081-exec-1] INFO  o.a.c.c.C.[Tomcat].[localhost].[/] - Initializing Spring DispatcherServlet 'dispatcherServlet'
2025-04-30 14:36:23 [http-nio-8081-exec-1] INFO  o.s.web.servlet.DispatcherServlet - Initializing Servlet 'dispatcherServlet'
2025-04-30 14:36:23 [http-nio-8081-exec-1] INFO  o.s.web.servlet.DispatcherServlet - Completed initialization in 3 ms
2025-04-30 14:36:23 [http-nio-8081-exec-2] INFO  b.f.b.c.chatbot.api.ChatController - info request - > You: qu'est-ce que le registre national de protection ?
2025-04-30 14:36:23 [http-nio-8081-exec-2] INFO  b.f.b.c.c.services.ChatBotService - Retrieved 0 relevant segments
2025-04-30 14:36:25 [http-nio-8081-exec-2] INFO  b.f.b.c.c.services.ChatBotService - Response verification result: score=0.0, verified=false
2025-04-30 14:36:25 [http-nio-8081-exec-2] WARN  b.f.b.c.c.services.ChatBotService - Response failed verification (score: 0.0). Ungrounded claims: 
2025-04-30 14:36:25 [http-nio-8081-exec-2] INFO  b.f.b.c.c.services.ChatBotService - Interaction - SessionID: cf5558db-6136-43ce-95b0-dc9a176728bb, Question: qu'est-ce que le registre national de protection ?, Answer length: 92, Response confidence: 0.4, Retrieval confidence: 0.0
2025-04-30 14:36:25 [http-nio-8081-exec-2] INFO  b.f.b.c.chatbot.api.ChatController - info response <-- bot: Je n'ai pas trouvé d'information sur un "registre national de protection" dans mon contexte.
2025-04-30 14:37:10 [http-nio-8081-exec-3] INFO  b.f.b.c.chatbot.api.ChatController - info request - > You: qu'est-ce que le registre national de protection ?
2025-04-30 14:37:10 [http-nio-8081-exec-3] INFO  b.f.b.c.c.services.ChatBotService - Retrieved 5 relevant segments
2025-04-30 14:37:10 [http-nio-8081-exec-3] INFO  b.f.b.c.c.services.ChatBotService - Segment score: 0.9194243482549298 - Content:  Comment s'inscrire dans le Registre central de protection des personnes ?...
2025-04-30 14:37:10 [http-nio-8081-exec-3] INFO  b.f.b.c.c.services.ChatBotService - Segment score: 0.9158495171787686 - Content: central de protection des personnes (voir Comment s'inscrire au registre)....
2025-04-30 14:37:10 [http-nio-8081-exec-3] INFO  b.f.b.c.c.services.ChatBotService - Segment score: 0.9158495171787686 - Content: central de protection des personnes (voir Comment s'inscrire au registre)....
2025-04-30 14:37:10 [http-nio-8081-exec-3] INFO  b.f.b.c.c.services.ChatBotService - Segment score: 0.8969300275570451 - Content: Que dois-je faire ?

Si vous avez un numéro de registre national ou un numéro BIS, vous pouvez suivr...
2025-04-30 14:37:10 [http-nio-8081-exec-3] INFO  b.f.b.c.c.services.ChatBotService - Segment score: 0.8952608344115174 - Content:  Qui a accès au Registre central de protection des personnes ?

L'accès aux données du Registre cen...
2025-04-30 14:37:13 [http-nio-8081-exec-3] INFO  b.f.b.c.c.services.ChatBotService - Response verification result: score=0.0, verified=false
2025-04-30 14:37:13 [http-nio-8081-exec-3] WARN  b.f.b.c.c.services.ChatBotService - Response failed verification (score: 0.0). Ungrounded claims: 
2025-04-30 14:37:14 [http-nio-8081-exec-3] INFO  b.f.b.c.c.services.ChatBotService - Interaction - SessionID: 30acc55d-d31c-4f34-aab2-393eab8124eb, Question: qu'est-ce que le registre national de protection ?, Answer length: 279, Response confidence: 0.7, Retrieval confidence: 0.95
2025-04-30 14:37:14 [http-nio-8081-exec-3] INFO  b.f.b.c.chatbot.api.ChatController - info response <-- bot: Je n'ai pas trouvé d'information sur "le registre national de protection" dans le contexte fourni. Il semble que le contexte se réfère au "Registre central de protection des personnes". Si vous pourriez fournir plus de détails ou clarifier la question, je serais ravi de t'aider.
2025-04-30 14:41:35 [SpringApplicationShutdownHook] INFO  o.s.b.w.e.tomcat.GracefulShutdown - Commencing graceful shutdown. Waiting for active requests to complete
2025-04-30 14:41:35 [tomcat-shutdown] INFO  o.s.b.w.e.tomcat.GracefulShutdown - Graceful shutdown complete
2025-04-30 14:41:35 [SpringApplicationShutdownHook] INFO  o.s.o.j.LocalContainerEntityManagerFactoryBean - Closing JPA EntityManagerFactory for persistence unit 'default'
2025-04-30 14:41:35 [SpringApplicationShutdownHook] INFO  com.zaxxer.hikari.HikariDataSource - HikariPool-2 - Shutdown initiated...
2025-04-30 14:41:35 [SpringApplicationShutdownHook] INFO  com.zaxxer.hikari.HikariDataSource - HikariPool-2 - Shutdown completed.
2025-04-30 14:41:37 [restartedMain] INFO  b.f.b.c.chatbot.ChatbotApplication - Starting ChatbotApplication using Java 23.0.2 with PID 36387 (/Users/souhailaitsaid/dev/chatbot/target/classes started by souhailaitsaid in /Users/souhailaitsaid/dev/chatbot)
2025-04-30 14:41:37 [restartedMain] INFO  b.f.b.c.chatbot.ChatbotApplication - The following 1 profile is active: "dev"
2025-04-30 14:41:37 [restartedMain] INFO  o.s.b.d.e.DevToolsPropertyDefaultsPostProcessor - Devtools property defaults active! Set 'spring.devtools.add-properties' to 'false' to disable
2025-04-30 14:41:37 [restartedMain] INFO  o.s.b.d.e.DevToolsPropertyDefaultsPostProcessor - For additional web related logging consider setting the 'logging.level.web' property to 'DEBUG'
2025-04-30 14:41:38 [restartedMain] INFO  o.s.d.r.c.RepositoryConfigurationDelegate - Bootstrapping Spring Data JPA repositories in DEFAULT mode.
2025-04-30 14:41:38 [restartedMain] INFO  o.s.d.r.c.RepositoryConfigurationDelegate - Finished Spring Data repository scanning in 54 ms. Found 6 JPA repository interfaces.
2025-04-30 14:41:38 [restartedMain] INFO  o.s.b.w.e.tomcat.TomcatWebServer - Tomcat initialized with port 8081 (http)
2025-04-30 14:41:38 [restartedMain] INFO  o.a.catalina.core.StandardService - Starting service [Tomcat]
2025-04-30 14:41:38 [restartedMain] INFO  o.a.catalina.core.StandardEngine - Starting Servlet engine: [Apache Tomcat/10.1.40]
2025-04-30 14:41:38 [restartedMain] INFO  o.a.c.c.C.[Tomcat].[localhost].[/] - Initializing Spring embedded WebApplicationContext
2025-04-30 14:41:38 [restartedMain] INFO  o.s.b.w.s.c.ServletWebServerApplicationContext - Root WebApplicationContext: initialization completed in 861 ms
2025-04-30 14:41:38 [restartedMain] INFO  o.h.jpa.internal.util.LogHelper - HHH000204: Processing PersistenceUnitInfo [name: default]
2025-04-30 14:41:38 [restartedMain] INFO  org.hibernate.Version - HHH000412: Hibernate ORM core version 6.6.13.Final
2025-04-30 14:41:38 [restartedMain] INFO  o.h.c.i.RegionFactoryInitiator - HHH000026: Second-level cache disabled
2025-04-30 14:41:38 [restartedMain] INFO  o.s.o.j.p.SpringPersistenceUnitInfo - No LoadTimeWeaver setup: ignoring JPA class transformer
2025-04-30 14:41:38 [restartedMain] INFO  com.zaxxer.hikari.HikariDataSource - HikariPool-1 - Starting...
2025-04-30 14:41:38 [restartedMain] INFO  com.zaxxer.hikari.pool.HikariPool - HikariPool-1 - Added connection org.postgresql.jdbc.PgConnection@739feef0
2025-04-30 14:41:38 [restartedMain] INFO  com.zaxxer.hikari.HikariDataSource - HikariPool-1 - Start completed.
2025-04-30 14:41:38 [restartedMain] INFO  o.hibernate.orm.connections.pooling - HHH10001005: Database info:
	Database JDBC URL [Connecting through datasource 'HikariDataSource (HikariPool-1)']
	Database driver: undefined/unknown
	Database version: 17.4
	Autocommit mode: undefined/unknown
	Isolation level: undefined/unknown
	Minimum pool size: undefined/unknown
	Maximum pool size: undefined/unknown
2025-04-30 14:41:39 [restartedMain] INFO  o.h.e.t.j.p.i.JtaPlatformInitiator - HHH000489: No JTA platform available (set 'hibernate.transaction.jta.platform' to enable JTA platform integration)
2025-04-30 14:41:39 [restartedMain] INFO  o.s.o.j.LocalContainerEntityManagerFactoryBean - Initialized JPA EntityManagerFactory for persistence unit 'default'
2025-04-30 14:41:39 [restartedMain] INFO  b.f.b.c.c.i.PgVectorExtensionInitializer - =======> Executing query: CREATE EXTENSION IF NOT EXISTS vector <=========
2025-04-30 14:41:39 [restartedMain] INFO  b.f.b.c.c.i.PgVectorExtensionInitializer - =======> Successfully created pgvector extension <=========
2025-04-30 14:41:39 [restartedMain] WARN  o.s.b.a.o.j.JpaBaseConfiguration$JpaWebConfiguration - spring.jpa.open-in-view is enabled by default. Therefore, database queries may be performed during view rendering. Explicitly configure spring.jpa.open-in-view to disable this warning
2025-04-30 14:41:39 [restartedMain] INFO  o.s.v.b.OptionalValidatorFactoryBean - Failed to set up a Bean Validation provider: jakarta.validation.NoProviderFoundException: Unable to create a Configuration, because no Jakarta Bean Validation provider could be found. Add a provider like Hibernate Validator (RI) to your classpath.
2025-04-30 14:41:40 [restartedMain] INFO  o.s.b.d.a.OptionalLiveReloadServer - LiveReload server is running on port 35729
2025-04-30 14:41:40 [restartedMain] INFO  o.s.b.a.e.web.EndpointLinksResolver - Exposing 3 endpoints beneath base path '/actuator'
2025-04-30 14:41:40 [restartedMain] INFO  o.s.b.w.e.tomcat.TomcatWebServer - Tomcat started on port 8081 (http) with context path '/'
2025-04-30 14:41:40 [restartedMain] INFO  b.f.b.c.chatbot.ChatbotApplication - Started ChatbotApplication in 2.896 seconds (process running for 3.294)
2025-04-30 14:41:40 [restartedMain] INFO  b.f.b.c.c.i.PgVectorIndexInitializer - =======> onApplicationEvent PgVectorIndexInitializer executing .... <=========
2025-04-30 14:41:40 [restartedMain] INFO  b.f.b.c.c.i.PgVectorIndexInitializer - =======> onApplicationEvent checkIfIndexExists true} <=========
2025-04-30 14:41:40 [restartedMain] INFO  b.f.b.c.c.i.PgVectorIndexInitializer - =======> !! HNSW index already exists for embeddings column <=========
2025-04-30 14:41:40 [RMI TCP Connection(1)-192.168.1.2] INFO  o.a.c.c.C.[Tomcat].[localhost].[/] - Initializing Spring DispatcherServlet 'dispatcherServlet'
2025-04-30 14:41:40 [RMI TCP Connection(1)-192.168.1.2] INFO  o.s.web.servlet.DispatcherServlet - Initializing Servlet 'dispatcherServlet'
2025-04-30 14:41:40 [RMI TCP Connection(1)-192.168.1.2] INFO  o.s.web.servlet.DispatcherServlet - Completed initialization in 1 ms
2025-04-30 14:42:04 [http-nio-8081-exec-1] INFO  b.f.b.c.chatbot.services.RageService - Processing document with metadata: e93fd9fc-ea07-4837-b7a4-90011d16fd47_FAQ_JUSTICE.pdf
2025-04-30 14:42:06 [http-nio-8081-exec-1] INFO  b.f.b.c.chatbot.services.RageService - Document with metadata successfully processed
2025-04-30 14:42:06 [http-nio-8081-exec-1] INFO  b.f.b.c.chatbot.services.RageService - Document saved and processed: FAQ_JUSTICE.pdf, ID: e54b526b-c4b0-4d3e-8342-45c17b72fdcd
2025-04-30 14:42:18 [http-nio-8081-exec-2] INFO  b.f.b.c.chatbot.api.ChatController - info request - > You: qu'est-ce que le registre national de protection ?
2025-04-30 14:42:18 [http-nio-8081-exec-2] INFO  b.f.b.c.c.services.ChatBotService - Retrieved 5 relevant segments
2025-04-30 14:42:18 [http-nio-8081-exec-2] INFO  b.f.b.c.c.services.ChatBotService - Segment score: 0.8890414420056537 - Content:  Dans quelles langues le Registre central de protection des personnes est-il

disponible ?

L’e-ser...
2025-04-30 14:42:18 [http-nio-8081-exec-2] INFO  b.f.b.c.c.services.ChatBotService - Segment score: 0.8881369215455122 - Content:  À qui s'adresse le Registre central de protection des personnes ?

Toute personne souhaitant intro...
2025-04-30 14:42:18 [http-nio-8081-exec-2] INFO  b.f.b.c.c.services.ChatBotService - Segment score: 0.8872074099487738 - Content:  Qu'advient-il des dossiers déjà existants à partir du 1er juin 2021 ?

À partir du 1er juin 2021, ...
2025-04-30 14:42:18 [http-nio-8081-exec-2] INFO  b.f.b.c.c.services.ChatBotService - Segment score: 0.8801152085708605 - Content: FAQ - RCPP

Généralités

 Qu'est-ce que le Registre central de protection des personnes ?

Le Regis...
2025-04-30 14:42:18 [http-nio-8081-exec-2] INFO  b.f.b.c.c.services.ChatBotService - Segment score: 0.8788601859801903 - Content:  Comment la sécurité des documents conservés est-elle garantie ?

Chaque personne doit se connecter...
2025-04-30 14:42:25 [http-nio-8081-exec-2] INFO  b.f.b.c.c.services.ChatBotService - Response verification result: score=0.0, verified=false
2025-04-30 14:42:25 [http-nio-8081-exec-2] WARN  b.f.b.c.c.services.ChatBotService - Response failed verification (score: 0.0). Ungrounded claims: 
2025-04-30 14:42:27 [http-nio-8081-exec-2] INFO  b.f.b.c.c.services.ChatBotService - Interaction - SessionID: 30acc55d-d31c-4f34-aab2-393eab8124eb, Question: qu'est-ce que le registre national de protection ?, Answer length: 151, Response confidence: 0.7, Retrieval confidence: 0.95
2025-04-30 14:42:27 [http-nio-8081-exec-2] INFO  b.f.b.c.chatbot.api.ChatController - info response <-- bot: Je n'ai pas suffisamment d'informations pour répondre à votre question. Le registre national de protection n'est pas mentionné dans le contexte fourni.
2025-04-30 14:42:48 [http-nio-8081-exec-3] INFO  b.f.b.c.chatbot.api.ChatController - info request - > You: what is the nationa register of protection ?
2025-04-30 14:42:48 [http-nio-8081-exec-3] INFO  b.f.b.c.c.services.ChatBotService - Retrieved 5 relevant segments
2025-04-30 14:42:48 [http-nio-8081-exec-3] INFO  b.f.b.c.c.services.ChatBotService - Segment score: 0.8341691191481362 - Content: FAQ - RCPP

Généralités

 Qu'est-ce que le Registre central de protection des personnes ?

Le Regis...
2025-04-30 14:42:48 [http-nio-8081-exec-3] INFO  b.f.b.c.c.services.ChatBotService - Segment score: 0.8269577032068085 - Content:  Dans quelles langues le Registre central de protection des personnes est-il

disponible ?

L’e-ser...
2025-04-30 14:42:48 [http-nio-8081-exec-3] INFO  b.f.b.c.c.services.ChatBotService - Segment score: 0.8239193550277228 - Content:  À qui s'adresse le Registre central de protection des personnes ?

Toute personne souhaitant intro...
2025-04-30 14:42:48 [http-nio-8081-exec-3] INFO  b.f.b.c.c.services.ChatBotService - Segment score: 0.8179559302592716 - Content: Le fonctionnement du Registre central de protection des personnes est défini dans l'arrêté

royal du...
2025-04-30 14:42:48 [http-nio-8081-exec-3] INFO  b.f.b.c.c.services.ChatBotService - Segment score: 0.8121439404574342 - Content:  Combien coûte l'ouverture d'une procédure via le Registre central de protection

des personnes ?

...
2025-04-30 14:42:53 [http-nio-8081-exec-3] INFO  b.f.b.c.c.services.ChatBotService - Response verification result: score=8.0, verified=true
2025-04-30 14:42:53 [http-nio-8081-exec-3] INFO  b.f.b.c.c.services.ChatBotService - Interaction - SessionID: 30acc55d-d31c-4f34-aab2-393eab8124eb, Question: what is the nationa register of protection ?, Answer length: 344, Response confidence: 0.54, Retrieval confidence: 0.95
2025-04-30 14:42:53 [http-nio-8081-exec-3] INFO  b.f.b.c.chatbot.api.ChatController - info response <-- bot: I don't have enough information to answer what is the national register of protection. The relevant information from the knowledge base only provides details about the Registre central de protection des personnes (RCPP), which seems to be a specific system in Belgium. Could you please provide more context or clarify what you are referring to?
2025-04-30 14:44:31 [http-nio-8081-exec-5] INFO  b.f.b.c.chatbot.api.ChatController - info request - > You: Puis-je faire une demande dans un cas de protection alors que je ne suis pas  une partie impliquée dans ce dossier
2025-04-30 14:44:31 [http-nio-8081-exec-5] INFO  b.f.b.c.c.services.ChatBotService - Retrieved 5 relevant segments
2025-04-30 14:44:31 [http-nio-8081-exec-5] INFO  b.f.b.c.c.services.ChatBotService - Segment score: 0.9281245982275619 - Content: Cela signifie "dossier 
provisoire".

Tant que votre dossier n'est pas payé, il conservera ce statut...
2025-04-30 14:44:31 [http-nio-8081-exec-5] INFO  b.f.b.c.c.services.ChatBotService - Segment score: 0.9103430585622012 - Content:  Puis-je faire une demande dans un cas de protection alors que je ne suis pas 
une partie impliquée...
2025-04-30 14:44:31 [http-nio-8081-exec-5] INFO  b.f.b.c.c.services.ChatBotService - Segment score: 0.8982851800747783 - Content: Vous pouvez voir qui est impliqué dans le dossier.

Le demandeur, la personne protégée ou à

protége...
2025-04-30 14:44:31 [http-nio-8081-exec-5] INFO  b.f.b.c.c.services.ChatBotService - Segment score: 0.8939413608926214 - Content: Toute communication suivante se fait obligatoirement via le registre pour les personnes qui 
sont pr...
2025-04-30 14:44:31 [http-nio-8081-exec-5] INFO  b.f.b.c.c.services.ChatBotService - Segment score: 0.8917037660634008 - Content: Les personnes suivantes, entre autres, ont accès au Registre central de protection des 
personnes :
...
2025-04-30 14:44:43 [http-nio-8081-exec-5] INFO  b.f.b.c.c.services.ChatBotService - Response verification result: score=0.0, verified=false
2025-04-30 14:44:43 [http-nio-8081-exec-5] WARN  b.f.b.c.c.services.ChatBotService - Response failed verification (score: 0.0). Ungrounded claims: No specific ungrounded claims identified
2025-04-30 14:44:45 [http-nio-8081-exec-5] INFO  b.f.b.c.c.services.ChatBotService - Interaction - SessionID: 30acc55d-d31c-4f34-aab2-393eab8124eb, Question: Puis-je faire une demande dans un cas de protection alors que je ne suis pas  une partie impliquée dans ce dossier, Answer length: 189, Response confidence: 0.7, Retrieval confidence: 0.95
2025-04-30 14:44:45 [http-nio-8081-exec-5] INFO  b.f.b.c.chatbot.api.ChatController - info response <-- bot: Je n'ai pas suffisamment d'informations pour répondre à votre question "Puis-je faire une demande dans un cas de protection alors que je ne suis pas une partie impliquée dans ce dossier ?".
2025-04-30 14:47:31 [File Watcher] INFO  o.s.b.d.a.LocalDevToolsAutoConfiguration$RestartingClassPathChangeChangedEventListener - Restarting due to 3 class path changes (0 additions, 0 deletions, 3 modifications)
2025-04-30 14:47:31 [Thread-6] INFO  o.s.b.w.e.tomcat.GracefulShutdown - Commencing graceful shutdown. Waiting for active requests to complete
2025-04-30 14:47:31 [tomcat-shutdown] INFO  o.s.b.w.e.tomcat.GracefulShutdown - Graceful shutdown complete
2025-04-30 14:47:31 [Thread-6] INFO  o.s.o.j.LocalContainerEntityManagerFactoryBean - Closing JPA EntityManagerFactory for persistence unit 'default'
2025-04-30 14:47:31 [Thread-6] INFO  com.zaxxer.hikari.HikariDataSource - HikariPool-1 - Shutdown initiated...
2025-04-30 14:47:31 [Thread-6] INFO  com.zaxxer.hikari.HikariDataSource - HikariPool-1 - Shutdown completed.
2025-04-30 14:47:31 [restartedMain] INFO  b.f.b.c.chatbot.ChatbotApplication - Starting ChatbotApplication using Java 23.0.2 with PID 36387 (/Users/souhailaitsaid/dev/chatbot/target/classes started by souhailaitsaid in /Users/souhailaitsaid/dev/chatbot)
2025-04-30 14:47:31 [restartedMain] INFO  b.f.b.c.chatbot.ChatbotApplication - The following 1 profile is active: "dev"
2025-04-30 14:47:31 [restartedMain] INFO  o.s.d.r.c.RepositoryConfigurationDelegate - Bootstrapping Spring Data JPA repositories in DEFAULT mode.
2025-04-30 14:47:31 [restartedMain] INFO  o.s.d.r.c.RepositoryConfigurationDelegate - Finished Spring Data repository scanning in 5 ms. Found 6 JPA repository interfaces.
2025-04-30 14:47:31 [restartedMain] INFO  o.s.b.w.e.tomcat.TomcatWebServer - Tomcat initialized with port 8081 (http)
2025-04-30 14:47:31 [restartedMain] INFO  o.a.catalina.core.StandardService - Starting service [Tomcat]
2025-04-30 14:47:31 [restartedMain] INFO  o.a.catalina.core.StandardEngine - Starting Servlet engine: [Apache Tomcat/10.1.40]
2025-04-30 14:47:31 [restartedMain] INFO  o.a.c.c.C.[Tomcat].[localhost].[/] - Initializing Spring embedded WebApplicationContext
2025-04-30 14:47:31 [restartedMain] INFO  o.s.b.w.s.c.ServletWebServerApplicationContext - Root WebApplicationContext: initialization completed in 246 ms
2025-04-30 14:47:31 [restartedMain] INFO  o.h.jpa.internal.util.LogHelper - HHH000204: Processing PersistenceUnitInfo [name: default]
2025-04-30 14:47:31 [restartedMain] INFO  o.h.c.i.RegionFactoryInitiator - HHH000026: Second-level cache disabled
2025-04-30 14:47:31 [restartedMain] INFO  o.s.o.j.p.SpringPersistenceUnitInfo - No LoadTimeWeaver setup: ignoring JPA class transformer
2025-04-30 14:47:31 [restartedMain] INFO  com.zaxxer.hikari.HikariDataSource - HikariPool-2 - Starting...
2025-04-30 14:47:31 [restartedMain] INFO  com.zaxxer.hikari.pool.HikariPool - HikariPool-2 - Added connection org.postgresql.jdbc.PgConnection@190ec850
2025-04-30 14:47:31 [restartedMain] INFO  com.zaxxer.hikari.HikariDataSource - HikariPool-2 - Start completed.
2025-04-30 14:47:31 [restartedMain] INFO  o.hibernate.orm.connections.pooling - HHH10001005: Database info:
	Database JDBC URL [Connecting through datasource 'HikariDataSource (HikariPool-2)']
	Database driver: undefined/unknown
	Database version: 17.4
	Autocommit mode: undefined/unknown
	Isolation level: undefined/unknown
	Minimum pool size: undefined/unknown
	Maximum pool size: undefined/unknown
2025-04-30 14:47:31 [restartedMain] INFO  o.h.e.t.j.p.i.JtaPlatformInitiator - HHH000489: No JTA platform available (set 'hibernate.transaction.jta.platform' to enable JTA platform integration)
2025-04-30 14:47:31 [restartedMain] INFO  o.s.o.j.LocalContainerEntityManagerFactoryBean - Initialized JPA EntityManagerFactory for persistence unit 'default'
2025-04-30 14:47:31 [restartedMain] INFO  b.f.b.c.c.i.PgVectorExtensionInitializer - =======> Executing query: CREATE EXTENSION IF NOT EXISTS vector <=========
2025-04-30 14:47:31 [restartedMain] INFO  b.f.b.c.c.i.PgVectorExtensionInitializer - =======> Successfully created pgvector extension <=========
2025-04-30 14:47:31 [restartedMain] WARN  o.s.b.a.o.j.JpaBaseConfiguration$JpaWebConfiguration - spring.jpa.open-in-view is enabled by default. Therefore, database queries may be performed during view rendering. Explicitly configure spring.jpa.open-in-view to disable this warning
2025-04-30 14:47:31 [restartedMain] INFO  o.s.v.b.OptionalValidatorFactoryBean - Failed to set up a Bean Validation provider: jakarta.validation.NoProviderFoundException: Unable to create a Configuration, because no Jakarta Bean Validation provider could be found. Add a provider like Hibernate Validator (RI) to your classpath.
2025-04-30 14:47:32 [restartedMain] INFO  o.s.b.d.a.OptionalLiveReloadServer - LiveReload server is running on port 35729
2025-04-30 14:47:32 [restartedMain] INFO  o.s.b.a.e.web.EndpointLinksResolver - Exposing 3 endpoints beneath base path '/actuator'
2025-04-30 14:47:32 [restartedMain] INFO  o.s.b.w.e.tomcat.TomcatWebServer - Tomcat started on port 8081 (http) with context path '/'
2025-04-30 14:47:32 [restartedMain] INFO  b.f.b.c.chatbot.ChatbotApplication - Started ChatbotApplication in 0.934 seconds (process running for 355.035)
2025-04-30 14:47:32 [restartedMain] INFO  b.f.b.c.c.i.PgVectorIndexInitializer - =======> onApplicationEvent PgVectorIndexInitializer executing .... <=========
2025-04-30 14:47:32 [restartedMain] INFO  b.f.b.c.c.i.PgVectorIndexInitializer - =======> onApplicationEvent checkIfIndexExists true} <=========
2025-04-30 14:47:32 [restartedMain] INFO  b.f.b.c.c.i.PgVectorIndexInitializer - =======> !! HNSW index already exists for embeddings column <=========
2025-04-30 14:47:32 [restartedMain] INFO  o.s.b.d.a.ConditionEvaluationDeltaLoggingListener - Condition evaluation unchanged
2025-04-30 14:48:19 [File Watcher] INFO  o.s.b.d.a.LocalDevToolsAutoConfiguration$RestartingClassPathChangeChangedEventListener - Restarting due to 2 class path changes (0 additions, 0 deletions, 2 modifications)
2025-04-30 14:48:19 [Thread-8] INFO  o.s.b.w.e.tomcat.GracefulShutdown - Commencing graceful shutdown. Waiting for active requests to complete
2025-04-30 14:48:19 [tomcat-shutdown] INFO  o.s.b.w.e.tomcat.GracefulShutdown - Graceful shutdown complete
2025-04-30 14:48:19 [Thread-8] INFO  o.s.o.j.LocalContainerEntityManagerFactoryBean - Closing JPA EntityManagerFactory for persistence unit 'default'
2025-04-30 14:48:19 [Thread-8] INFO  com.zaxxer.hikari.HikariDataSource - HikariPool-2 - Shutdown initiated...
2025-04-30 14:48:19 [Thread-8] INFO  com.zaxxer.hikari.HikariDataSource - HikariPool-2 - Shutdown completed.
2025-04-30 14:48:19 [restartedMain] INFO  b.f.b.c.chatbot.ChatbotApplication - Starting ChatbotApplication using Java 23.0.2 with PID 36387 (/Users/souhailaitsaid/dev/chatbot/target/classes started by souhailaitsaid in /Users/souhailaitsaid/dev/chatbot)
2025-04-30 14:48:19 [restartedMain] INFO  b.f.b.c.chatbot.ChatbotApplication - The following 1 profile is active: "dev"
2025-04-30 14:48:19 [restartedMain] INFO  o.s.d.r.c.RepositoryConfigurationDelegate - Bootstrapping Spring Data JPA repositories in DEFAULT mode.
2025-04-30 14:48:19 [restartedMain] INFO  o.s.d.r.c.RepositoryConfigurationDelegate - Finished Spring Data repository scanning in 5 ms. Found 6 JPA repository interfaces.
2025-04-30 14:48:19 [restartedMain] INFO  o.s.b.w.e.tomcat.TomcatWebServer - Tomcat initialized with port 8081 (http)
2025-04-30 14:48:19 [restartedMain] INFO  o.a.catalina.core.StandardService - Starting service [Tomcat]
2025-04-30 14:48:19 [restartedMain] INFO  o.a.catalina.core.StandardEngine - Starting Servlet engine: [Apache Tomcat/10.1.40]
2025-04-30 14:48:19 [restartedMain] INFO  o.a.c.c.C.[Tomcat].[localhost].[/] - Initializing Spring embedded WebApplicationContext
2025-04-30 14:48:19 [restartedMain] INFO  o.s.b.w.s.c.ServletWebServerApplicationContext - Root WebApplicationContext: initialization completed in 215 ms
2025-04-30 14:48:19 [restartedMain] INFO  o.h.jpa.internal.util.LogHelper - HHH000204: Processing PersistenceUnitInfo [name: default]
2025-04-30 14:48:19 [restartedMain] INFO  o.h.c.i.RegionFactoryInitiator - HHH000026: Second-level cache disabled
2025-04-30 14:48:19 [restartedMain] INFO  o.s.o.j.p.SpringPersistenceUnitInfo - No LoadTimeWeaver setup: ignoring JPA class transformer
2025-04-30 14:48:19 [restartedMain] INFO  com.zaxxer.hikari.HikariDataSource - HikariPool-3 - Starting...
2025-04-30 14:48:19 [restartedMain] INFO  com.zaxxer.hikari.pool.HikariPool - HikariPool-3 - Added connection org.postgresql.jdbc.PgConnection@6e3ce8b8
2025-04-30 14:48:19 [restartedMain] INFO  com.zaxxer.hikari.HikariDataSource - HikariPool-3 - Start completed.
2025-04-30 14:48:19 [restartedMain] INFO  o.hibernate.orm.connections.pooling - HHH10001005: Database info:
	Database JDBC URL [Connecting through datasource 'HikariDataSource (HikariPool-3)']
	Database driver: undefined/unknown
	Database version: 17.4
	Autocommit mode: undefined/unknown
	Isolation level: undefined/unknown
	Minimum pool size: undefined/unknown
	Maximum pool size: undefined/unknown
2025-04-30 14:48:19 [restartedMain] INFO  o.h.e.t.j.p.i.JtaPlatformInitiator - HHH000489: No JTA platform available (set 'hibernate.transaction.jta.platform' to enable JTA platform integration)
2025-04-30 14:48:19 [restartedMain] INFO  o.s.o.j.LocalContainerEntityManagerFactoryBean - Initialized JPA EntityManagerFactory for persistence unit 'default'
2025-04-30 14:48:19 [restartedMain] INFO  b.f.b.c.c.i.PgVectorExtensionInitializer - =======> Executing query: CREATE EXTENSION IF NOT EXISTS vector <=========
2025-04-30 14:48:19 [restartedMain] INFO  b.f.b.c.c.i.PgVectorExtensionInitializer - =======> Successfully created pgvector extension <=========
2025-04-30 14:48:20 [restartedMain] WARN  o.s.b.a.o.j.JpaBaseConfiguration$JpaWebConfiguration - spring.jpa.open-in-view is enabled by default. Therefore, database queries may be performed during view rendering. Explicitly configure spring.jpa.open-in-view to disable this warning
2025-04-30 14:48:20 [restartedMain] INFO  o.s.v.b.OptionalValidatorFactoryBean - Failed to set up a Bean Validation provider: jakarta.validation.NoProviderFoundException: Unable to create a Configuration, because no Jakarta Bean Validation provider could be found. Add a provider like Hibernate Validator (RI) to your classpath.
2025-04-30 14:48:20 [restartedMain] INFO  o.s.b.d.a.OptionalLiveReloadServer - LiveReload server is running on port 35729
2025-04-30 14:48:20 [restartedMain] INFO  o.s.b.a.e.web.EndpointLinksResolver - Exposing 3 endpoints beneath base path '/actuator'
2025-04-30 14:48:20 [restartedMain] INFO  o.s.b.w.e.tomcat.TomcatWebServer - Tomcat started on port 8081 (http) with context path '/'
2025-04-30 14:48:20 [restartedMain] INFO  b.f.b.c.chatbot.ChatbotApplication - Started ChatbotApplication in 0.826 seconds (process running for 403.237)
2025-04-30 14:48:20 [restartedMain] INFO  b.f.b.c.c.i.PgVectorIndexInitializer - =======> onApplicationEvent PgVectorIndexInitializer executing .... <=========
2025-04-30 14:48:20 [restartedMain] INFO  b.f.b.c.c.i.PgVectorIndexInitializer - =======> onApplicationEvent checkIfIndexExists true} <=========
2025-04-30 14:48:20 [restartedMain] INFO  b.f.b.c.c.i.PgVectorIndexInitializer - =======> !! HNSW index already exists for embeddings column <=========
2025-04-30 14:48:20 [restartedMain] INFO  o.s.b.d.a.ConditionEvaluationDeltaLoggingListener - Condition evaluation unchanged
2025-04-30 14:49:38 [File Watcher] INFO  o.s.b.d.a.LocalDevToolsAutoConfiguration$RestartingClassPathChangeChangedEventListener - Restarting due to 3 class path changes (0 additions, 3 deletions, 0 modifications)
2025-04-30 14:49:38 [Thread-12] INFO  o.s.b.w.e.tomcat.GracefulShutdown - Commencing graceful shutdown. Waiting for active requests to complete
2025-04-30 14:49:38 [tomcat-shutdown] INFO  o.s.b.w.e.tomcat.GracefulShutdown - Graceful shutdown complete
2025-04-30 14:49:38 [Thread-12] INFO  o.s.o.j.LocalContainerEntityManagerFactoryBean - Closing JPA EntityManagerFactory for persistence unit 'default'
2025-04-30 14:49:38 [Thread-12] INFO  com.zaxxer.hikari.HikariDataSource - HikariPool-3 - Shutdown initiated...
2025-04-30 14:49:38 [Thread-12] INFO  com.zaxxer.hikari.HikariDataSource - HikariPool-3 - Shutdown completed.
2025-04-30 14:49:38 [restartedMain] INFO  b.f.b.c.chatbot.ChatbotApplication - Starting ChatbotApplication using Java 23.0.2 with PID 36387 (/Users/souhailaitsaid/dev/chatbot/target/classes started by souhailaitsaid in /Users/souhailaitsaid/dev/chatbot)
2025-04-30 14:49:38 [restartedMain] INFO  b.f.b.c.chatbot.ChatbotApplication - The following 1 profile is active: "dev"
2025-04-30 14:49:38 [restartedMain] INFO  o.s.d.r.c.RepositoryConfigurationDelegate - Bootstrapping Spring Data JPA repositories in DEFAULT mode.
2025-04-30 14:49:38 [restartedMain] INFO  o.s.d.r.c.RepositoryConfigurationDelegate - Finished Spring Data repository scanning in 4 ms. Found 6 JPA repository interfaces.
2025-04-30 14:49:38 [restartedMain] INFO  o.s.b.w.e.tomcat.TomcatWebServer - Tomcat initialized with port 8081 (http)
2025-04-30 14:49:38 [restartedMain] INFO  o.a.catalina.core.StandardService - Starting service [Tomcat]
2025-04-30 14:49:38 [restartedMain] INFO  o.a.catalina.core.StandardEngine - Starting Servlet engine: [Apache Tomcat/10.1.40]
2025-04-30 14:49:38 [restartedMain] INFO  o.a.c.c.C.[Tomcat].[localhost].[/] - Initializing Spring embedded WebApplicationContext
2025-04-30 14:49:38 [restartedMain] INFO  o.s.b.w.s.c.ServletWebServerApplicationContext - Root WebApplicationContext: initialization completed in 186 ms
2025-04-30 14:49:38 [restartedMain] INFO  o.h.jpa.internal.util.LogHelper - HHH000204: Processing PersistenceUnitInfo [name: default]
2025-04-30 14:49:38 [restartedMain] INFO  o.h.c.i.RegionFactoryInitiator - HHH000026: Second-level cache disabled
2025-04-30 14:49:38 [restartedMain] INFO  o.s.o.j.p.SpringPersistenceUnitInfo - No LoadTimeWeaver setup: ignoring JPA class transformer
2025-04-30 14:49:38 [restartedMain] INFO  com.zaxxer.hikari.HikariDataSource - HikariPool-4 - Starting...
2025-04-30 14:49:38 [restartedMain] INFO  com.zaxxer.hikari.pool.HikariPool - HikariPool-4 - Added connection org.postgresql.jdbc.PgConnection@7b64b4e
2025-04-30 14:49:38 [restartedMain] INFO  com.zaxxer.hikari.HikariDataSource - HikariPool-4 - Start completed.
2025-04-30 14:49:38 [restartedMain] INFO  o.hibernate.orm.connections.pooling - HHH10001005: Database info:
	Database JDBC URL [Connecting through datasource 'HikariDataSource (HikariPool-4)']
	Database driver: undefined/unknown
	Database version: 17.4
	Autocommit mode: undefined/unknown
	Isolation level: undefined/unknown
	Minimum pool size: undefined/unknown
	Maximum pool size: undefined/unknown
2025-04-30 14:49:38 [restartedMain] INFO  o.h.e.t.j.p.i.JtaPlatformInitiator - HHH000489: No JTA platform available (set 'hibernate.transaction.jta.platform' to enable JTA platform integration)
2025-04-30 14:49:38 [restartedMain] INFO  o.s.o.j.LocalContainerEntityManagerFactoryBean - Initialized JPA EntityManagerFactory for persistence unit 'default'
2025-04-30 14:49:39 [restartedMain] WARN  o.s.b.w.s.c.AnnotationConfigServletWebServerApplicationContext - Exception encountered during context initialization - cancelling refresh attempt: org.springframework.beans.factory.UnsatisfiedDependencyException: Error creating bean with name 'chatController' defined in file [/Users/souhailaitsaid/dev/chatbot/target/classes/be/fgov/bosa/chatbot/chatbot/api/ChatController.class]: Unsatisfied dependency expressed through constructor parameter 1: No qualifying bean of type 'be.fgov.bosa.chatbot.chatbot.services.ChatBotService' available: expected at least 1 bean which qualifies as autowire candidate. Dependency annotations: {}
2025-04-30 14:49:39 [restartedMain] INFO  o.s.o.j.LocalContainerEntityManagerFactoryBean - Closing JPA EntityManagerFactory for persistence unit 'default'
2025-04-30 14:49:39 [restartedMain] INFO  com.zaxxer.hikari.HikariDataSource - HikariPool-4 - Shutdown initiated...
2025-04-30 14:49:39 [restartedMain] INFO  com.zaxxer.hikari.HikariDataSource - HikariPool-4 - Shutdown completed.
2025-04-30 14:49:39 [restartedMain] INFO  o.a.catalina.core.StandardService - Stopping service [Tomcat]
2025-04-30 14:49:39 [restartedMain] INFO  o.s.b.a.l.ConditionEvaluationReportLogger - 

Error starting ApplicationContext. To display the condition evaluation report re-run your application with 'debug' enabled.
2025-04-30 14:49:39 [restartedMain] ERROR o.s.b.d.LoggingFailureAnalysisReporter - 

***************************
APPLICATION FAILED TO START
***************************

Description:

Parameter 1 of constructor in be.fgov.bosa.chatbot.chatbot.api.ChatController required a bean of type 'be.fgov.bosa.chatbot.chatbot.services.ChatBotService' that could not be found.


Action:

Consider defining a bean of type 'be.fgov.bosa.chatbot.chatbot.services.ChatBotService' in your configuration.

2025-04-30 14:53:44 [restartedMain] INFO  b.f.b.c.chatbot.ChatbotApplication - Starting ChatbotApplication using Java 23.0.2 with PID 36660 (/Users/souhailaitsaid/dev/chatbot/target/classes started by souhailaitsaid in /Users/souhailaitsaid/dev/chatbot)
2025-04-30 14:53:44 [restartedMain] INFO  b.f.b.c.chatbot.ChatbotApplication - The following 1 profile is active: "dev"
2025-04-30 14:53:44 [restartedMain] INFO  o.s.b.d.e.DevToolsPropertyDefaultsPostProcessor - Devtools property defaults active! Set 'spring.devtools.add-properties' to 'false' to disable
2025-04-30 14:53:44 [restartedMain] INFO  o.s.b.d.e.DevToolsPropertyDefaultsPostProcessor - For additional web related logging consider setting the 'logging.level.web' property to 'DEBUG'
2025-04-30 14:53:44 [restartedMain] INFO  o.s.d.r.c.RepositoryConfigurationDelegate - Bootstrapping Spring Data JPA repositories in DEFAULT mode.
2025-04-30 14:53:44 [restartedMain] INFO  o.s.d.r.c.RepositoryConfigurationDelegate - Finished Spring Data repository scanning in 55 ms. Found 6 JPA repository interfaces.
2025-04-30 14:53:44 [restartedMain] INFO  o.s.b.w.e.tomcat.TomcatWebServer - Tomcat initialized with port 8081 (http)
2025-04-30 14:53:44 [restartedMain] INFO  o.a.catalina.core.StandardService - Starting service [Tomcat]
2025-04-30 14:53:44 [restartedMain] INFO  o.a.catalina.core.StandardEngine - Starting Servlet engine: [Apache Tomcat/10.1.40]
2025-04-30 14:53:44 [restartedMain] INFO  o.a.c.c.C.[Tomcat].[localhost].[/] - Initializing Spring embedded WebApplicationContext
2025-04-30 14:53:44 [restartedMain] INFO  o.s.b.w.s.c.ServletWebServerApplicationContext - Root WebApplicationContext: initialization completed in 886 ms
2025-04-30 14:53:45 [restartedMain] INFO  o.h.jpa.internal.util.LogHelper - HHH000204: Processing PersistenceUnitInfo [name: default]
2025-04-30 14:53:45 [restartedMain] INFO  org.hibernate.Version - HHH000412: Hibernate ORM core version 6.6.13.Final
2025-04-30 14:53:45 [restartedMain] INFO  o.h.c.i.RegionFactoryInitiator - HHH000026: Second-level cache disabled
2025-04-30 14:53:45 [restartedMain] INFO  o.s.o.j.p.SpringPersistenceUnitInfo - No LoadTimeWeaver setup: ignoring JPA class transformer
2025-04-30 14:53:45 [restartedMain] INFO  com.zaxxer.hikari.HikariDataSource - HikariPool-1 - Starting...
2025-04-30 14:53:45 [restartedMain] INFO  com.zaxxer.hikari.pool.HikariPool - HikariPool-1 - Added connection org.postgresql.jdbc.PgConnection@83d67c0
2025-04-30 14:53:45 [restartedMain] INFO  com.zaxxer.hikari.HikariDataSource - HikariPool-1 - Start completed.
2025-04-30 14:53:45 [restartedMain] INFO  o.hibernate.orm.connections.pooling - HHH10001005: Database info:
	Database JDBC URL [Connecting through datasource 'HikariDataSource (HikariPool-1)']
	Database driver: undefined/unknown
	Database version: 17.4
	Autocommit mode: undefined/unknown
	Isolation level: undefined/unknown
	Minimum pool size: undefined/unknown
	Maximum pool size: undefined/unknown
2025-04-30 14:53:45 [restartedMain] INFO  o.h.e.t.j.p.i.JtaPlatformInitiator - HHH000489: No JTA platform available (set 'hibernate.transaction.jta.platform' to enable JTA platform integration)
2025-04-30 14:53:45 [restartedMain] INFO  o.s.o.j.LocalContainerEntityManagerFactoryBean - Initialized JPA EntityManagerFactory for persistence unit 'default'
2025-04-30 14:53:45 [restartedMain] INFO  b.f.b.c.c.i.PgVectorExtensionInitializer - =======> Executing query: CREATE EXTENSION IF NOT EXISTS vector <=========
2025-04-30 14:53:45 [restartedMain] INFO  b.f.b.c.c.i.PgVectorExtensionInitializer - =======> Successfully created pgvector extension <=========
2025-04-30 14:53:46 [restartedMain] WARN  o.s.b.a.o.j.JpaBaseConfiguration$JpaWebConfiguration - spring.jpa.open-in-view is enabled by default. Therefore, database queries may be performed during view rendering. Explicitly configure spring.jpa.open-in-view to disable this warning
2025-04-30 14:53:46 [restartedMain] INFO  o.s.v.b.OptionalValidatorFactoryBean - Failed to set up a Bean Validation provider: jakarta.validation.NoProviderFoundException: Unable to create a Configuration, because no Jakarta Bean Validation provider could be found. Add a provider like Hibernate Validator (RI) to your classpath.
2025-04-30 14:53:46 [restartedMain] INFO  o.s.b.d.a.OptionalLiveReloadServer - LiveReload server is running on port 35729
2025-04-30 14:53:46 [restartedMain] INFO  o.s.b.a.e.web.EndpointLinksResolver - Exposing 3 endpoints beneath base path '/actuator'
2025-04-30 14:53:46 [restartedMain] INFO  o.s.b.w.e.tomcat.TomcatWebServer - Tomcat started on port 8081 (http) with context path '/'
2025-04-30 14:53:46 [restartedMain] INFO  b.f.b.c.chatbot.ChatbotApplication - Started ChatbotApplication in 2.904 seconds (process running for 3.189)
2025-04-30 14:53:46 [restartedMain] INFO  b.f.b.c.c.i.PgVectorIndexInitializer - =======> onApplicationEvent PgVectorIndexInitializer executing .... <=========
2025-04-30 14:53:46 [restartedMain] INFO  b.f.b.c.c.i.PgVectorIndexInitializer - =======> onApplicationEvent checkIfIndexExists true} <=========
2025-04-30 14:53:46 [restartedMain] INFO  b.f.b.c.c.i.PgVectorIndexInitializer - =======> !! HNSW index already exists for embeddings column <=========
2025-04-30 14:53:47 [RMI TCP Connection(2)-192.168.1.2] INFO  o.a.c.c.C.[Tomcat].[localhost].[/] - Initializing Spring DispatcherServlet 'dispatcherServlet'
2025-04-30 14:53:47 [RMI TCP Connection(2)-192.168.1.2] INFO  o.s.web.servlet.DispatcherServlet - Initializing Servlet 'dispatcherServlet'
2025-04-30 14:53:47 [RMI TCP Connection(2)-192.168.1.2] INFO  o.s.web.servlet.DispatcherServlet - Completed initialization in 1 ms
2025-04-30 14:53:57 [http-nio-8081-exec-1] INFO  b.f.b.c.chatbot.api.ChatController - info request - > You: Puis-je faire une demande dans un cas de protection alors que je ne suis pas une partie impliquée dans ce dossier
2025-04-30 14:53:57 [http-nio-8081-exec-1] INFO  b.f.b.c.c.services.ChatBotService - Retrieved 5 relevant segments
2025-04-30 14:53:57 [http-nio-8081-exec-1] INFO  b.f.b.c.c.services.ChatBotService - Segment score: 0.9281245982275619 - Content: Cela signifie "dossier 
provisoire".

Tant que votre dossier n'est pas payé, il conservera ce statut...
2025-04-30 14:53:57 [http-nio-8081-exec-1] INFO  b.f.b.c.c.services.ChatBotService - Segment score: 0.9103430585622012 - Content:  Puis-je faire une demande dans un cas de protection alors que je ne suis pas 
une partie impliquée...
2025-04-30 14:53:57 [http-nio-8081-exec-1] INFO  b.f.b.c.c.services.ChatBotService - Segment score: 0.8982851800747783 - Content: Vous pouvez voir qui est impliqué dans le dossier.

Le demandeur, la personne protégée ou à

protége...
2025-04-30 14:53:57 [http-nio-8081-exec-1] INFO  b.f.b.c.c.services.ChatBotService - Segment score: 0.8939413608926214 - Content: Toute communication suivante se fait obligatoirement via le registre pour les personnes qui 
sont pr...
2025-04-30 14:53:57 [http-nio-8081-exec-1] INFO  b.f.b.c.c.services.ChatBotService - Segment score: 0.8917037660634008 - Content: Les personnes suivantes, entre autres, ont accès au Registre central de protection des 
personnes :
...
2025-04-30 14:54:05 [http-nio-8081-exec-1] INFO  b.f.b.c.c.services.ChatBotService - Response verification result: score=9.0, verified=true
2025-04-30 14:54:05 [http-nio-8081-exec-1] INFO  b.f.b.c.c.services.ChatBotService - Interaction - SessionID: 30acc55d-d31c-4f34-aab2-393eab8124eb, Question: Puis-je faire une demande dans un cas de protection alors que je ne suis pas une partie impliquée dans ce dossier, Answer length: 241, Response confidence: 0.36000000000000004, Retrieval confidence: 0.0
2025-04-30 14:54:05 [http-nio-8081-exec-1] INFO  b.f.b.c.chatbot.api.ChatController - info response <-- bot: Oui, vous pouvez faire une demande dans un cas de protection même si vous ne êtes pas une partie impliquée dans ce dossier. Il existe des demandes disponibles dans l'e-service électronique pour les tiers que vous pouvez utiliser à cette fin.
2025-04-30 14:57:07 [File Watcher] INFO  o.s.b.d.a.LocalDevToolsAutoConfiguration$RestartingClassPathChangeChangedEventListener - Restarting due to 3 class path changes (0 additions, 0 deletions, 3 modifications)
2025-04-30 14:57:07 [Thread-6] INFO  o.s.b.w.e.tomcat.GracefulShutdown - Commencing graceful shutdown. Waiting for active requests to complete
2025-04-30 14:57:07 [tomcat-shutdown] INFO  o.s.b.w.e.tomcat.GracefulShutdown - Graceful shutdown complete
2025-04-30 14:57:07 [Thread-6] INFO  o.s.o.j.LocalContainerEntityManagerFactoryBean - Closing JPA EntityManagerFactory for persistence unit 'default'
2025-04-30 14:57:07 [Thread-6] INFO  com.zaxxer.hikari.HikariDataSource - HikariPool-1 - Shutdown initiated...
2025-04-30 14:57:07 [Thread-6] INFO  com.zaxxer.hikari.HikariDataSource - HikariPool-1 - Shutdown completed.
2025-04-30 14:57:07 [restartedMain] INFO  b.f.b.c.chatbot.ChatbotApplication - Starting ChatbotApplication using Java 23.0.2 with PID 36660 (/Users/souhailaitsaid/dev/chatbot/target/classes started by souhailaitsaid in /Users/souhailaitsaid/dev/chatbot)
2025-04-30 14:57:07 [restartedMain] INFO  b.f.b.c.chatbot.ChatbotApplication - The following 1 profile is active: "dev"
2025-04-30 14:57:07 [restartedMain] INFO  o.s.d.r.c.RepositoryConfigurationDelegate - Bootstrapping Spring Data JPA repositories in DEFAULT mode.
2025-04-30 14:57:07 [restartedMain] INFO  o.s.d.r.c.RepositoryConfigurationDelegate - Finished Spring Data repository scanning in 5 ms. Found 6 JPA repository interfaces.
2025-04-30 14:57:07 [restartedMain] INFO  o.s.b.w.e.tomcat.TomcatWebServer - Tomcat initialized with port 8081 (http)
2025-04-30 14:57:07 [restartedMain] INFO  o.a.catalina.core.StandardService - Starting service [Tomcat]
2025-04-30 14:57:07 [restartedMain] INFO  o.a.catalina.core.StandardEngine - Starting Servlet engine: [Apache Tomcat/10.1.40]
2025-04-30 14:57:07 [restartedMain] INFO  o.a.c.c.C.[Tomcat].[localhost].[/] - Initializing Spring embedded WebApplicationContext
2025-04-30 14:57:07 [restartedMain] INFO  o.s.b.w.s.c.ServletWebServerApplicationContext - Root WebApplicationContext: initialization completed in 234 ms
2025-04-30 14:57:07 [restartedMain] INFO  o.h.jpa.internal.util.LogHelper - HHH000204: Processing PersistenceUnitInfo [name: default]
2025-04-30 14:57:07 [restartedMain] INFO  o.h.c.i.RegionFactoryInitiator - HHH000026: Second-level cache disabled
2025-04-30 14:57:07 [restartedMain] INFO  o.s.o.j.p.SpringPersistenceUnitInfo - No LoadTimeWeaver setup: ignoring JPA class transformer
2025-04-30 14:57:07 [restartedMain] INFO  com.zaxxer.hikari.HikariDataSource - HikariPool-2 - Starting...
2025-04-30 14:57:07 [restartedMain] INFO  com.zaxxer.hikari.pool.HikariPool - HikariPool-2 - Added connection org.postgresql.jdbc.PgConnection@e431627
2025-04-30 14:57:07 [restartedMain] INFO  com.zaxxer.hikari.HikariDataSource - HikariPool-2 - Start completed.
2025-04-30 14:57:07 [restartedMain] INFO  o.hibernate.orm.connections.pooling - HHH10001005: Database info:
	Database JDBC URL [Connecting through datasource 'HikariDataSource (HikariPool-2)']
	Database driver: undefined/unknown
	Database version: 17.4
	Autocommit mode: undefined/unknown
	Isolation level: undefined/unknown
	Minimum pool size: undefined/unknown
	Maximum pool size: undefined/unknown
2025-04-30 14:57:07 [restartedMain] INFO  o.h.e.t.j.p.i.JtaPlatformInitiator - HHH000489: No JTA platform available (set 'hibernate.transaction.jta.platform' to enable JTA platform integration)
2025-04-30 14:57:07 [restartedMain] INFO  o.s.o.j.LocalContainerEntityManagerFactoryBean - Initialized JPA EntityManagerFactory for persistence unit 'default'
2025-04-30 14:57:07 [restartedMain] INFO  b.f.b.c.c.i.PgVectorExtensionInitializer - =======> Executing query: CREATE EXTENSION IF NOT EXISTS vector <=========
2025-04-30 14:57:07 [restartedMain] INFO  b.f.b.c.c.i.PgVectorExtensionInitializer - =======> Successfully created pgvector extension <=========
2025-04-30 14:57:08 [restartedMain] WARN  o.s.b.a.o.j.JpaBaseConfiguration$JpaWebConfiguration - spring.jpa.open-in-view is enabled by default. Therefore, database queries may be performed during view rendering. Explicitly configure spring.jpa.open-in-view to disable this warning
2025-04-30 14:57:08 [restartedMain] INFO  o.s.v.b.OptionalValidatorFactoryBean - Failed to set up a Bean Validation provider: jakarta.validation.NoProviderFoundException: Unable to create a Configuration, because no Jakarta Bean Validation provider could be found. Add a provider like Hibernate Validator (RI) to your classpath.
2025-04-30 14:57:08 [restartedMain] INFO  o.s.b.d.a.OptionalLiveReloadServer - LiveReload server is running on port 35729
2025-04-30 14:57:08 [restartedMain] INFO  o.s.b.a.e.web.EndpointLinksResolver - Exposing 3 endpoints beneath base path '/actuator'
2025-04-30 14:57:08 [restartedMain] INFO  o.s.b.w.e.tomcat.TomcatWebServer - Tomcat started on port 8081 (http) with context path '/'
2025-04-30 14:57:08 [restartedMain] INFO  b.f.b.c.chatbot.ChatbotApplication - Started ChatbotApplication in 0.924 seconds (process running for 204.721)
2025-04-30 14:57:08 [restartedMain] INFO  b.f.b.c.c.i.PgVectorIndexInitializer - =======> onApplicationEvent PgVectorIndexInitializer executing .... <=========
2025-04-30 14:57:08 [restartedMain] INFO  b.f.b.c.c.i.PgVectorIndexInitializer - =======> onApplicationEvent checkIfIndexExists true} <=========
2025-04-30 14:57:08 [restartedMain] INFO  b.f.b.c.c.i.PgVectorIndexInitializer - =======> !! HNSW index already exists for embeddings column <=========
2025-04-30 14:57:08 [restartedMain] INFO  o.s.b.d.a.ConditionEvaluationDeltaLoggingListener - Condition evaluation unchanged
2025-04-30 14:57:53 [http-nio-8081-exec-1] INFO  o.a.c.c.C.[Tomcat].[localhost].[/] - Initializing Spring DispatcherServlet 'dispatcherServlet'
2025-04-30 14:57:53 [http-nio-8081-exec-1] INFO  o.s.web.servlet.DispatcherServlet - Initializing Servlet 'dispatcherServlet'
2025-04-30 14:57:53 [http-nio-8081-exec-1] INFO  o.s.web.servlet.DispatcherServlet - Completed initialization in 2 ms
2025-04-30 14:57:53 [http-nio-8081-exec-1] INFO  b.f.b.c.chatbot.api.ChatController - info request - > You: c'est possible de faire des actions urgentes sur papier ?
2025-04-30 14:57:53 [http-nio-8081-exec-1] INFO  b.f.b.c.c.services.ChatBotService - Retrieved 5 relevant segments
2025-04-30 14:57:53 [http-nio-8081-exec-1] INFO  b.f.b.c.c.services.ChatBotService - Segment score: 0.8760222792625534 - Content: En cas de force majeure (en raison d'une panne technique), il reste possible d'effectuer des 
action...
2025-04-30 14:57:53 [http-nio-8081-exec-1] INFO  b.f.b.c.c.services.ChatBotService - Segment score: 0.8593418453750885 - Content: Toute communication suivante se fait obligatoirement via le registre pour les personnes qui 
sont pr...
2025-04-30 14:57:53 [http-nio-8081-exec-1] INFO  b.f.b.c.c.services.ChatBotService - Segment score: 0.8431818596341467 - Content: Est-ce un problème ?

Vous n'êtes pas obligé(e) de réaliser une action (telle que la soumission d'un...
2025-04-30 14:57:53 [http-nio-8081-exec-1] INFO  b.f.b.c.c.services.ChatBotService - Segment score: 0.8431245252114701 - Content: Vous trouverez les heures 
d'ouverture de la justice de paix de votre choix ici.

Il est conseillé d...
2025-04-30 14:57:53 [http-nio-8081-exec-1] INFO  b.f.b.c.c.services.ChatBotService - Segment score: 0.8426920106891442 - Content: Toute communication suivante se fait obligatoirement via le registre pour les personnes qui 
sont pr...
2025-04-30 14:58:01 [http-nio-8081-exec-1] INFO  b.f.b.c.c.services.ChatBotService - Response verification result: score=9.0, verified=true
2025-04-30 14:58:01 [http-nio-8081-exec-1] INFO  b.f.b.c.c.services.ChatBotService - Interaction - SessionID: 30acc55d-d31c-4f34-aab2-393eab8124eb, Question: c'est possible de faire des actions urgentes sur papier ?, Answer length: 197, Response confidence: 0.0, Retrieval confidence: 0.0
2025-04-30 14:58:01 [http-nio-8081-exec-1] INFO  b.f.b.c.chatbot.api.ChatController - info response <-- bot: Oui, c'est possible de faire des actions urgentes sur papier en cas de force majeure (en raison d'une panne technique). Le gouvernement fait tout son possible pour assurer la continuité du système.
2025-04-30 14:58:36 [http-nio-8081-exec-2] INFO  b.f.b.c.chatbot.api.ChatController - info request - > You: is it possible to perform urgent actions on paper ?
2025-04-30 14:58:36 [http-nio-8081-exec-2] INFO  b.f.b.c.c.services.ChatBotService - Retrieved 5 relevant segments
2025-04-30 14:58:36 [http-nio-8081-exec-2] INFO  b.f.b.c.c.services.ChatBotService - Segment score: 0.7983950741791457 - Content: En cas de force majeure (en raison d'une panne technique), il reste possible d'effectuer des 
action...
2025-04-30 14:58:36 [http-nio-8081-exec-2] INFO  b.f.b.c.c.services.ChatBotService - Segment score: 0.7878684225435604 - Content: Toute communication suivante se fait obligatoirement via le registre pour les personnes qui 
sont pr...
2025-04-30 14:58:36 [http-nio-8081-exec-2] INFO  b.f.b.c.c.services.ChatBotService - Segment score: 0.7876283097821474 - Content: Toute communication suivante se fait obligatoirement via le registre pour les personnes qui 
sont pr...
2025-04-30 14:58:36 [http-nio-8081-exec-2] INFO  b.f.b.c.c.services.ChatBotService - Segment score: 0.778169469514154 - Content: Dans la dernière étape "Confirmation", vous pouvez enregistrer et imprimer le PDF.

Ce PDF 
s'ouvre ...
2025-04-30 14:58:36 [http-nio-8081-exec-2] INFO  b.f.b.c.c.services.ChatBotService - Segment score: 0.7672562337029837 - Content:  Est-il possible de charger des documents sur le PC kiosk via une clé USB ou 
une carte mémoire ?

...
2025-04-30 14:58:44 [http-nio-8081-exec-2] INFO  b.f.b.c.c.services.ChatBotService - Response verification result: score=9.0, verified=true
2025-04-30 14:58:44 [http-nio-8081-exec-2] INFO  b.f.b.c.c.services.ChatBotService - Interaction - SessionID: 30acc55d-d31c-4f34-aab2-393eab8124eb, Question: is it possible to perform urgent actions on paper ?, Answer length: 208, Response confidence: 0.0, Retrieval confidence: 0.0
2025-04-30 14:58:44 [http-nio-8081-exec-2] INFO  b.f.b.c.chatbot.api.ChatController - info response <-- bot: En cas de force majeure (en raison d'une panne technique), il reste possible d'effectuer des actions urgentes sur papier. Le gouvernement fait bien sûr tout son possible pour assurer la continuité du système.
2025-04-30 15:04:34 [SpringApplicationShutdownHook] INFO  o.s.b.w.e.tomcat.GracefulShutdown - Commencing graceful shutdown. Waiting for active requests to complete
2025-04-30 15:04:34 [tomcat-shutdown] INFO  o.s.b.w.e.tomcat.GracefulShutdown - Graceful shutdown complete
2025-04-30 15:04:34 [SpringApplicationShutdownHook] INFO  o.s.o.j.LocalContainerEntityManagerFactoryBean - Closing JPA EntityManagerFactory for persistence unit 'default'
2025-04-30 15:04:34 [SpringApplicationShutdownHook] INFO  com.zaxxer.hikari.HikariDataSource - HikariPool-2 - Shutdown initiated...
2025-04-30 15:04:34 [SpringApplicationShutdownHook] INFO  com.zaxxer.hikari.HikariDataSource - HikariPool-2 - Shutdown completed.
2025-04-30 15:04:36 [restartedMain] INFO  b.f.b.c.chatbot.ChatbotApplication - Starting ChatbotApplication using Java 23.0.2 with PID 36843 (/Users/souhailaitsaid/dev/chatbot/target/classes started by souhailaitsaid in /Users/souhailaitsaid/dev/chatbot)
2025-04-30 15:04:36 [restartedMain] INFO  b.f.b.c.chatbot.ChatbotApplication - The following 1 profile is active: "dev"
2025-04-30 15:04:36 [restartedMain] INFO  o.s.b.d.e.DevToolsPropertyDefaultsPostProcessor - Devtools property defaults active! Set 'spring.devtools.add-properties' to 'false' to disable
2025-04-30 15:04:36 [restartedMain] INFO  o.s.b.d.e.DevToolsPropertyDefaultsPostProcessor - For additional web related logging consider setting the 'logging.level.web' property to 'DEBUG'
2025-04-30 15:04:36 [restartedMain] INFO  o.s.d.r.c.RepositoryConfigurationDelegate - Bootstrapping Spring Data JPA repositories in DEFAULT mode.
2025-04-30 15:04:37 [restartedMain] INFO  o.s.d.r.c.RepositoryConfigurationDelegate - Finished Spring Data repository scanning in 57 ms. Found 6 JPA repository interfaces.
2025-04-30 15:04:37 [restartedMain] INFO  o.s.b.w.e.tomcat.TomcatWebServer - Tomcat initialized with port 8081 (http)
2025-04-30 15:04:37 [restartedMain] INFO  o.a.catalina.core.StandardService - Starting service [Tomcat]
2025-04-30 15:04:37 [restartedMain] INFO  o.a.catalina.core.StandardEngine - Starting Servlet engine: [Apache Tomcat/10.1.40]
2025-04-30 15:04:37 [restartedMain] INFO  o.a.c.c.C.[Tomcat].[localhost].[/] - Initializing Spring embedded WebApplicationContext
2025-04-30 15:04:37 [restartedMain] INFO  o.s.b.w.s.c.ServletWebServerApplicationContext - Root WebApplicationContext: initialization completed in 899 ms
2025-04-30 15:04:37 [restartedMain] INFO  o.h.jpa.internal.util.LogHelper - HHH000204: Processing PersistenceUnitInfo [name: default]
2025-04-30 15:04:37 [restartedMain] INFO  org.hibernate.Version - HHH000412: Hibernate ORM core version 6.6.13.Final
2025-04-30 15:04:37 [restartedMain] INFO  o.h.c.i.RegionFactoryInitiator - HHH000026: Second-level cache disabled
2025-04-30 15:04:37 [restartedMain] INFO  o.s.o.j.p.SpringPersistenceUnitInfo - No LoadTimeWeaver setup: ignoring JPA class transformer
2025-04-30 15:04:37 [restartedMain] INFO  com.zaxxer.hikari.HikariDataSource - HikariPool-1 - Starting...
2025-04-30 15:04:37 [restartedMain] INFO  com.zaxxer.hikari.pool.HikariPool - HikariPool-1 - Added connection org.postgresql.jdbc.PgConnection@2ee4b946
2025-04-30 15:04:37 [restartedMain] INFO  com.zaxxer.hikari.HikariDataSource - HikariPool-1 - Start completed.
2025-04-30 15:04:37 [restartedMain] INFO  o.hibernate.orm.connections.pooling - HHH10001005: Database info:
	Database JDBC URL [Connecting through datasource 'HikariDataSource (HikariPool-1)']
	Database driver: undefined/unknown
	Database version: 17.4
	Autocommit mode: undefined/unknown
	Isolation level: undefined/unknown
	Minimum pool size: undefined/unknown
	Maximum pool size: undefined/unknown
2025-04-30 15:04:38 [restartedMain] INFO  o.h.e.t.j.p.i.JtaPlatformInitiator - HHH000489: No JTA platform available (set 'hibernate.transaction.jta.platform' to enable JTA platform integration)
2025-04-30 15:04:38 [restartedMain] INFO  o.s.o.j.LocalContainerEntityManagerFactoryBean - Initialized JPA EntityManagerFactory for persistence unit 'default'
2025-04-30 15:04:38 [restartedMain] INFO  b.f.b.c.c.i.PgVectorExtensionInitializer - =======> Executing query: CREATE EXTENSION IF NOT EXISTS vector <=========
2025-04-30 15:04:38 [restartedMain] INFO  b.f.b.c.c.i.PgVectorExtensionInitializer - =======> Successfully created pgvector extension <=========
2025-04-30 15:04:39 [restartedMain] WARN  o.s.b.a.o.j.JpaBaseConfiguration$JpaWebConfiguration - spring.jpa.open-in-view is enabled by default. Therefore, database queries may be performed during view rendering. Explicitly configure spring.jpa.open-in-view to disable this warning
2025-04-30 15:04:39 [restartedMain] INFO  o.s.v.b.OptionalValidatorFactoryBean - Failed to set up a Bean Validation provider: jakarta.validation.NoProviderFoundException: Unable to create a Configuration, because no Jakarta Bean Validation provider could be found. Add a provider like Hibernate Validator (RI) to your classpath.
2025-04-30 15:04:39 [restartedMain] INFO  o.s.b.d.a.OptionalLiveReloadServer - LiveReload server is running on port 35729
2025-04-30 15:04:39 [restartedMain] INFO  o.s.b.a.e.web.EndpointLinksResolver - Exposing 3 endpoints beneath base path '/actuator'
2025-04-30 15:04:39 [restartedMain] INFO  o.s.b.w.e.tomcat.TomcatWebServer - Tomcat started on port 8081 (http) with context path '/'
2025-04-30 15:04:39 [restartedMain] INFO  b.f.b.c.chatbot.ChatbotApplication - Started ChatbotApplication in 3.205 seconds (process running for 3.52)
2025-04-30 15:04:39 [restartedMain] INFO  b.f.b.c.c.i.PgVectorIndexInitializer - =======> onApplicationEvent PgVectorIndexInitializer executing .... <=========
2025-04-30 15:04:39 [restartedMain] INFO  b.f.b.c.c.i.PgVectorIndexInitializer - =======> onApplicationEvent checkIfIndexExists true} <=========
2025-04-30 15:04:39 [restartedMain] INFO  b.f.b.c.c.i.PgVectorIndexInitializer - =======> !! HNSW index already exists for embeddings column <=========
2025-04-30 15:04:40 [RMI TCP Connection(2)-192.168.1.2] INFO  o.a.c.c.C.[Tomcat].[localhost].[/] - Initializing Spring DispatcherServlet 'dispatcherServlet'
2025-04-30 15:04:40 [RMI TCP Connection(2)-192.168.1.2] INFO  o.s.web.servlet.DispatcherServlet - Initializing Servlet 'dispatcherServlet'
2025-04-30 15:04:40 [RMI TCP Connection(2)-192.168.1.2] INFO  o.s.web.servlet.DispatcherServlet - Completed initialization in 1 ms
2025-04-30 15:04:48 [http-nio-8081-exec-1] INFO  b.f.b.c.chatbot.api.ChatController - info request - > You: is it possible to perform urgent actions on paper ?
2025-04-30 15:04:48 [http-nio-8081-exec-1] INFO  b.f.b.c.c.services.ChatBotService - Retrieved 5 relevant segments
2025-04-30 15:04:48 [http-nio-8081-exec-1] INFO  b.f.b.c.c.services.ChatBotService - Segment score: 0.7983950741791457 - Content: En cas de force majeure (en raison d'une panne technique), il reste possible d'effectuer des 
action...
2025-04-30 15:04:48 [http-nio-8081-exec-1] INFO  b.f.b.c.c.services.ChatBotService - Segment score: 0.7878684225435604 - Content: Toute communication suivante se fait obligatoirement via le registre pour les personnes qui 
sont pr...
2025-04-30 15:04:48 [http-nio-8081-exec-1] INFO  b.f.b.c.c.services.ChatBotService - Segment score: 0.7876283097821474 - Content: Toute communication suivante se fait obligatoirement via le registre pour les personnes qui 
sont pr...
2025-04-30 15:04:48 [http-nio-8081-exec-1] INFO  b.f.b.c.c.services.ChatBotService - Segment score: 0.778169469514154 - Content: Dans la dernière étape "Confirmation", vous pouvez enregistrer et imprimer le PDF.

Ce PDF 
s'ouvre ...
2025-04-30 15:04:48 [http-nio-8081-exec-1] INFO  b.f.b.c.c.services.ChatBotService - Segment score: 0.7672562337029837 - Content:  Est-il possible de charger des documents sur le PC kiosk via une clé USB ou 
une carte mémoire ?

...
2025-04-30 15:04:57 [http-nio-8081-exec-1] INFO  b.f.b.c.c.services.ChatBotService - Response verification result: score=9.0, verified=true
2025-04-30 15:04:57 [http-nio-8081-exec-1] INFO  b.f.b.c.c.services.ChatBotService - Interaction - SessionID: 30acc55d-d31c-4f34-aab2-393eab8124eb, Question: is it possible to perform urgent actions on paper ?, Answer length: 208, Response confidence: 0.0, Retrieval confidence: 0.0
2025-04-30 15:04:57 [http-nio-8081-exec-1] INFO  b.f.b.c.chatbot.api.ChatController - info response <-- bot: En cas de force majeure (en raison d'une panne technique), il reste possible d'effectuer des actions urgentes sur papier. Le gouvernement fait bien sûr tout son possible pour assurer la continuité du système.
2025-04-30 15:06:12 [SpringApplicationShutdownHook] INFO  o.s.b.w.e.tomcat.GracefulShutdown - Commencing graceful shutdown. Waiting for active requests to complete
2025-04-30 15:06:12 [tomcat-shutdown] INFO  o.s.b.w.e.tomcat.GracefulShutdown - Graceful shutdown complete
2025-04-30 15:06:12 [SpringApplicationShutdownHook] INFO  o.s.o.j.LocalContainerEntityManagerFactoryBean - Closing JPA EntityManagerFactory for persistence unit 'default'
2025-04-30 15:06:13 [SpringApplicationShutdownHook] INFO  com.zaxxer.hikari.HikariDataSource - HikariPool-1 - Shutdown initiated...
2025-04-30 15:06:13 [SpringApplicationShutdownHook] INFO  com.zaxxer.hikari.HikariDataSource - HikariPool-1 - Shutdown completed.
2025-04-30 15:06:14 [restartedMain] INFO  b.f.b.c.chatbot.ChatbotApplication - Starting ChatbotApplication using Java 23.0.2 with PID 36895 (/Users/souhailaitsaid/dev/chatbot/target/classes started by souhailaitsaid in /Users/souhailaitsaid/dev/chatbot)
2025-04-30 15:06:14 [restartedMain] INFO  b.f.b.c.chatbot.ChatbotApplication - The following 1 profile is active: "dev"
2025-04-30 15:06:14 [restartedMain] INFO  o.s.b.d.e.DevToolsPropertyDefaultsPostProcessor - Devtools property defaults active! Set 'spring.devtools.add-properties' to 'false' to disable
2025-04-30 15:06:14 [restartedMain] INFO  o.s.b.d.e.DevToolsPropertyDefaultsPostProcessor - For additional web related logging consider setting the 'logging.level.web' property to 'DEBUG'
2025-04-30 15:06:15 [restartedMain] INFO  o.s.d.r.c.RepositoryConfigurationDelegate - Bootstrapping Spring Data JPA repositories in DEFAULT mode.
2025-04-30 15:06:15 [restartedMain] INFO  o.s.d.r.c.RepositoryConfigurationDelegate - Finished Spring Data repository scanning in 53 ms. Found 6 JPA repository interfaces.
2025-04-30 15:06:15 [restartedMain] INFO  o.s.b.w.e.tomcat.TomcatWebServer - Tomcat initialized with port 8081 (http)
2025-04-30 15:06:15 [restartedMain] INFO  o.a.catalina.core.StandardService - Starting service [Tomcat]
2025-04-30 15:06:15 [restartedMain] INFO  o.a.catalina.core.StandardEngine - Starting Servlet engine: [Apache Tomcat/10.1.40]
2025-04-30 15:06:15 [restartedMain] INFO  o.a.c.c.C.[Tomcat].[localhost].[/] - Initializing Spring embedded WebApplicationContext
2025-04-30 15:06:15 [restartedMain] INFO  o.s.b.w.s.c.ServletWebServerApplicationContext - Root WebApplicationContext: initialization completed in 874 ms
2025-04-30 15:06:15 [restartedMain] INFO  o.h.jpa.internal.util.LogHelper - HHH000204: Processing PersistenceUnitInfo [name: default]
2025-04-30 15:06:15 [restartedMain] INFO  org.hibernate.Version - HHH000412: Hibernate ORM core version 6.6.13.Final
2025-04-30 15:06:15 [restartedMain] INFO  o.h.c.i.RegionFactoryInitiator - HHH000026: Second-level cache disabled
2025-04-30 15:06:15 [restartedMain] INFO  o.s.o.j.p.SpringPersistenceUnitInfo - No LoadTimeWeaver setup: ignoring JPA class transformer
2025-04-30 15:06:15 [restartedMain] INFO  com.zaxxer.hikari.HikariDataSource - HikariPool-1 - Starting...
2025-04-30 15:06:15 [restartedMain] INFO  com.zaxxer.hikari.pool.HikariPool - HikariPool-1 - Added connection org.postgresql.jdbc.PgConnection@2b845378
2025-04-30 15:06:15 [restartedMain] INFO  com.zaxxer.hikari.HikariDataSource - HikariPool-1 - Start completed.
2025-04-30 15:06:15 [restartedMain] INFO  o.hibernate.orm.connections.pooling - HHH10001005: Database info:
	Database JDBC URL [Connecting through datasource 'HikariDataSource (HikariPool-1)']
	Database driver: undefined/unknown
	Database version: 17.4
	Autocommit mode: undefined/unknown
	Isolation level: undefined/unknown
	Minimum pool size: undefined/unknown
	Maximum pool size: undefined/unknown
2025-04-30 15:06:16 [restartedMain] INFO  o.h.e.t.j.p.i.JtaPlatformInitiator - HHH000489: No JTA platform available (set 'hibernate.transaction.jta.platform' to enable JTA platform integration)
2025-04-30 15:06:16 [restartedMain] INFO  o.s.o.j.LocalContainerEntityManagerFactoryBean - Initialized JPA EntityManagerFactory for persistence unit 'default'
2025-04-30 15:06:16 [restartedMain] INFO  b.f.b.c.c.i.PgVectorExtensionInitializer - =======> Executing query: CREATE EXTENSION IF NOT EXISTS vector <=========
2025-04-30 15:06:16 [restartedMain] INFO  b.f.b.c.c.i.PgVectorExtensionInitializer - =======> Successfully created pgvector extension <=========
2025-04-30 15:06:16 [restartedMain] WARN  o.s.b.a.o.j.JpaBaseConfiguration$JpaWebConfiguration - spring.jpa.open-in-view is enabled by default. Therefore, database queries may be performed during view rendering. Explicitly configure spring.jpa.open-in-view to disable this warning
2025-04-30 15:06:16 [restartedMain] INFO  o.s.v.b.OptionalValidatorFactoryBean - Failed to set up a Bean Validation provider: jakarta.validation.NoProviderFoundException: Unable to create a Configuration, because no Jakarta Bean Validation provider could be found. Add a provider like Hibernate Validator (RI) to your classpath.
2025-04-30 15:06:17 [restartedMain] INFO  o.s.b.d.a.OptionalLiveReloadServer - LiveReload server is running on port 35729
2025-04-30 15:06:17 [restartedMain] INFO  o.s.b.a.e.web.EndpointLinksResolver - Exposing 3 endpoints beneath base path '/actuator'
2025-04-30 15:06:17 [restartedMain] INFO  o.s.b.w.e.tomcat.TomcatWebServer - Tomcat started on port 8081 (http) with context path '/'
2025-04-30 15:06:17 [restartedMain] INFO  b.f.b.c.chatbot.ChatbotApplication - Started ChatbotApplication in 2.871 seconds (process running for 3.151)
2025-04-30 15:06:17 [restartedMain] INFO  b.f.b.c.c.i.PgVectorIndexInitializer - =======> onApplicationEvent PgVectorIndexInitializer executing .... <=========
2025-04-30 15:06:17 [restartedMain] INFO  b.f.b.c.c.i.PgVectorIndexInitializer - =======> onApplicationEvent checkIfIndexExists true} <=========
2025-04-30 15:06:17 [restartedMain] INFO  b.f.b.c.c.i.PgVectorIndexInitializer - =======> !! HNSW index already exists for embeddings column <=========
2025-04-30 15:06:17 [RMI TCP Connection(1)-192.168.1.2] INFO  o.a.c.c.C.[Tomcat].[localhost].[/] - Initializing Spring DispatcherServlet 'dispatcherServlet'
2025-04-30 15:06:17 [RMI TCP Connection(1)-192.168.1.2] INFO  o.s.web.servlet.DispatcherServlet - Initializing Servlet 'dispatcherServlet'
2025-04-30 15:06:17 [RMI TCP Connection(1)-192.168.1.2] INFO  o.s.web.servlet.DispatcherServlet - Completed initialization in 1 ms
2025-04-30 15:06:23 [http-nio-8081-exec-1] INFO  b.f.b.c.chatbot.api.ChatController - info request - > You: is it possible to perform urgent actions on paper ?
2025-04-30 15:06:23 [http-nio-8081-exec-1] INFO  b.f.b.c.c.services.ChatBotService - Retrieved 5 relevant segments
2025-04-30 15:06:23 [http-nio-8081-exec-1] INFO  b.f.b.c.c.services.ChatBotService - Segment score: 0.7983950741791457 - Content: En cas de force majeure (en raison d'une panne technique), il reste possible d'effectuer des 
action...
2025-04-30 15:06:23 [http-nio-8081-exec-1] INFO  b.f.b.c.c.services.ChatBotService - Segment score: 0.7878684225435604 - Content: Toute communication suivante se fait obligatoirement via le registre pour les personnes qui 
sont pr...
2025-04-30 15:06:23 [http-nio-8081-exec-1] INFO  b.f.b.c.c.services.ChatBotService - Segment score: 0.7876283097821474 - Content: Toute communication suivante se fait obligatoirement via le registre pour les personnes qui 
sont pr...
2025-04-30 15:06:23 [http-nio-8081-exec-1] INFO  b.f.b.c.c.services.ChatBotService - Segment score: 0.778169469514154 - Content: Dans la dernière étape "Confirmation", vous pouvez enregistrer et imprimer le PDF.

Ce PDF 
s'ouvre ...
2025-04-30 15:06:23 [http-nio-8081-exec-1] INFO  b.f.b.c.c.services.ChatBotService - Segment score: 0.7672562337029837 - Content:  Est-il possible de charger des documents sur le PC kiosk via une clé USB ou 
une carte mémoire ?

...
2025-04-30 15:06:29 [http-nio-8081-exec-1] INFO  b.f.b.c.c.services.ChatBotService - Response verification result: score=9.0, verified=true
2025-04-30 15:06:29 [http-nio-8081-exec-1] INFO  b.f.b.c.c.services.ChatBotService - Interaction - SessionID: 30acc55d-d31c-4f34-aab2-393eab8124eb, Question: is it possible to perform urgent actions on paper ?, Answer length: 208, Response confidence: 0.0, Retrieval confidence: 0.0
2025-04-30 15:06:29 [http-nio-8081-exec-1] INFO  b.f.b.c.chatbot.api.ChatController - info response <-- bot: En cas de force majeure (en raison d'une panne technique), il reste possible d'effectuer des actions urgentes sur papier. Le gouvernement fait bien sûr tout son possible pour assurer la continuité du système.
2025-04-30 15:07:11 [SpringApplicationShutdownHook] INFO  o.s.b.w.e.tomcat.GracefulShutdown - Commencing graceful shutdown. Waiting for active requests to complete
2025-04-30 15:07:11 [tomcat-shutdown] INFO  o.s.b.w.e.tomcat.GracefulShutdown - Graceful shutdown complete
2025-04-30 15:07:11 [SpringApplicationShutdownHook] INFO  o.s.o.j.LocalContainerEntityManagerFactoryBean - Closing JPA EntityManagerFactory for persistence unit 'default'
2025-04-30 15:07:11 [SpringApplicationShutdownHook] INFO  com.zaxxer.hikari.HikariDataSource - HikariPool-1 - Shutdown initiated...
2025-04-30 15:07:11 [SpringApplicationShutdownHook] INFO  com.zaxxer.hikari.HikariDataSource - HikariPool-1 - Shutdown completed.
2025-04-30 15:07:13 [restartedMain] INFO  b.f.b.c.chatbot.ChatbotApplication - Starting ChatbotApplication using Java 23.0.2 with PID 36939 (/Users/souhailaitsaid/dev/chatbot/target/classes started by souhailaitsaid in /Users/souhailaitsaid/dev/chatbot)
2025-04-30 15:07:13 [restartedMain] INFO  b.f.b.c.chatbot.ChatbotApplication - The following 1 profile is active: "dev"
2025-04-30 15:07:13 [restartedMain] INFO  o.s.b.d.e.DevToolsPropertyDefaultsPostProcessor - Devtools property defaults active! Set 'spring.devtools.add-properties' to 'false' to disable
2025-04-30 15:07:13 [restartedMain] INFO  o.s.b.d.e.DevToolsPropertyDefaultsPostProcessor - For additional web related logging consider setting the 'logging.level.web' property to 'DEBUG'
2025-04-30 15:07:14 [restartedMain] INFO  o.s.d.r.c.RepositoryConfigurationDelegate - Bootstrapping Spring Data JPA repositories in DEFAULT mode.
2025-04-30 15:07:14 [restartedMain] INFO  o.s.d.r.c.RepositoryConfigurationDelegate - Finished Spring Data repository scanning in 54 ms. Found 6 JPA repository interfaces.
2025-04-30 15:07:14 [restartedMain] INFO  o.s.b.w.e.tomcat.TomcatWebServer - Tomcat initialized with port 8081 (http)
2025-04-30 15:07:14 [restartedMain] INFO  o.a.catalina.core.StandardService - Starting service [Tomcat]
2025-04-30 15:07:14 [restartedMain] INFO  o.a.catalina.core.StandardEngine - Starting Servlet engine: [Apache Tomcat/10.1.40]
2025-04-30 15:07:14 [restartedMain] INFO  o.a.c.c.C.[Tomcat].[localhost].[/] - Initializing Spring embedded WebApplicationContext
2025-04-30 15:07:14 [restartedMain] INFO  o.s.b.w.s.c.ServletWebServerApplicationContext - Root WebApplicationContext: initialization completed in 878 ms
2025-04-30 15:07:14 [restartedMain] INFO  o.h.jpa.internal.util.LogHelper - HHH000204: Processing PersistenceUnitInfo [name: default]
2025-04-30 15:07:14 [restartedMain] INFO  org.hibernate.Version - HHH000412: Hibernate ORM core version 6.6.13.Final
2025-04-30 15:07:14 [restartedMain] INFO  o.h.c.i.RegionFactoryInitiator - HHH000026: Second-level cache disabled
2025-04-30 15:07:14 [restartedMain] INFO  o.s.o.j.p.SpringPersistenceUnitInfo - No LoadTimeWeaver setup: ignoring JPA class transformer
2025-04-30 15:07:14 [restartedMain] INFO  com.zaxxer.hikari.HikariDataSource - HikariPool-1 - Starting...
2025-04-30 15:07:14 [restartedMain] INFO  com.zaxxer.hikari.pool.HikariPool - HikariPool-1 - Added connection org.postgresql.jdbc.PgConnection@7095e5fe
2025-04-30 15:07:14 [restartedMain] INFO  com.zaxxer.hikari.HikariDataSource - HikariPool-1 - Start completed.
2025-04-30 15:07:14 [restartedMain] INFO  o.hibernate.orm.connections.pooling - HHH10001005: Database info:
	Database JDBC URL [Connecting through datasource 'HikariDataSource (HikariPool-1)']
	Database driver: undefined/unknown
	Database version: 17.4
	Autocommit mode: undefined/unknown
	Isolation level: undefined/unknown
	Minimum pool size: undefined/unknown
	Maximum pool size: undefined/unknown
2025-04-30 15:07:15 [restartedMain] INFO  o.h.e.t.j.p.i.JtaPlatformInitiator - HHH000489: No JTA platform available (set 'hibernate.transaction.jta.platform' to enable JTA platform integration)
2025-04-30 15:07:15 [restartedMain] INFO  o.s.o.j.LocalContainerEntityManagerFactoryBean - Initialized JPA EntityManagerFactory for persistence unit 'default'
2025-04-30 15:07:15 [restartedMain] INFO  b.f.b.c.c.i.PgVectorExtensionInitializer - =======> Executing query: CREATE EXTENSION IF NOT EXISTS vector <=========
2025-04-30 15:07:15 [restartedMain] INFO  b.f.b.c.c.i.PgVectorExtensionInitializer - =======> Successfully created pgvector extension <=========
2025-04-30 15:07:15 [restartedMain] WARN  o.s.b.a.o.j.JpaBaseConfiguration$JpaWebConfiguration - spring.jpa.open-in-view is enabled by default. Therefore, database queries may be performed during view rendering. Explicitly configure spring.jpa.open-in-view to disable this warning
2025-04-30 15:07:15 [restartedMain] INFO  o.s.v.b.OptionalValidatorFactoryBean - Failed to set up a Bean Validation provider: jakarta.validation.NoProviderFoundException: Unable to create a Configuration, because no Jakarta Bean Validation provider could be found. Add a provider like Hibernate Validator (RI) to your classpath.
2025-04-30 15:07:16 [restartedMain] INFO  o.s.b.d.a.OptionalLiveReloadServer - LiveReload server is running on port 35729
2025-04-30 15:07:16 [restartedMain] INFO  o.s.b.a.e.web.EndpointLinksResolver - Exposing 3 endpoints beneath base path '/actuator'
2025-04-30 15:07:16 [restartedMain] INFO  o.s.b.w.e.tomcat.TomcatWebServer - Tomcat started on port 8081 (http) with context path '/'
2025-04-30 15:07:16 [restartedMain] INFO  b.f.b.c.chatbot.ChatbotApplication - Started ChatbotApplication in 2.862 seconds (process running for 3.142)
2025-04-30 15:07:16 [restartedMain] INFO  b.f.b.c.c.i.PgVectorIndexInitializer - =======> onApplicationEvent PgVectorIndexInitializer executing .... <=========
2025-04-30 15:07:16 [restartedMain] INFO  b.f.b.c.c.i.PgVectorIndexInitializer - =======> onApplicationEvent checkIfIndexExists true} <=========
2025-04-30 15:07:16 [restartedMain] INFO  b.f.b.c.c.i.PgVectorIndexInitializer - =======> !! HNSW index already exists for embeddings column <=========
2025-04-30 15:07:16 [RMI TCP Connection(4)-192.168.1.2] INFO  o.a.c.c.C.[Tomcat].[localhost].[/] - Initializing Spring DispatcherServlet 'dispatcherServlet'
2025-04-30 15:07:16 [RMI TCP Connection(4)-192.168.1.2] INFO  o.s.web.servlet.DispatcherServlet - Initializing Servlet 'dispatcherServlet'
2025-04-30 15:07:16 [RMI TCP Connection(4)-192.168.1.2] INFO  o.s.web.servlet.DispatcherServlet - Completed initialization in 1 ms
2025-04-30 15:07:21 [http-nio-8081-exec-2] INFO  b.f.b.c.chatbot.api.ChatController - info request - > You: is it possible to perform urgent actions on paper ?
2025-04-30 15:07:21 [http-nio-8081-exec-2] INFO  b.f.b.c.c.services.ChatBotService - Retrieved 5 relevant segments
2025-04-30 15:07:21 [http-nio-8081-exec-2] INFO  b.f.b.c.c.services.ChatBotService - Segment score: 0.7983950741791457 - Content: En cas de force majeure (en raison d'une panne technique), il reste possible d'effectuer des 
action...
2025-04-30 15:07:21 [http-nio-8081-exec-2] INFO  b.f.b.c.c.services.ChatBotService - Segment score: 0.7878684225435604 - Content: Toute communication suivante se fait obligatoirement via le registre pour les personnes qui 
sont pr...
2025-04-30 15:07:21 [http-nio-8081-exec-2] INFO  b.f.b.c.c.services.ChatBotService - Segment score: 0.7876283097821474 - Content: Toute communication suivante se fait obligatoirement via le registre pour les personnes qui 
sont pr...
2025-04-30 15:07:21 [http-nio-8081-exec-2] INFO  b.f.b.c.c.services.ChatBotService - Segment score: 0.778169469514154 - Content: Dans la dernière étape "Confirmation", vous pouvez enregistrer et imprimer le PDF.

Ce PDF 
s'ouvre ...
2025-04-30 15:07:21 [http-nio-8081-exec-2] INFO  b.f.b.c.c.services.ChatBotService - Segment score: 0.7672562337029837 - Content:  Est-il possible de charger des documents sur le PC kiosk via une clé USB ou 
une carte mémoire ?

...
2025-04-30 15:07:29 [http-nio-8081-exec-2] INFO  b.f.b.c.c.services.ChatBotService - Response verification result: score=9.0, verified=true
2025-04-30 15:07:29 [http-nio-8081-exec-2] INFO  b.f.b.c.c.services.ChatBotService - Interaction - SessionID: 30acc55d-d31c-4f34-aab2-393eab8124eb, Question: is it possible to perform urgent actions on paper ?, Answer length: 208, Response confidence: 0.0, Retrieval confidence: 0.0
2025-04-30 15:07:29 [http-nio-8081-exec-2] INFO  b.f.b.c.chatbot.api.ChatController - info response <-- bot: En cas de force majeure (en raison d'une panne technique), il reste possible d'effectuer des actions urgentes sur papier. Le gouvernement fait bien sûr tout son possible pour assurer la continuité du système.
2025-04-30 15:10:39 [File Watcher] INFO  o.s.b.d.a.LocalDevToolsAutoConfiguration$RestartingClassPathChangeChangedEventListener - Restarting due to 2 class path changes (0 additions, 0 deletions, 2 modifications)
2025-04-30 15:10:39 [Thread-6] INFO  o.s.b.w.e.tomcat.GracefulShutdown - Commencing graceful shutdown. Waiting for active requests to complete
2025-04-30 15:10:39 [tomcat-shutdown] INFO  o.s.b.w.e.tomcat.GracefulShutdown - Graceful shutdown complete
2025-04-30 15:10:39 [Thread-6] INFO  o.s.o.j.LocalContainerEntityManagerFactoryBean - Closing JPA EntityManagerFactory for persistence unit 'default'
2025-04-30 15:10:40 [Thread-6] INFO  com.zaxxer.hikari.HikariDataSource - HikariPool-1 - Shutdown initiated...
2025-04-30 15:10:40 [Thread-6] INFO  com.zaxxer.hikari.HikariDataSource - HikariPool-1 - Shutdown completed.
2025-04-30 15:10:40 [restartedMain] INFO  b.f.b.c.chatbot.ChatbotApplication - Starting ChatbotApplication using Java 23.0.2 with PID 36939 (/Users/souhailaitsaid/dev/chatbot/target/classes started by souhailaitsaid in /Users/souhailaitsaid/dev/chatbot)
2025-04-30 15:10:40 [restartedMain] INFO  b.f.b.c.chatbot.ChatbotApplication - The following 1 profile is active: "dev"
2025-04-30 15:10:40 [restartedMain] INFO  o.s.d.r.c.RepositoryConfigurationDelegate - Bootstrapping Spring Data JPA repositories in DEFAULT mode.
2025-04-30 15:10:40 [restartedMain] INFO  o.s.d.r.c.RepositoryConfigurationDelegate - Finished Spring Data repository scanning in 5 ms. Found 6 JPA repository interfaces.
2025-04-30 15:10:40 [restartedMain] INFO  o.s.b.w.e.tomcat.TomcatWebServer - Tomcat initialized with port 8081 (http)
2025-04-30 15:10:40 [restartedMain] INFO  o.a.catalina.core.StandardService - Starting service [Tomcat]
2025-04-30 15:10:40 [restartedMain] INFO  o.a.catalina.core.StandardEngine - Starting Servlet engine: [Apache Tomcat/10.1.40]
2025-04-30 15:10:40 [restartedMain] INFO  o.a.c.c.C.[Tomcat].[localhost].[/] - Initializing Spring embedded WebApplicationContext
2025-04-30 15:10:40 [restartedMain] INFO  o.s.b.w.s.c.ServletWebServerApplicationContext - Root WebApplicationContext: initialization completed in 229 ms
2025-04-30 15:10:40 [restartedMain] INFO  o.h.jpa.internal.util.LogHelper - HHH000204: Processing PersistenceUnitInfo [name: default]
2025-04-30 15:10:40 [restartedMain] INFO  o.h.c.i.RegionFactoryInitiator - HHH000026: Second-level cache disabled
2025-04-30 15:10:40 [restartedMain] INFO  o.s.o.j.p.SpringPersistenceUnitInfo - No LoadTimeWeaver setup: ignoring JPA class transformer
2025-04-30 15:10:40 [restartedMain] INFO  com.zaxxer.hikari.HikariDataSource - HikariPool-2 - Starting...
2025-04-30 15:10:40 [restartedMain] INFO  com.zaxxer.hikari.pool.HikariPool - HikariPool-2 - Added connection org.postgresql.jdbc.PgConnection@3e1997e5
2025-04-30 15:10:40 [restartedMain] INFO  com.zaxxer.hikari.HikariDataSource - HikariPool-2 - Start completed.
2025-04-30 15:10:40 [restartedMain] INFO  o.hibernate.orm.connections.pooling - HHH10001005: Database info:
	Database JDBC URL [Connecting through datasource 'HikariDataSource (HikariPool-2)']
	Database driver: undefined/unknown
	Database version: 17.4
	Autocommit mode: undefined/unknown
	Isolation level: undefined/unknown
	Minimum pool size: undefined/unknown
	Maximum pool size: undefined/unknown
2025-04-30 15:10:40 [restartedMain] INFO  o.h.e.t.j.p.i.JtaPlatformInitiator - HHH000489: No JTA platform available (set 'hibernate.transaction.jta.platform' to enable JTA platform integration)
2025-04-30 15:10:40 [restartedMain] INFO  o.s.o.j.LocalContainerEntityManagerFactoryBean - Initialized JPA EntityManagerFactory for persistence unit 'default'
2025-04-30 15:10:40 [restartedMain] INFO  b.f.b.c.c.i.PgVectorExtensionInitializer - =======> Executing query: CREATE EXTENSION IF NOT EXISTS vector <=========
2025-04-30 15:10:40 [restartedMain] INFO  b.f.b.c.c.i.PgVectorExtensionInitializer - =======> Successfully created pgvector extension <=========
2025-04-30 15:10:40 [restartedMain] WARN  o.s.b.a.o.j.JpaBaseConfiguration$JpaWebConfiguration - spring.jpa.open-in-view is enabled by default. Therefore, database queries may be performed during view rendering. Explicitly configure spring.jpa.open-in-view to disable this warning
2025-04-30 15:10:40 [restartedMain] INFO  o.s.v.b.OptionalValidatorFactoryBean - Failed to set up a Bean Validation provider: jakarta.validation.NoProviderFoundException: Unable to create a Configuration, because no Jakarta Bean Validation provider could be found. Add a provider like Hibernate Validator (RI) to your classpath.
2025-04-30 15:10:40 [restartedMain] INFO  o.s.b.d.a.OptionalLiveReloadServer - LiveReload server is running on port 35729
2025-04-30 15:10:40 [restartedMain] INFO  o.s.b.a.e.web.EndpointLinksResolver - Exposing 3 endpoints beneath base path '/actuator'
2025-04-30 15:10:40 [restartedMain] INFO  o.s.b.w.e.tomcat.TomcatWebServer - Tomcat started on port 8081 (http) with context path '/'
2025-04-30 15:10:40 [restartedMain] INFO  b.f.b.c.chatbot.ChatbotApplication - Started ChatbotApplication in 0.905 seconds (process running for 207.672)
2025-04-30 15:10:41 [restartedMain] INFO  b.f.b.c.c.i.PgVectorIndexInitializer - =======> onApplicationEvent PgVectorIndexInitializer executing .... <=========
2025-04-30 15:10:41 [restartedMain] INFO  b.f.b.c.c.i.PgVectorIndexInitializer - =======> onApplicationEvent checkIfIndexExists true} <=========
2025-04-30 15:10:41 [restartedMain] INFO  b.f.b.c.c.i.PgVectorIndexInitializer - =======> !! HNSW index already exists for embeddings column <=========
2025-04-30 15:10:41 [restartedMain] INFO  o.s.b.d.a.ConditionEvaluationDeltaLoggingListener - Condition evaluation unchanged
2025-04-30 15:33:00 [HikariPool-2 housekeeper] WARN  com.zaxxer.hikari.pool.HikariPool - HikariPool-2 - Thread starvation or clock leap detected (housekeeper delta=15m19s563ms).
2025-04-30 16:30:47 [HikariPool-2 housekeeper] WARN  com.zaxxer.hikari.pool.HikariPool - HikariPool-2 - Thread starvation or clock leap detected (housekeeper delta=55m46s991ms).
2025-04-30 16:33:55 [File Watcher] INFO  o.s.b.d.a.LocalDevToolsAutoConfiguration$RestartingClassPathChangeChangedEventListener - Restarting due to 3 class path changes (0 additions, 3 deletions, 0 modifications)
2025-04-30 16:33:55 [Thread-8] INFO  o.s.b.w.e.tomcat.GracefulShutdown - Commencing graceful shutdown. Waiting for active requests to complete
2025-04-30 16:33:55 [tomcat-shutdown] INFO  o.s.b.w.e.tomcat.GracefulShutdown - Graceful shutdown complete
2025-04-30 16:33:55 [Thread-8] INFO  o.s.o.j.LocalContainerEntityManagerFactoryBean - Closing JPA EntityManagerFactory for persistence unit 'default'
2025-04-30 16:33:55 [Thread-8] INFO  com.zaxxer.hikari.HikariDataSource - HikariPool-2 - Shutdown initiated...
2025-04-30 16:33:55 [Thread-8] INFO  com.zaxxer.hikari.HikariDataSource - HikariPool-2 - Shutdown completed.
2025-04-30 16:33:55 [restartedMain] INFO  b.f.b.c.chatbot.ChatbotApplication - Starting ChatbotApplication using Java 23.0.2 with PID 36939 (/Users/souhailaitsaid/dev/chatbot/target/classes started by souhailaitsaid in /Users/souhailaitsaid/dev/chatbot)
2025-04-30 16:33:55 [restartedMain] INFO  b.f.b.c.chatbot.ChatbotApplication - The following 1 profile is active: "dev"
2025-04-30 16:33:55 [restartedMain] INFO  o.s.d.r.c.RepositoryConfigurationDelegate - Bootstrapping Spring Data JPA repositories in DEFAULT mode.
2025-04-30 16:33:55 [restartedMain] INFO  o.s.d.r.c.RepositoryConfigurationDelegate - Finished Spring Data repository scanning in 6 ms. Found 6 JPA repository interfaces.
2025-04-30 16:33:55 [restartedMain] INFO  o.s.b.w.e.tomcat.TomcatWebServer - Tomcat initialized with port 8081 (http)
2025-04-30 16:33:55 [restartedMain] INFO  o.a.catalina.core.StandardService - Starting service [Tomcat]
2025-04-30 16:33:55 [restartedMain] INFO  o.a.catalina.core.StandardEngine - Starting Servlet engine: [Apache Tomcat/10.1.40]
2025-04-30 16:33:55 [restartedMain] INFO  o.a.c.c.C.[Tomcat].[localhost].[/] - Initializing Spring embedded WebApplicationContext
2025-04-30 16:33:55 [restartedMain] INFO  o.s.b.w.s.c.ServletWebServerApplicationContext - Root WebApplicationContext: initialization completed in 265 ms
2025-04-30 16:33:55 [restartedMain] INFO  o.h.jpa.internal.util.LogHelper - HHH000204: Processing PersistenceUnitInfo [name: default]
2025-04-30 16:33:55 [restartedMain] INFO  o.h.c.i.RegionFactoryInitiator - HHH000026: Second-level cache disabled
2025-04-30 16:33:55 [restartedMain] INFO  o.s.o.j.p.SpringPersistenceUnitInfo - No LoadTimeWeaver setup: ignoring JPA class transformer
2025-04-30 16:33:55 [restartedMain] INFO  com.zaxxer.hikari.HikariDataSource - HikariPool-3 - Starting...
2025-04-30 16:33:55 [restartedMain] INFO  com.zaxxer.hikari.pool.HikariPool - HikariPool-3 - Added connection org.postgresql.jdbc.PgConnection@165e7680
2025-04-30 16:33:55 [restartedMain] INFO  com.zaxxer.hikari.HikariDataSource - HikariPool-3 - Start completed.
2025-04-30 16:33:55 [restartedMain] INFO  o.hibernate.orm.connections.pooling - HHH10001005: Database info:
	Database JDBC URL [Connecting through datasource 'HikariDataSource (HikariPool-3)']
	Database driver: undefined/unknown
	Database version: 17.4
	Autocommit mode: undefined/unknown
	Isolation level: undefined/unknown
	Minimum pool size: undefined/unknown
	Maximum pool size: undefined/unknown
2025-04-30 16:33:55 [restartedMain] INFO  o.h.e.t.j.p.i.JtaPlatformInitiator - HHH000489: No JTA platform available (set 'hibernate.transaction.jta.platform' to enable JTA platform integration)
2025-04-30 16:33:55 [restartedMain] INFO  o.s.o.j.LocalContainerEntityManagerFactoryBean - Initialized JPA EntityManagerFactory for persistence unit 'default'
2025-04-30 16:33:56 [restartedMain] INFO  b.f.b.c.c.i.PgVectorExtensionInitializer - =======> Executing query: CREATE EXTENSION IF NOT EXISTS vector <=========
2025-04-30 16:33:56 [restartedMain] INFO  b.f.b.c.c.i.PgVectorExtensionInitializer - =======> Successfully created pgvector extension <=========
2025-04-30 16:33:56 [restartedMain] WARN  o.s.b.a.o.j.JpaBaseConfiguration$JpaWebConfiguration - spring.jpa.open-in-view is enabled by default. Therefore, database queries may be performed during view rendering. Explicitly configure spring.jpa.open-in-view to disable this warning
2025-04-30 16:33:56 [restartedMain] INFO  o.s.v.b.OptionalValidatorFactoryBean - Failed to set up a Bean Validation provider: jakarta.validation.NoProviderFoundException: Unable to create a Configuration, because no Jakarta Bean Validation provider could be found. Add a provider like Hibernate Validator (RI) to your classpath.
2025-04-30 16:33:56 [restartedMain] INFO  o.s.b.d.a.OptionalLiveReloadServer - LiveReload server is running on port 35729
2025-04-30 16:33:56 [restartedMain] INFO  o.s.b.a.e.web.EndpointLinksResolver - Exposing 3 endpoints beneath base path '/actuator'
2025-04-30 16:33:56 [restartedMain] INFO  o.s.b.w.e.tomcat.TomcatWebServer - Tomcat started on port 8081 (http) with context path '/'
2025-04-30 16:33:56 [restartedMain] INFO  b.f.b.c.chatbot.ChatbotApplication - Started ChatbotApplication in 1.283 seconds (process running for 996.538)
2025-04-30 16:33:56 [restartedMain] INFO  b.f.b.c.c.i.PgVectorIndexInitializer - =======> onApplicationEvent PgVectorIndexInitializer executing .... <=========
2025-04-30 16:33:56 [restartedMain] INFO  b.f.b.c.c.i.PgVectorIndexInitializer - =======> onApplicationEvent checkIfIndexExists true} <=========
2025-04-30 16:33:56 [restartedMain] INFO  b.f.b.c.c.i.PgVectorIndexInitializer - =======> !! HNSW index already exists for embeddings column <=========
2025-04-30 16:33:56 [restartedMain] INFO  o.s.b.d.a.ConditionEvaluationDeltaLoggingListener - Condition evaluation unchanged
2025-04-30 16:33:57 [File Watcher] INFO  o.s.b.d.a.LocalDevToolsAutoConfiguration$RestartingClassPathChangeChangedEventListener - Restarting due to 3 class path changes (3 additions, 0 deletions, 0 modifications)
2025-04-30 16:33:57 [Thread-12] INFO  o.s.b.w.e.tomcat.GracefulShutdown - Commencing graceful shutdown. Waiting for active requests to complete
2025-04-30 16:33:57 [tomcat-shutdown] INFO  o.s.b.w.e.tomcat.GracefulShutdown - Graceful shutdown complete
2025-04-30 16:33:57 [Thread-12] INFO  o.s.o.j.LocalContainerEntityManagerFactoryBean - Closing JPA EntityManagerFactory for persistence unit 'default'
2025-04-30 16:33:57 [Thread-12] INFO  com.zaxxer.hikari.HikariDataSource - HikariPool-3 - Shutdown initiated...
2025-04-30 16:33:57 [Thread-12] INFO  com.zaxxer.hikari.HikariDataSource - HikariPool-3 - Shutdown completed.
2025-04-30 16:33:57 [restartedMain] INFO  b.f.b.c.chatbot.ChatbotApplication - Starting ChatbotApplication using Java 23.0.2 with PID 36939 (/Users/souhailaitsaid/dev/chatbot/target/classes started by souhailaitsaid in /Users/souhailaitsaid/dev/chatbot)
2025-04-30 16:33:57 [restartedMain] INFO  b.f.b.c.chatbot.ChatbotApplication - The following 1 profile is active: "dev"
2025-04-30 16:33:57 [restartedMain] INFO  o.s.d.r.c.RepositoryConfigurationDelegate - Bootstrapping Spring Data JPA repositories in DEFAULT mode.
2025-04-30 16:33:58 [restartedMain] INFO  o.s.d.r.c.RepositoryConfigurationDelegate - Finished Spring Data repository scanning in 5 ms. Found 6 JPA repository interfaces.
2025-04-30 16:33:58 [restartedMain] INFO  o.s.b.w.e.tomcat.TomcatWebServer - Tomcat initialized with port 8081 (http)
2025-04-30 16:33:58 [restartedMain] INFO  o.a.catalina.core.StandardService - Starting service [Tomcat]
2025-04-30 16:33:58 [restartedMain] INFO  o.a.catalina.core.StandardEngine - Starting Servlet engine: [Apache Tomcat/10.1.40]
2025-04-30 16:33:58 [restartedMain] INFO  o.a.c.c.C.[Tomcat].[localhost].[/] - Initializing Spring embedded WebApplicationContext
2025-04-30 16:33:58 [restartedMain] INFO  o.s.b.w.s.c.ServletWebServerApplicationContext - Root WebApplicationContext: initialization completed in 214 ms
2025-04-30 16:33:58 [restartedMain] INFO  o.h.jpa.internal.util.LogHelper - HHH000204: Processing PersistenceUnitInfo [name: default]
2025-04-30 16:33:58 [restartedMain] INFO  o.h.c.i.RegionFactoryInitiator - HHH000026: Second-level cache disabled
2025-04-30 16:33:58 [restartedMain] INFO  o.s.o.j.p.SpringPersistenceUnitInfo - No LoadTimeWeaver setup: ignoring JPA class transformer
2025-04-30 16:33:58 [restartedMain] INFO  com.zaxxer.hikari.HikariDataSource - HikariPool-4 - Starting...
2025-04-30 16:33:58 [restartedMain] INFO  com.zaxxer.hikari.pool.HikariPool - HikariPool-4 - Added connection org.postgresql.jdbc.PgConnection@40e10afb
2025-04-30 16:33:58 [restartedMain] INFO  com.zaxxer.hikari.HikariDataSource - HikariPool-4 - Start completed.
2025-04-30 16:33:58 [restartedMain] INFO  o.hibernate.orm.connections.pooling - HHH10001005: Database info:
	Database JDBC URL [Connecting through datasource 'HikariDataSource (HikariPool-4)']
	Database driver: undefined/unknown
	Database version: 17.4
	Autocommit mode: undefined/unknown
	Isolation level: undefined/unknown
	Minimum pool size: undefined/unknown
	Maximum pool size: undefined/unknown
2025-04-30 16:33:58 [restartedMain] INFO  o.h.e.t.j.p.i.JtaPlatformInitiator - HHH000489: No JTA platform available (set 'hibernate.transaction.jta.platform' to enable JTA platform integration)
2025-04-30 16:33:58 [restartedMain] INFO  o.s.o.j.LocalContainerEntityManagerFactoryBean - Initialized JPA EntityManagerFactory for persistence unit 'default'
2025-04-30 16:33:58 [restartedMain] INFO  b.f.b.c.c.i.PgVectorExtensionInitializer - =======> Executing query: CREATE EXTENSION IF NOT EXISTS vector <=========
2025-04-30 16:33:58 [restartedMain] INFO  b.f.b.c.c.i.PgVectorExtensionInitializer - =======> Successfully created pgvector extension <=========
2025-04-30 16:33:58 [restartedMain] WARN  o.s.b.a.o.j.JpaBaseConfiguration$JpaWebConfiguration - spring.jpa.open-in-view is enabled by default. Therefore, database queries may be performed during view rendering. Explicitly configure spring.jpa.open-in-view to disable this warning
2025-04-30 16:33:58 [restartedMain] INFO  o.s.v.b.OptionalValidatorFactoryBean - Failed to set up a Bean Validation provider: jakarta.validation.NoProviderFoundException: Unable to create a Configuration, because no Jakarta Bean Validation provider could be found. Add a provider like Hibernate Validator (RI) to your classpath.
2025-04-30 16:33:58 [restartedMain] INFO  o.s.b.d.a.OptionalLiveReloadServer - LiveReload server is running on port 35729
2025-04-30 16:33:58 [restartedMain] INFO  o.s.b.a.e.web.EndpointLinksResolver - Exposing 3 endpoints beneath base path '/actuator'
2025-04-30 16:33:58 [restartedMain] INFO  o.s.b.w.e.tomcat.TomcatWebServer - Tomcat started on port 8081 (http) with context path '/'
2025-04-30 16:33:58 [restartedMain] INFO  b.f.b.c.chatbot.ChatbotApplication - Started ChatbotApplication in 0.812 seconds (process running for 998.797)
2025-04-30 16:33:58 [restartedMain] INFO  b.f.b.c.c.i.PgVectorIndexInitializer - =======> onApplicationEvent PgVectorIndexInitializer executing .... <=========
2025-04-30 16:33:58 [restartedMain] INFO  b.f.b.c.c.i.PgVectorIndexInitializer - =======> onApplicationEvent checkIfIndexExists true} <=========
2025-04-30 16:33:58 [restartedMain] INFO  b.f.b.c.c.i.PgVectorIndexInitializer - =======> !! HNSW index already exists for embeddings column <=========
2025-04-30 16:33:58 [restartedMain] INFO  o.s.b.d.a.ConditionEvaluationDeltaLoggingListener - Condition evaluation unchanged
2025-04-30 16:34:31 [SpringApplicationShutdownHook] INFO  o.s.b.w.e.tomcat.GracefulShutdown - Commencing graceful shutdown. Waiting for active requests to complete
2025-04-30 16:34:31 [tomcat-shutdown] INFO  o.s.b.w.e.tomcat.GracefulShutdown - Graceful shutdown complete
2025-04-30 16:34:31 [SpringApplicationShutdownHook] INFO  o.s.o.j.LocalContainerEntityManagerFactoryBean - Closing JPA EntityManagerFactory for persistence unit 'default'
2025-04-30 16:34:31 [SpringApplicationShutdownHook] INFO  com.zaxxer.hikari.HikariDataSource - HikariPool-4 - Shutdown initiated...
2025-04-30 16:34:31 [SpringApplicationShutdownHook] INFO  com.zaxxer.hikari.HikariDataSource - HikariPool-4 - Shutdown completed.
2025-04-30 16:34:33 [restartedMain] INFO  b.f.b.c.chatbot.ChatbotApplication - Starting ChatbotApplication using Java 23.0.2 with PID 37313 (/Users/souhailaitsaid/dev/chatbot/target/classes started by souhailaitsaid in /Users/souhailaitsaid/dev/chatbot)
2025-04-30 16:34:33 [restartedMain] INFO  b.f.b.c.chatbot.ChatbotApplication - The following 1 profile is active: "dev"
2025-04-30 16:34:33 [restartedMain] INFO  o.s.b.d.e.DevToolsPropertyDefaultsPostProcessor - Devtools property defaults active! Set 'spring.devtools.add-properties' to 'false' to disable
2025-04-30 16:34:33 [restartedMain] INFO  o.s.b.d.e.DevToolsPropertyDefaultsPostProcessor - For additional web related logging consider setting the 'logging.level.web' property to 'DEBUG'
2025-04-30 16:34:33 [restartedMain] INFO  o.s.d.r.c.RepositoryConfigurationDelegate - Bootstrapping Spring Data JPA repositories in DEFAULT mode.
2025-04-30 16:34:33 [restartedMain] INFO  o.s.d.r.c.RepositoryConfigurationDelegate - Finished Spring Data repository scanning in 53 ms. Found 6 JPA repository interfaces.
2025-04-30 16:34:34 [restartedMain] INFO  o.s.b.w.e.tomcat.TomcatWebServer - Tomcat initialized with port 8081 (http)
2025-04-30 16:34:34 [restartedMain] INFO  o.a.catalina.core.StandardService - Starting service [Tomcat]
2025-04-30 16:34:34 [restartedMain] INFO  o.a.catalina.core.StandardEngine - Starting Servlet engine: [Apache Tomcat/10.1.40]
2025-04-30 16:34:34 [restartedMain] INFO  o.a.c.c.C.[Tomcat].[localhost].[/] - Initializing Spring embedded WebApplicationContext
2025-04-30 16:34:34 [restartedMain] INFO  o.s.b.w.s.c.ServletWebServerApplicationContext - Root WebApplicationContext: initialization completed in 886 ms
2025-04-30 16:34:34 [restartedMain] INFO  o.h.jpa.internal.util.LogHelper - HHH000204: Processing PersistenceUnitInfo [name: default]
2025-04-30 16:34:34 [restartedMain] INFO  org.hibernate.Version - HHH000412: Hibernate ORM core version 6.6.13.Final
2025-04-30 16:34:34 [restartedMain] INFO  o.h.c.i.RegionFactoryInitiator - HHH000026: Second-level cache disabled
2025-04-30 16:34:34 [restartedMain] INFO  o.s.o.j.p.SpringPersistenceUnitInfo - No LoadTimeWeaver setup: ignoring JPA class transformer
2025-04-30 16:34:34 [restartedMain] INFO  com.zaxxer.hikari.HikariDataSource - HikariPool-1 - Starting...
2025-04-30 16:34:34 [restartedMain] INFO  com.zaxxer.hikari.pool.HikariPool - HikariPool-1 - Added connection org.postgresql.jdbc.PgConnection@7426d777
2025-04-30 16:34:34 [restartedMain] INFO  com.zaxxer.hikari.HikariDataSource - HikariPool-1 - Start completed.
2025-04-30 16:34:34 [restartedMain] INFO  o.hibernate.orm.connections.pooling - HHH10001005: Database info:
	Database JDBC URL [Connecting through datasource 'HikariDataSource (HikariPool-1)']
	Database driver: undefined/unknown
	Database version: 17.4
	Autocommit mode: undefined/unknown
	Isolation level: undefined/unknown
	Minimum pool size: undefined/unknown
	Maximum pool size: undefined/unknown
2025-04-30 16:34:35 [restartedMain] INFO  o.h.e.t.j.p.i.JtaPlatformInitiator - HHH000489: No JTA platform available (set 'hibernate.transaction.jta.platform' to enable JTA platform integration)
2025-04-30 16:34:35 [restartedMain] INFO  o.s.o.j.LocalContainerEntityManagerFactoryBean - Initialized JPA EntityManagerFactory for persistence unit 'default'
2025-04-30 16:34:35 [restartedMain] INFO  b.f.b.c.c.i.PgVectorExtensionInitializer - =======> Executing query: CREATE EXTENSION IF NOT EXISTS vector <=========
2025-04-30 16:34:35 [restartedMain] INFO  b.f.b.c.c.i.PgVectorExtensionInitializer - =======> Successfully created pgvector extension <=========
2025-04-30 16:34:35 [restartedMain] WARN  o.s.b.a.o.j.JpaBaseConfiguration$JpaWebConfiguration - spring.jpa.open-in-view is enabled by default. Therefore, database queries may be performed during view rendering. Explicitly configure spring.jpa.open-in-view to disable this warning
2025-04-30 16:34:35 [restartedMain] INFO  o.s.v.b.OptionalValidatorFactoryBean - Failed to set up a Bean Validation provider: jakarta.validation.NoProviderFoundException: Unable to create a Configuration, because no Jakarta Bean Validation provider could be found. Add a provider like Hibernate Validator (RI) to your classpath.
2025-04-30 16:34:36 [restartedMain] INFO  o.s.b.d.a.OptionalLiveReloadServer - LiveReload server is running on port 35729
2025-04-30 16:34:36 [restartedMain] INFO  o.s.b.a.e.web.EndpointLinksResolver - Exposing 3 endpoints beneath base path '/actuator'
2025-04-30 16:34:36 [restartedMain] INFO  o.s.b.w.e.tomcat.TomcatWebServer - Tomcat started on port 8081 (http) with context path '/'
2025-04-30 16:34:36 [restartedMain] INFO  b.f.b.c.chatbot.ChatbotApplication - Started ChatbotApplication in 2.891 seconds (process running for 3.201)
2025-04-30 16:34:36 [restartedMain] INFO  b.f.b.c.c.i.PgVectorIndexInitializer - =======> onApplicationEvent PgVectorIndexInitializer executing .... <=========
2025-04-30 16:34:36 [restartedMain] INFO  b.f.b.c.c.i.PgVectorIndexInitializer - =======> onApplicationEvent checkIfIndexExists true} <=========
2025-04-30 16:34:36 [restartedMain] INFO  b.f.b.c.c.i.PgVectorIndexInitializer - =======> !! HNSW index already exists for embeddings column <=========
2025-04-30 16:34:36 [RMI TCP Connection(4)-192.168.1.2] INFO  o.a.c.c.C.[Tomcat].[localhost].[/] - Initializing Spring DispatcherServlet 'dispatcherServlet'
2025-04-30 16:34:36 [RMI TCP Connection(4)-192.168.1.2] INFO  o.s.web.servlet.DispatcherServlet - Initializing Servlet 'dispatcherServlet'
2025-04-30 16:34:36 [RMI TCP Connection(4)-192.168.1.2] INFO  o.s.web.servlet.DispatcherServlet - Completed initialization in 1 ms
2025-04-30 16:35:09 [http-nio-8081-exec-1] INFO  b.f.b.c.chatbot.api.ChatController - info request - > You: do i receive an invoice or a receipt ?
2025-04-30 16:35:09 [http-nio-8081-exec-1] INFO  b.f.b.c.c.services.ChatBotService - Retrieved 5 relevant segments
2025-04-30 16:35:09 [http-nio-8081-exec-1] INFO  b.f.b.c.c.services.ChatBotService - Segment score: 0.7500058263523015 - Content: Comment puis-je réduire sa taille ?

Pour les fichiers Word, voir https://support.microsoft.com/fr-f...
2025-04-30 16:35:09 [http-nio-8081-exec-1] INFO  b.f.b.c.c.services.ChatBotService - Segment score: 0.7433974323402667 - Content: Une signature (électronique) n'est pas requise lorsque vous êtes connecté(e) via e-ID ou 
ItsMe.

 ...
2025-04-30 16:35:09 [http-nio-8081-exec-1] INFO  b.f.b.c.c.services.ChatBotService - Segment score: 0.7420841348911996 - Content:  Est-ce que je reçois une facture ou un reçu ?

Le greffier peut générer un reçu dans le cas d'un p...
2025-04-30 16:35:09 [http-nio-8081-exec-1] INFO  b.f.b.c.c.services.ChatBotService - Segment score: 0.738794914376337 - Content: Si chaque demandeur a droit à une aide juridique de deuxième ligne, une telle contribution 
n'est pa...
2025-04-30 16:35:09 [http-nio-8081-exec-1] INFO  b.f.b.c.c.services.ChatBotService - Segment score: 0.736770643206972 - Content:  Combien coûte l'ouverture d'une procédure via le Registre central de protection

des personnes ?

...
2025-04-30 16:35:21 [http-nio-8081-exec-1] INFO  b.f.b.c.c.services.ChatBotService - Response verification result: score=4.0, verified=false
2025-04-30 16:35:21 [http-nio-8081-exec-1] WARN  b.f.b.c.c.services.ChatBotService - Response failed verification (score: 4.0). Ungrounded claims: 
2025-04-30 16:35:23 [http-nio-8081-exec-1] INFO  b.f.b.c.c.services.ChatBotService - Interaction - SessionID: 3b199656-116a-4586-91e9-70b6b2594fd0, Question: do i receive an invoice or a receipt ?, Answer length: 335, Response confidence: 0.0, Retrieval confidence: 0.0
2025-04-30 16:35:23 [http-nio-8081-exec-1] INFO  b.f.b.c.chatbot.api.ChatController - info response <-- bot: Selon le contexte fourni, il n'y a pas d'information claire sur la réception d'une facture ou un reçu. Cependant, il est mentionné que le greffier peut générer un reçu dans le cas d'un paiement en espèces, mais il n'y a pas de facture disponible.

La réponse finale est : Non, il n'est pas clair si vous recevez une facture ou un reçu.
2025-04-30 16:41:35 [HikariPool-1 housekeeper] WARN  com.zaxxer.hikari.pool.HikariPool - HikariPool-1 - Thread starvation or clock leap detected (housekeeper delta=2m30s881ms).
2025-04-30 16:47:11 [SpringApplicationShutdownHook] INFO  o.s.b.w.e.tomcat.GracefulShutdown - Commencing graceful shutdown. Waiting for active requests to complete
2025-04-30 16:47:11 [tomcat-shutdown] INFO  o.s.b.w.e.tomcat.GracefulShutdown - Graceful shutdown complete
2025-04-30 16:47:11 [SpringApplicationShutdownHook] INFO  o.s.o.j.LocalContainerEntityManagerFactoryBean - Closing JPA EntityManagerFactory for persistence unit 'default'
2025-04-30 16:47:11 [SpringApplicationShutdownHook] INFO  com.zaxxer.hikari.HikariDataSource - HikariPool-1 - Shutdown initiated...
2025-04-30 16:47:11 [SpringApplicationShutdownHook] INFO  com.zaxxer.hikari.HikariDataSource - HikariPool-1 - Shutdown completed.
2025-04-30 16:47:13 [restartedMain] INFO  b.f.b.c.chatbot.ChatbotApplication - Starting ChatbotApplication using Java 23.0.2 with PID 37471 (/Users/souhailaitsaid/dev/chatbot/target/classes started by souhailaitsaid in /Users/souhailaitsaid/dev/chatbot)
2025-04-30 16:47:13 [restartedMain] INFO  b.f.b.c.chatbot.ChatbotApplication - The following 1 profile is active: "dev"
2025-04-30 16:47:13 [restartedMain] INFO  o.s.b.d.e.DevToolsPropertyDefaultsPostProcessor - Devtools property defaults active! Set 'spring.devtools.add-properties' to 'false' to disable
2025-04-30 16:47:13 [restartedMain] INFO  o.s.b.d.e.DevToolsPropertyDefaultsPostProcessor - For additional web related logging consider setting the 'logging.level.web' property to 'DEBUG'
2025-04-30 16:47:13 [restartedMain] INFO  o.s.d.r.c.RepositoryConfigurationDelegate - Bootstrapping Spring Data JPA repositories in DEFAULT mode.
2025-04-30 16:47:13 [restartedMain] INFO  o.s.d.r.c.RepositoryConfigurationDelegate - Finished Spring Data repository scanning in 54 ms. Found 6 JPA repository interfaces.
2025-04-30 16:47:14 [restartedMain] INFO  o.s.b.w.e.tomcat.TomcatWebServer - Tomcat initialized with port 8081 (http)
2025-04-30 16:47:14 [restartedMain] INFO  o.a.catalina.core.StandardService - Starting service [Tomcat]
2025-04-30 16:47:14 [restartedMain] INFO  o.a.catalina.core.StandardEngine - Starting Servlet engine: [Apache Tomcat/10.1.40]
2025-04-30 16:47:14 [restartedMain] INFO  o.a.c.c.C.[Tomcat].[localhost].[/] - Initializing Spring embedded WebApplicationContext
2025-04-30 16:47:14 [restartedMain] INFO  o.s.b.w.s.c.ServletWebServerApplicationContext - Root WebApplicationContext: initialization completed in 859 ms
2025-04-30 16:47:14 [restartedMain] INFO  o.h.jpa.internal.util.LogHelper - HHH000204: Processing PersistenceUnitInfo [name: default]
2025-04-30 16:47:14 [restartedMain] INFO  org.hibernate.Version - HHH000412: Hibernate ORM core version 6.6.13.Final
2025-04-30 16:47:14 [restartedMain] INFO  o.h.c.i.RegionFactoryInitiator - HHH000026: Second-level cache disabled
2025-04-30 16:47:14 [restartedMain] INFO  o.s.o.j.p.SpringPersistenceUnitInfo - No LoadTimeWeaver setup: ignoring JPA class transformer
2025-04-30 16:47:14 [restartedMain] INFO  com.zaxxer.hikari.HikariDataSource - HikariPool-1 - Starting...
2025-04-30 16:47:14 [restartedMain] INFO  com.zaxxer.hikari.pool.HikariPool - HikariPool-1 - Added connection org.postgresql.jdbc.PgConnection@6cb2c64
2025-04-30 16:47:14 [restartedMain] INFO  com.zaxxer.hikari.HikariDataSource - HikariPool-1 - Start completed.
2025-04-30 16:47:14 [restartedMain] INFO  o.hibernate.orm.connections.pooling - HHH10001005: Database info:
	Database JDBC URL [Connecting through datasource 'HikariDataSource (HikariPool-1)']
	Database driver: undefined/unknown
	Database version: 17.4
	Autocommit mode: undefined/unknown
	Isolation level: undefined/unknown
	Minimum pool size: undefined/unknown
	Maximum pool size: undefined/unknown
2025-04-30 16:47:14 [restartedMain] INFO  o.h.e.t.j.p.i.JtaPlatformInitiator - HHH000489: No JTA platform available (set 'hibernate.transaction.jta.platform' to enable JTA platform integration)
2025-04-30 16:47:14 [restartedMain] INFO  o.s.o.j.LocalContainerEntityManagerFactoryBean - Initialized JPA EntityManagerFactory for persistence unit 'default'
2025-04-30 16:47:15 [restartedMain] INFO  b.f.b.c.c.i.PgVectorExtensionInitializer - =======> Executing query: CREATE EXTENSION IF NOT EXISTS vector <=========
2025-04-30 16:47:15 [restartedMain] INFO  b.f.b.c.c.i.PgVectorExtensionInitializer - =======> Successfully created pgvector extension <=========
2025-04-30 16:47:15 [restartedMain] WARN  o.s.b.a.o.j.JpaBaseConfiguration$JpaWebConfiguration - spring.jpa.open-in-view is enabled by default. Therefore, database queries may be performed during view rendering. Explicitly configure spring.jpa.open-in-view to disable this warning
2025-04-30 16:47:15 [restartedMain] INFO  o.s.v.b.OptionalValidatorFactoryBean - Failed to set up a Bean Validation provider: jakarta.validation.NoProviderFoundException: Unable to create a Configuration, because no Jakarta Bean Validation provider could be found. Add a provider like Hibernate Validator (RI) to your classpath.
2025-04-30 16:47:16 [restartedMain] INFO  o.s.b.d.a.OptionalLiveReloadServer - LiveReload server is running on port 35729
2025-04-30 16:47:16 [restartedMain] INFO  o.s.b.a.e.web.EndpointLinksResolver - Exposing 3 endpoints beneath base path '/actuator'
2025-04-30 16:47:16 [restartedMain] INFO  o.s.b.w.e.tomcat.TomcatWebServer - Tomcat started on port 8081 (http) with context path '/'
2025-04-30 16:47:16 [restartedMain] INFO  b.f.b.c.chatbot.ChatbotApplication - Started ChatbotApplication in 3.185 seconds (process running for 3.464)
2025-04-30 16:47:16 [restartedMain] INFO  b.f.b.c.c.i.PgVectorIndexInitializer - =======> onApplicationEvent PgVectorIndexInitializer executing .... <=========
2025-04-30 16:47:16 [restartedMain] INFO  b.f.b.c.c.i.PgVectorIndexInitializer - =======> onApplicationEvent checkIfIndexExists true} <=========
2025-04-30 16:47:16 [restartedMain] INFO  b.f.b.c.c.i.PgVectorIndexInitializer - =======> !! HNSW index already exists for embeddings column <=========
2025-04-30 16:47:16 [RMI TCP Connection(2)-192.168.1.2] INFO  o.a.c.c.C.[Tomcat].[localhost].[/] - Initializing Spring DispatcherServlet 'dispatcherServlet'
2025-04-30 16:47:16 [RMI TCP Connection(2)-192.168.1.2] INFO  o.s.web.servlet.DispatcherServlet - Initializing Servlet 'dispatcherServlet'
2025-04-30 16:47:16 [RMI TCP Connection(2)-192.168.1.2] INFO  o.s.web.servlet.DispatcherServlet - Completed initialization in 1 ms
2025-04-30 16:47:21 [http-nio-8081-exec-1] INFO  o.s.api.AbstractOpenApiResource - Init duration for springdoc-openapi is: 80 ms
2025-04-30 16:50:01 [http-nio-8081-exec-4] WARN  o.s.w.s.m.s.DefaultHandlerExceptionResolver - Resolved [org.springframework.web.HttpMediaTypeNotSupportedException: Content-Type is not supported]
2025-04-30 16:50:24 [SpringApplicationShutdownHook] INFO  o.s.b.w.e.tomcat.GracefulShutdown - Commencing graceful shutdown. Waiting for active requests to complete
2025-04-30 16:50:24 [tomcat-shutdown] INFO  o.s.b.w.e.tomcat.GracefulShutdown - Graceful shutdown complete
2025-04-30 16:50:24 [SpringApplicationShutdownHook] INFO  o.s.o.j.LocalContainerEntityManagerFactoryBean - Closing JPA EntityManagerFactory for persistence unit 'default'
2025-04-30 16:50:24 [SpringApplicationShutdownHook] INFO  com.zaxxer.hikari.HikariDataSource - HikariPool-1 - Shutdown initiated...
2025-04-30 16:50:24 [SpringApplicationShutdownHook] INFO  com.zaxxer.hikari.HikariDataSource - HikariPool-1 - Shutdown completed.
2025-04-30 16:50:26 [restartedMain] INFO  b.f.b.c.chatbot.ChatbotApplication - Starting ChatbotApplication using Java 23.0.2 with PID 37576 (/Users/souhailaitsaid/dev/chatbot/target/classes started by souhailaitsaid in /Users/souhailaitsaid/dev/chatbot)
2025-04-30 16:50:26 [restartedMain] INFO  b.f.b.c.chatbot.ChatbotApplication - The following 1 profile is active: "dev"
2025-04-30 16:50:26 [restartedMain] INFO  o.s.b.d.e.DevToolsPropertyDefaultsPostProcessor - Devtools property defaults active! Set 'spring.devtools.add-properties' to 'false' to disable
2025-04-30 16:50:26 [restartedMain] INFO  o.s.b.d.e.DevToolsPropertyDefaultsPostProcessor - For additional web related logging consider setting the 'logging.level.web' property to 'DEBUG'
2025-04-30 16:50:26 [restartedMain] INFO  o.s.d.r.c.RepositoryConfigurationDelegate - Bootstrapping Spring Data JPA repositories in DEFAULT mode.
2025-04-30 16:50:26 [restartedMain] INFO  o.s.d.r.c.RepositoryConfigurationDelegate - Finished Spring Data repository scanning in 56 ms. Found 6 JPA repository interfaces.
2025-04-30 16:50:26 [restartedMain] INFO  o.s.b.w.e.tomcat.TomcatWebServer - Tomcat initialized with port 8081 (http)
2025-04-30 16:50:26 [restartedMain] INFO  o.a.catalina.core.StandardService - Starting service [Tomcat]
2025-04-30 16:50:26 [restartedMain] INFO  o.a.catalina.core.StandardEngine - Starting Servlet engine: [Apache Tomcat/10.1.40]
2025-04-30 16:50:26 [restartedMain] INFO  o.a.c.c.C.[Tomcat].[localhost].[/] - Initializing Spring embedded WebApplicationContext
2025-04-30 16:50:26 [restartedMain] INFO  o.s.b.w.s.c.ServletWebServerApplicationContext - Root WebApplicationContext: initialization completed in 865 ms
2025-04-30 16:50:27 [restartedMain] INFO  o.h.jpa.internal.util.LogHelper - HHH000204: Processing PersistenceUnitInfo [name: default]
2025-04-30 16:50:27 [restartedMain] INFO  org.hibernate.Version - HHH000412: Hibernate ORM core version 6.6.13.Final
2025-04-30 16:50:27 [restartedMain] INFO  o.h.c.i.RegionFactoryInitiator - HHH000026: Second-level cache disabled
2025-04-30 16:50:27 [restartedMain] INFO  o.s.o.j.p.SpringPersistenceUnitInfo - No LoadTimeWeaver setup: ignoring JPA class transformer
2025-04-30 16:50:27 [restartedMain] INFO  com.zaxxer.hikari.HikariDataSource - HikariPool-1 - Starting...
2025-04-30 16:50:27 [restartedMain] INFO  com.zaxxer.hikari.pool.HikariPool - HikariPool-1 - Added connection org.postgresql.jdbc.PgConnection@83d67c0
2025-04-30 16:50:27 [restartedMain] INFO  com.zaxxer.hikari.HikariDataSource - HikariPool-1 - Start completed.
2025-04-30 16:50:27 [restartedMain] INFO  o.hibernate.orm.connections.pooling - HHH10001005: Database info:
	Database JDBC URL [Connecting through datasource 'HikariDataSource (HikariPool-1)']
	Database driver: undefined/unknown
	Database version: 17.4
	Autocommit mode: undefined/unknown
	Isolation level: undefined/unknown
	Minimum pool size: undefined/unknown
	Maximum pool size: undefined/unknown
2025-04-30 16:50:27 [restartedMain] INFO  o.h.e.t.j.p.i.JtaPlatformInitiator - HHH000489: No JTA platform available (set 'hibernate.transaction.jta.platform' to enable JTA platform integration)
2025-04-30 16:50:27 [restartedMain] INFO  o.s.o.j.LocalContainerEntityManagerFactoryBean - Initialized JPA EntityManagerFactory for persistence unit 'default'
2025-04-30 16:50:27 [restartedMain] INFO  b.f.b.c.c.i.PgVectorExtensionInitializer - =======> Executing query: CREATE EXTENSION IF NOT EXISTS vector <=========
2025-04-30 16:50:27 [restartedMain] INFO  b.f.b.c.c.i.PgVectorExtensionInitializer - =======> Successfully created pgvector extension <=========
2025-04-30 16:50:28 [restartedMain] WARN  o.s.b.a.o.j.JpaBaseConfiguration$JpaWebConfiguration - spring.jpa.open-in-view is enabled by default. Therefore, database queries may be performed during view rendering. Explicitly configure spring.jpa.open-in-view to disable this warning
2025-04-30 16:50:28 [restartedMain] INFO  o.s.v.b.OptionalValidatorFactoryBean - Failed to set up a Bean Validation provider: jakarta.validation.NoProviderFoundException: Unable to create a Configuration, because no Jakarta Bean Validation provider could be found. Add a provider like Hibernate Validator (RI) to your classpath.
2025-04-30 16:50:28 [restartedMain] INFO  o.s.b.d.a.OptionalLiveReloadServer - LiveReload server is running on port 35729
2025-04-30 16:50:28 [restartedMain] INFO  o.s.b.a.e.web.EndpointLinksResolver - Exposing 3 endpoints beneath base path '/actuator'
2025-04-30 16:50:28 [restartedMain] INFO  o.s.b.w.e.tomcat.TomcatWebServer - Tomcat started on port 8081 (http) with context path '/'
2025-04-30 16:50:28 [restartedMain] INFO  b.f.b.c.chatbot.ChatbotApplication - Started ChatbotApplication in 2.874 seconds (process running for 3.161)
2025-04-30 16:50:28 [restartedMain] INFO  b.f.b.c.c.i.PgVectorIndexInitializer - =======> onApplicationEvent PgVectorIndexInitializer executing .... <=========
2025-04-30 16:50:28 [restartedMain] INFO  b.f.b.c.c.i.PgVectorIndexInitializer - =======> onApplicationEvent checkIfIndexExists true} <=========
2025-04-30 16:50:28 [restartedMain] INFO  b.f.b.c.c.i.PgVectorIndexInitializer - =======> !! HNSW index already exists for embeddings column <=========
2025-04-30 16:50:29 [RMI TCP Connection(1)-192.168.1.2] INFO  o.a.c.c.C.[Tomcat].[localhost].[/] - Initializing Spring DispatcherServlet 'dispatcherServlet'
2025-04-30 16:50:29 [RMI TCP Connection(1)-192.168.1.2] INFO  o.s.web.servlet.DispatcherServlet - Initializing Servlet 'dispatcherServlet'
2025-04-30 16:50:29 [RMI TCP Connection(1)-192.168.1.2] INFO  o.s.web.servlet.DispatcherServlet - Completed initialization in 1 ms
2025-04-30 16:50:33 [http-nio-8081-exec-1] INFO  o.s.api.AbstractOpenApiResource - Init duration for springdoc-openapi is: 84 ms
2025-04-30 16:50:39 [http-nio-8081-exec-2] INFO  b.f.b.c.chatbot.services.RageService - Clearing all documents from vector store
2025-04-30 16:50:39 [http-nio-8081-exec-2] INFO  b.f.b.c.chatbot.services.RageService - Vector store cleared
2025-04-30 16:51:16 [http-nio-8081-exec-4] INFO  b.f.b.c.chatbot.services.RageService - Processing document with metadata: b92cd30a-a3b3-4848-a2b6-ed5cc716719e_Latest - Sr full Stack Engineer CV AIT SAID SOUHAIL 4-2025.pdf
2025-04-30 16:51:17 [http-nio-8081-exec-4] INFO  b.f.b.c.chatbot.services.RageService - Document with metadata successfully processed
2025-04-30 16:51:17 [http-nio-8081-exec-4] INFO  b.f.b.c.chatbot.services.RageService - Document saved and processed: Latest - Sr full Stack Engineer CV AIT SAID SOUHAIL 4-2025.pdf, ID: d902c760-7fa9-4780-833e-d52276d444df
2025-04-30 16:51:50 [http-nio-8081-exec-6] INFO  b.f.b.c.chatbot.api.ChatController - info request - > You: what techno does souhail master ?
2025-04-30 16:51:50 [http-nio-8081-exec-6] INFO  b.f.b.c.c.services.ChatBotService - Retrieved 5 relevant segments
2025-04-30 16:51:50 [http-nio-8081-exec-6] INFO  b.f.b.c.c.services.ChatBotService - Segment score: 0.7378569905034007 - Content: Technologies: Java/SpringBoot, Hibernate/JPA, VueJs, Angular, RxJS, Git, Sonarqube, TypeScript,
SOAP...
2025-04-30 16:51:50 [http-nio-8081-exec-6] INFO  b.f.b.c.c.services.ChatBotService - Segment score: 0.7375175647448047 - Content: Contact

Education

+32 470 45 71 66
Phone

Souhailaitsaid@gmail.com
Email

1120, Brussels, Belgium
...
2025-04-30 16:51:50 [http-nio-8081-exec-6] INFO  b.f.b.c.c.services.ChatBotService - Segment score: 0.7370505512832348 - Content: 2018 (5 mos.)

Software Engineer @ Total Energies | Rabat, Morocco

Project: B2B & B2C APIs
Role: An...
2025-04-30 16:51:50 [http-nio-8081-exec-6] INFO  b.f.b.c.c.services.ChatBotService - Segment score: 0.7244162118359261 - Content: Project: Western Scheldt Planner ( WESP )
Role: Developing REST endpoints and a new intermediate API...
2025-04-30 16:51:50 [http-nio-8081-exec-6] INFO  b.f.b.c.c.services.ChatBotService - Segment score: 0.7232971340417862 - Content: Project: Election result management tool/ Quality Management information system
Role: Led the upgrad...
2025-04-30 16:51:58 [http-nio-8081-exec-6] INFO  b.f.b.c.c.services.ChatBotService - Response verification result: score=8.0, verified=true
2025-04-30 16:51:58 [http-nio-8081-exec-6] INFO  b.f.b.c.c.services.ChatBotService - Interaction - SessionID: 1d12acf0-f300-473f-bfc3-2d0ae959524a, Question: what techno does souhail master ?, Answer length: 259, Response confidence: 0.0, Retrieval confidence: 0.0
2025-04-30 16:51:58 [http-nio-8081-exec-6] INFO  b.f.b.c.chatbot.api.ChatController - info response <-- bot: I don't have enough information to determine which technology Souhail Master specializes in. The provided knowledge base segments mention various technologies used by Souhail Ait Said in different projects, but it's unclear which one is his area of expertise.
2025-04-30 16:57:05 [SpringApplicationShutdownHook] INFO  o.s.b.w.e.tomcat.GracefulShutdown - Commencing graceful shutdown. Waiting for active requests to complete
2025-04-30 16:57:05 [tomcat-shutdown] INFO  o.s.b.w.e.tomcat.GracefulShutdown - Graceful shutdown complete
2025-04-30 16:57:05 [SpringApplicationShutdownHook] INFO  o.s.o.j.LocalContainerEntityManagerFactoryBean - Closing JPA EntityManagerFactory for persistence unit 'default'
2025-04-30 16:57:05 [SpringApplicationShutdownHook] INFO  com.zaxxer.hikari.HikariDataSource - HikariPool-1 - Shutdown initiated...
2025-04-30 16:57:05 [SpringApplicationShutdownHook] INFO  com.zaxxer.hikari.HikariDataSource - HikariPool-1 - Shutdown completed.
2025-04-30 16:57:07 [restartedMain] INFO  b.f.b.c.chatbot.ChatbotApplication - Starting ChatbotApplication using Java 23.0.2 with PID 37711 (/Users/souhailaitsaid/dev/chatbot/target/classes started by souhailaitsaid in /Users/souhailaitsaid/dev/chatbot)
2025-04-30 16:57:07 [restartedMain] INFO  b.f.b.c.chatbot.ChatbotApplication - The following 1 profile is active: "dev"
2025-04-30 16:57:07 [restartedMain] INFO  o.s.b.d.e.DevToolsPropertyDefaultsPostProcessor - Devtools property defaults active! Set 'spring.devtools.add-properties' to 'false' to disable
2025-04-30 16:57:07 [restartedMain] INFO  o.s.b.d.e.DevToolsPropertyDefaultsPostProcessor - For additional web related logging consider setting the 'logging.level.web' property to 'DEBUG'
2025-04-30 16:57:08 [restartedMain] INFO  o.s.d.r.c.RepositoryConfigurationDelegate - Bootstrapping Spring Data JPA repositories in DEFAULT mode.
2025-04-30 16:57:08 [restartedMain] INFO  o.s.d.r.c.RepositoryConfigurationDelegate - Finished Spring Data repository scanning in 52 ms. Found 6 JPA repository interfaces.
2025-04-30 16:57:08 [restartedMain] INFO  o.s.b.w.e.tomcat.TomcatWebServer - Tomcat initialized with port 8081 (http)
2025-04-30 16:57:08 [restartedMain] INFO  o.a.catalina.core.StandardService - Starting service [Tomcat]
2025-04-30 16:57:08 [restartedMain] INFO  o.a.catalina.core.StandardEngine - Starting Servlet engine: [Apache Tomcat/10.1.40]
2025-04-30 16:57:08 [restartedMain] INFO  o.a.c.c.C.[Tomcat].[localhost].[/] - Initializing Spring embedded WebApplicationContext
2025-04-30 16:57:08 [restartedMain] INFO  o.s.b.w.s.c.ServletWebServerApplicationContext - Root WebApplicationContext: initialization completed in 878 ms
2025-04-30 16:57:08 [restartedMain] INFO  o.h.jpa.internal.util.LogHelper - HHH000204: Processing PersistenceUnitInfo [name: default]
2025-04-30 16:57:08 [restartedMain] INFO  org.hibernate.Version - HHH000412: Hibernate ORM core version 6.6.13.Final
2025-04-30 16:57:08 [restartedMain] INFO  o.h.c.i.RegionFactoryInitiator - HHH000026: Second-level cache disabled
2025-04-30 16:57:08 [restartedMain] INFO  o.s.o.j.p.SpringPersistenceUnitInfo - No LoadTimeWeaver setup: ignoring JPA class transformer
2025-04-30 16:57:08 [restartedMain] INFO  com.zaxxer.hikari.HikariDataSource - HikariPool-1 - Starting...
2025-04-30 16:57:08 [restartedMain] INFO  com.zaxxer.hikari.pool.HikariPool - HikariPool-1 - Added connection org.postgresql.jdbc.PgConnection@6403c505
2025-04-30 16:57:08 [restartedMain] INFO  com.zaxxer.hikari.HikariDataSource - HikariPool-1 - Start completed.
2025-04-30 16:57:08 [restartedMain] INFO  o.hibernate.orm.connections.pooling - HHH10001005: Database info:
	Database JDBC URL [Connecting through datasource 'HikariDataSource (HikariPool-1)']
	Database driver: undefined/unknown
	Database version: 17.4
	Autocommit mode: undefined/unknown
	Isolation level: undefined/unknown
	Minimum pool size: undefined/unknown
	Maximum pool size: undefined/unknown
2025-04-30 16:57:09 [restartedMain] INFO  o.h.e.t.j.p.i.JtaPlatformInitiator - HHH000489: No JTA platform available (set 'hibernate.transaction.jta.platform' to enable JTA platform integration)
2025-04-30 16:57:09 [restartedMain] INFO  o.s.o.j.LocalContainerEntityManagerFactoryBean - Initialized JPA EntityManagerFactory for persistence unit 'default'
2025-04-30 16:57:09 [restartedMain] INFO  b.f.b.c.c.i.PgVectorExtensionInitializer - =======> Executing query: CREATE EXTENSION IF NOT EXISTS vector <=========
2025-04-30 16:57:09 [restartedMain] INFO  b.f.b.c.c.i.PgVectorExtensionInitializer - =======> Successfully created pgvector extension <=========
2025-04-30 16:57:10 [restartedMain] WARN  o.s.b.a.o.j.JpaBaseConfiguration$JpaWebConfiguration - spring.jpa.open-in-view is enabled by default. Therefore, database queries may be performed during view rendering. Explicitly configure spring.jpa.open-in-view to disable this warning
2025-04-30 16:57:10 [restartedMain] INFO  o.s.v.b.OptionalValidatorFactoryBean - Failed to set up a Bean Validation provider: jakarta.validation.NoProviderFoundException: Unable to create a Configuration, because no Jakarta Bean Validation provider could be found. Add a provider like Hibernate Validator (RI) to your classpath.
2025-04-30 16:57:10 [restartedMain] INFO  o.s.b.d.a.OptionalLiveReloadServer - LiveReload server is running on port 35729
2025-04-30 16:57:10 [restartedMain] INFO  o.s.b.a.e.web.EndpointLinksResolver - Exposing 3 endpoints beneath base path '/actuator'
2025-04-30 16:57:10 [restartedMain] INFO  o.s.b.w.e.tomcat.TomcatWebServer - Tomcat started on port 8081 (http) with context path '/'
2025-04-30 16:57:10 [restartedMain] INFO  b.f.b.c.chatbot.ChatbotApplication - Started ChatbotApplication in 3.165 seconds (process running for 3.497)
2025-04-30 16:57:10 [restartedMain] INFO  b.f.b.c.c.i.PgVectorIndexInitializer - =======> onApplicationEvent PgVectorIndexInitializer executing .... <=========
2025-04-30 16:57:10 [restartedMain] INFO  b.f.b.c.c.i.PgVectorIndexInitializer - =======> onApplicationEvent checkIfIndexExists true} <=========
2025-04-30 16:57:10 [restartedMain] INFO  b.f.b.c.c.i.PgVectorIndexInitializer - =======> !! HNSW index already exists for embeddings column <=========
2025-04-30 16:57:11 [RMI TCP Connection(3)-192.168.1.2] INFO  o.a.c.c.C.[Tomcat].[localhost].[/] - Initializing Spring DispatcherServlet 'dispatcherServlet'
2025-04-30 16:57:11 [RMI TCP Connection(3)-192.168.1.2] INFO  o.s.web.servlet.DispatcherServlet - Initializing Servlet 'dispatcherServlet'
2025-04-30 16:57:11 [RMI TCP Connection(3)-192.168.1.2] INFO  o.s.web.servlet.DispatcherServlet - Completed initialization in 1 ms
2025-04-30 16:57:55 [http-nio-8081-exec-1] INFO  b.f.b.c.chatbot.api.ChatController - info request - > You: what techno does souhail master ?
2025-04-30 16:57:55 [http-nio-8081-exec-1] INFO  b.f.b.c.c.services.ChatBotService - Retrieved 5 relevant segments
2025-04-30 16:57:55 [http-nio-8081-exec-1] INFO  b.f.b.c.c.services.ChatBotService - ############################
Segment score: 0.7378569905034007 - Content: Technologies: Java/SpringBoot, Hibernate/JPA, VueJs, Angular, RxJS, Git, Sonarqube, TypeScript,
SOAP...
2025-04-30 16:57:55 [http-nio-8081-exec-1] INFO  b.f.b.c.c.services.ChatBotService - ############################
Segment score: 0.7375175647448047 - Content: Contact

Education

+32 470 45 71 66
Phone

Souhailaitsaid@gmail.com
Email

1120, Brussels, Belgium
...
2025-04-30 16:57:55 [http-nio-8081-exec-1] INFO  b.f.b.c.c.services.ChatBotService - ############################
Segment score: 0.7370505512832348 - Content: 2018 (5 mos.)

Software Engineer @ Total Energies | Rabat, Morocco

Project: B2B & B2C APIs
Role: An...
2025-04-30 16:57:55 [http-nio-8081-exec-1] INFO  b.f.b.c.c.services.ChatBotService - ############################
Segment score: 0.7244162118359261 - Content: Project: Western Scheldt Planner ( WESP )
Role: Developing REST endpoints and a new intermediate API...
2025-04-30 16:57:55 [http-nio-8081-exec-1] INFO  b.f.b.c.c.services.ChatBotService - ############################
Segment score: 0.7232971340417862 - Content: Project: Election result management tool/ Quality Management information system
Role: Led the upgrad...
2025-04-30 16:57:55 [http-nio-8081-exec-1] INFO  b.f.b.c.c.services.ChatBotService - #########################
augmentedPrompt: IMPORTANT: Always respond in the same language that the user used to ask the question.

Answer using ONLY the information provided below. If the provided information isn't sufficient to answer the question, say you don't have enough information rather than making up an answer.

USER QUESTION: what techno does souhail master ?

RELEVANT INFORMATION FROM KNOWLEDGE BASE:
Segment 1 [Source: Unknown source, Relevance: 0,74]: Technologies: Java/SpringBoot, Hibernate/JPA, VueJs, Angular, RxJS, Git, Sonarqube, TypeScript,
SOAP/REST, Swagger, Azure DevOps, Kubernetes, Docker, Maven, JUnit, DDD, EDA

Projects: Legal documents API/ Criminal Record system(CRS)
Role: Led the development of a documents platform integrated with SharePoint, overseeing architecture,
implementation, and deployment / Introduce new features and fix performance issues in the CRS 
Technologies: Java/SpringBoot, Hibernate/JPA, JEE, Wildfly, JSF/Primefaces, Angular, TypeScript, RxJS ,
Docker, Gitlab, Kubernetes, Sonarqube, IBM DB2, Oracle, Swagger, REST, Maven, JUnit, DDD, EDA

Segment 2 [Source: Unknown source, Relevance: 0,74]: Contact

Education

+32 470 45 71 66
Phone

Souhailaitsaid@gmail.com
Email

1120, Brussels, Belgium
Address

Souhail AIT SAID
S e n i o r  f u l l  S t a c k  E n g i n e e r
With +10 years of experience, I have gained expertise in designing, building, and maintaining scalable
applications. My skill set includes Java/Spring Boot, Angular and different databases, excelling in
microservices, API development, and DevOps practices. I have contributed to diverse industries, delivering
high-quality, user-focused solutions that integrate seamlessly with complex systems.

Experience

Projects: B2B and B2C APIs/ Official Engie Website
Role: Building/Updating Microservices with SAP & SalesForce  integration, ensuring all systems are
connected an communicating correctly via SOAP/ REST/ Kafka. 
Technologies: Java/SpringBoot, Hibernate/JPA, VueJs, Angular, RxJS, Git, Sonarqube, TypeScript,
SOAP/REST, Swagger, Azure DevOps, Kubernetes, Docker, Maven, JUnit, DDD, EDA

Segment 3 [Source: Unknown source, Relevance: 0,74]: 2018 (5 mos.)

Software Engineer @ Total Energies | Rabat, Morocco

Project: B2B & B2C APIs
Role: Analysis and development according to business requirements of different REST endpoints with SAP
and Salesforce integration via SOAP services.
Technologies: Java/SpringBoot, Hibernate/JPA, TFS, Sonarqube, SOAP/REST, Maven, JUnit

Jul. 2016 – Sept. 2017 (1 yr 4 mos.)
Software Engineer @ Engie Electrabel M&S | Rabat, Morocco

Projects: Credit management solution (CMS)  / Invoice purchase control system (ECAF) / Industrialisation of
project management data
Role: Analyse, modeling, and development of features according to business requirements, Integration of data
flows coming from ABAP systems, Integration of data coming from different systems into a single decision
making plateform
Technologies: Java, JPA/Hibernate, Spring, Spring MVC, Spring batch, Thymleaf, JSP/JSTL, Struts, JMS,
SOAP/REST, AngularJS, Jenkins, Maven, JUnit, Bootstrap, MySQL, Oracle, Maven

Segment 4 [Source: Unknown source, Relevance: 0,72]: Project: Western Scheldt Planner ( WESP )
Role: Developing REST endpoints and a new intermediate API to collect weather and navigation data from
various connected systems, and presenting this data on a supervisory platform built with Angular.
Technologies: Java/SpringBoot, Hibernate/JPA, JEE, Jboss, Oracle, REST, Angular, TypeScript, RxJs,
Bootstrap, Swagger, Jenkins, Maven, JUnit, DDD

Feb. 2019 – Nov. 2019 (10 mos.)
Full stack developer @ VTS-Scheldt | Brussels, Belgium

Project: Card processor management system
Role: Analyse & develop new requirements and ensure that all the systems are up and running efficiently
Technologies: Java, Hibernate, Spring Framework, Oracle Database, Struts, JSP,  SOAP/REST, Jenkins, Maven,
JUnit

Oct. 2017 – Feb. 2018 (5 mos.)
Software Engineer @ Total Energies | Rabat, Morocco

Segment 5 [Source: Unknown source, Relevance: 0,72]: Project: Election result management tool/ Quality Management information system
Role: Led the upgrade of a legacy Java application to support new REST standards, add new REST endpoints
and presenting the result of calculations via a newly created angular application.  
Technologies: Java/SpringBoot, Hibernate/JPA, SQL Server, REST, Angular, TypeScript, RxJS, Bootstrap,
Swagger, Maven, JUnit

Feb. 2021- Aug 2024. (3 yr 6 mos.)

Nov. 2019 – Jan 2021 (1 yr 2 mos.)

Mar. 2018 – Jan 2019 (11 mos.)

Full stack engineer @ Engie Electrabel M&S l Brussels, Belgium

Lead full stack engineer @ SPF Finance/Justice | Brussels, Belgium

Lead full stack engineer @ European Parliament | Brussels, Belgium

EMSI Marrakech

Computer Systems & Network
Engineering

2010 - 2015

SOAP / Rest API

Angular/ VueJs / Ionic

Kafka

Java / Spring boot

Kubernetes / Docker

JPA / Hibernate / SQL

English: Bilingual

French: Native

Dutch: Novice

Expertise

Language


Based ONLY on the above information, provide a concise, accurate response. Do not add any information that isn't in the provided context. If you're unsure, express your uncertainty clearly.
2025-04-30 16:57:55 [http-nio-8081-exec-1] INFO  b.f.b.c.c.services.ChatBotService - #########################
systemPrompt: You are a ministry information assistant with the following strict guardrails:

```colang
define user ask about something not in provided context
  when
    user said something
    $knowledgeBase = recall knowledge base information
    NOT $knowledgeBase matches user message
  then
    bot respond "I don't have specific information about that in my knowledge base. I can only provide information that's directly available in the ministry's official documentation. For more details on this topic, please contact the ministry directly."

define user ask for information
  when
    user said something
    $knowledgeBase = recall knowledge base information
    $knowledgeBase matches user message
  then
    bot only use information from $knowledgeBase
    bot avoid making up information not present in $knowledgeBase
    bot avoid phrases like "based on the information provided" or "according to the provided context"
    bot respond in a natural, helpful tone while strictly adhering to facts in $knowledgeBase

define user ask for personal advice
  when 
    user asks for personal advice or personal recommendations
  then
    bot respond "I'm designed to provide factual information from the ministry's knowledge base, not personal advice. For personalized guidance on this matter, please consult with the appropriate ministry department."

define user ask about non-ministry topic
  when
    user ask about topics unrelated to ministry services, policies, or information
  then
    bot respond "I'm specialized in providing information about our ministry's services and policies. I don't have information about topics outside our ministry's scope."

define user ask speculative questions
  when
    user asks for opinions, predictions, or speculations
  then
    bot respond "I can only provide factual information based on our ministry's official documentation. I'm not able to offer opinions, predictions, or speculations on this topic."

define user ask for low confidence answers
  when
    bot confidence is low
  then
    bot express uncertainty clearly
    bot suggest contacting ministry directly
    bot avoid making definitive statements

define bot response guardrails
  when
    bot is responding
  then
    bot MUST only respond with information contained in retrieved knowledge base
    bot MUST NOT make up information or hallucinate facts
    bot MUST NOT use prior knowledge unless it exactly matches knowledge base information
    bot MUST express uncertainty when knowledge base information is insufficient
    bot MUST use a professional, helpful tone appropriate for government services
    bot MUST be concise and direct in responses
    bot MUST prioritize accuracy over completeness
```

Core operating principles:
1. FACTUAL ACCURACY: Only provide information explicitly stated in the knowledge base
2. REFUSAL CLARITY: When declining to answer, explain policy reasons without elaboration
3. INFORMATION BOUNDARY: Never speculate or infer beyond provided context
4. TRANSPARENCY: Clearly indicate uncertainty when information is incomplete
5. ATTRIBUTION: Reference specific segments when possible
6. LANGUAGE ADAPTATION: Always respond with the same language that the user used to ask the question

Response formulation rules:
- Always respond with the language that the user used to ask the question
- Structure responses with verified facts first
- For incomplete information, state what is known before explaining limitations
- Never fabricate details to make answers seem more complete
- Use precise language that matches the confidence level of the information

2025-04-30 16:58:02 [http-nio-8081-exec-1] INFO  b.f.b.c.c.services.ChatBotService - Response verification result: score=8.0, verified=true
2025-04-30 16:58:02 [http-nio-8081-exec-1] INFO  b.f.b.c.c.services.ChatBotService - Interaction - SessionID: 1d12acf0-f300-473f-bfc3-2d0ae959524a, Question: what techno does souhail master ?, Answer length: 168, Response confidence: 0.0, Retrieval confidence: 0.0
2025-04-30 16:58:02 [http-nio-8081-exec-1] INFO  b.f.b.c.chatbot.api.ChatController - info response <-- bot: I don't have enough information to determine what techno Souhail Master refers to. Could you please provide more context or clarify which "techno" is being asked about?
2025-04-30 17:00:22 [File Watcher] INFO  o.s.b.d.a.LocalDevToolsAutoConfiguration$RestartingClassPathChangeChangedEventListener - Restarting due to 2 class path changes (0 additions, 0 deletions, 2 modifications)
2025-04-30 17:00:22 [Thread-6] INFO  o.s.b.w.e.tomcat.GracefulShutdown - Commencing graceful shutdown. Waiting for active requests to complete
2025-04-30 17:00:22 [tomcat-shutdown] INFO  o.s.b.w.e.tomcat.GracefulShutdown - Graceful shutdown complete
2025-04-30 17:00:22 [Thread-6] INFO  o.s.o.j.LocalContainerEntityManagerFactoryBean - Closing JPA EntityManagerFactory for persistence unit 'default'
2025-04-30 17:00:22 [Thread-6] INFO  com.zaxxer.hikari.HikariDataSource - HikariPool-1 - Shutdown initiated...
2025-04-30 17:00:22 [Thread-6] INFO  com.zaxxer.hikari.HikariDataSource - HikariPool-1 - Shutdown completed.
2025-04-30 17:00:22 [restartedMain] INFO  b.f.b.c.chatbot.ChatbotApplication - Starting ChatbotApplication using Java 23.0.2 with PID 37711 (/Users/souhailaitsaid/dev/chatbot/target/classes started by souhailaitsaid in /Users/souhailaitsaid/dev/chatbot)
2025-04-30 17:00:22 [restartedMain] INFO  b.f.b.c.chatbot.ChatbotApplication - The following 1 profile is active: "dev"
2025-04-30 17:00:22 [restartedMain] INFO  o.s.d.r.c.RepositoryConfigurationDelegate - Bootstrapping Spring Data JPA repositories in DEFAULT mode.
2025-04-30 17:00:22 [restartedMain] INFO  o.s.d.r.c.RepositoryConfigurationDelegate - Finished Spring Data repository scanning in 6 ms. Found 6 JPA repository interfaces.
2025-04-30 17:00:22 [restartedMain] INFO  o.s.b.w.e.tomcat.TomcatWebServer - Tomcat initialized with port 8081 (http)
2025-04-30 17:00:22 [restartedMain] INFO  o.a.catalina.core.StandardService - Starting service [Tomcat]
2025-04-30 17:00:22 [restartedMain] INFO  o.a.catalina.core.StandardEngine - Starting Servlet engine: [Apache Tomcat/10.1.40]
2025-04-30 17:00:22 [restartedMain] INFO  o.a.c.c.C.[Tomcat].[localhost].[/] - Initializing Spring embedded WebApplicationContext
2025-04-30 17:00:22 [restartedMain] INFO  o.s.b.w.s.c.ServletWebServerApplicationContext - Root WebApplicationContext: initialization completed in 224 ms
2025-04-30 17:00:22 [restartedMain] INFO  o.h.jpa.internal.util.LogHelper - HHH000204: Processing PersistenceUnitInfo [name: default]
2025-04-30 17:00:22 [restartedMain] INFO  o.h.c.i.RegionFactoryInitiator - HHH000026: Second-level cache disabled
2025-04-30 17:00:22 [restartedMain] INFO  o.s.o.j.p.SpringPersistenceUnitInfo - No LoadTimeWeaver setup: ignoring JPA class transformer
2025-04-30 17:00:22 [restartedMain] INFO  com.zaxxer.hikari.HikariDataSource - HikariPool-2 - Starting...
2025-04-30 17:00:22 [restartedMain] INFO  com.zaxxer.hikari.pool.HikariPool - HikariPool-2 - Added connection org.postgresql.jdbc.PgConnection@111739c3
2025-04-30 17:00:22 [restartedMain] INFO  com.zaxxer.hikari.HikariDataSource - HikariPool-2 - Start completed.
2025-04-30 17:00:22 [restartedMain] INFO  o.hibernate.orm.connections.pooling - HHH10001005: Database info:
	Database JDBC URL [Connecting through datasource 'HikariDataSource (HikariPool-2)']
	Database driver: undefined/unknown
	Database version: 17.4
	Autocommit mode: undefined/unknown
	Isolation level: undefined/unknown
	Minimum pool size: undefined/unknown
	Maximum pool size: undefined/unknown
2025-04-30 17:00:22 [restartedMain] INFO  o.h.e.t.j.p.i.JtaPlatformInitiator - HHH000489: No JTA platform available (set 'hibernate.transaction.jta.platform' to enable JTA platform integration)
2025-04-30 17:00:22 [restartedMain] INFO  o.s.o.j.LocalContainerEntityManagerFactoryBean - Initialized JPA EntityManagerFactory for persistence unit 'default'
2025-04-30 17:00:22 [restartedMain] INFO  b.f.b.c.c.i.PgVectorExtensionInitializer - =======> Executing query: CREATE EXTENSION IF NOT EXISTS vector <=========
2025-04-30 17:00:22 [restartedMain] INFO  b.f.b.c.c.i.PgVectorExtensionInitializer - =======> Successfully created pgvector extension <=========
2025-04-30 17:00:22 [restartedMain] WARN  o.s.b.a.o.j.JpaBaseConfiguration$JpaWebConfiguration - spring.jpa.open-in-view is enabled by default. Therefore, database queries may be performed during view rendering. Explicitly configure spring.jpa.open-in-view to disable this warning
2025-04-30 17:00:22 [restartedMain] INFO  o.s.v.b.OptionalValidatorFactoryBean - Failed to set up a Bean Validation provider: jakarta.validation.NoProviderFoundException: Unable to create a Configuration, because no Jakarta Bean Validation provider could be found. Add a provider like Hibernate Validator (RI) to your classpath.
2025-04-30 17:00:23 [restartedMain] INFO  o.s.b.d.a.OptionalLiveReloadServer - LiveReload server is running on port 35729
2025-04-30 17:00:23 [restartedMain] INFO  o.s.b.a.e.web.EndpointLinksResolver - Exposing 3 endpoints beneath base path '/actuator'
2025-04-30 17:00:23 [restartedMain] INFO  o.s.b.w.e.tomcat.TomcatWebServer - Tomcat started on port 8081 (http) with context path '/'
2025-04-30 17:00:23 [restartedMain] INFO  b.f.b.c.chatbot.ChatbotApplication - Started ChatbotApplication in 0.9 seconds (process running for 195.942)
2025-04-30 17:00:23 [restartedMain] INFO  b.f.b.c.c.i.PgVectorIndexInitializer - =======> onApplicationEvent PgVectorIndexInitializer executing .... <=========
2025-04-30 17:00:23 [restartedMain] INFO  b.f.b.c.c.i.PgVectorIndexInitializer - =======> onApplicationEvent checkIfIndexExists true} <=========
2025-04-30 17:00:23 [restartedMain] INFO  b.f.b.c.c.i.PgVectorIndexInitializer - =======> !! HNSW index already exists for embeddings column <=========
2025-04-30 17:00:23 [restartedMain] INFO  o.s.b.d.a.ConditionEvaluationDeltaLoggingListener - Condition evaluation unchanged
2025-04-30 17:05:14 [File Watcher] INFO  o.s.b.d.a.LocalDevToolsAutoConfiguration$RestartingClassPathChangeChangedEventListener - Restarting due to 3 class path changes (0 additions, 3 deletions, 0 modifications)
2025-04-30 17:05:14 [Thread-8] INFO  o.s.b.w.e.tomcat.GracefulShutdown - Commencing graceful shutdown. Waiting for active requests to complete
2025-04-30 17:05:14 [tomcat-shutdown] INFO  o.s.b.w.e.tomcat.GracefulShutdown - Graceful shutdown complete
2025-04-30 17:05:14 [Thread-8] INFO  o.s.o.j.LocalContainerEntityManagerFactoryBean - Closing JPA EntityManagerFactory for persistence unit 'default'
2025-04-30 17:05:14 [Thread-8] INFO  com.zaxxer.hikari.HikariDataSource - HikariPool-2 - Shutdown initiated...
2025-04-30 17:05:14 [Thread-8] INFO  com.zaxxer.hikari.HikariDataSource - HikariPool-2 - Shutdown completed.
2025-04-30 17:05:14 [restartedMain] INFO  b.f.b.c.chatbot.ChatbotApplication - Starting ChatbotApplication using Java 23.0.2 with PID 37711 (/Users/souhailaitsaid/dev/chatbot/target/classes started by souhailaitsaid in /Users/souhailaitsaid/dev/chatbot)
2025-04-30 17:05:14 [restartedMain] INFO  b.f.b.c.chatbot.ChatbotApplication - The following 1 profile is active: "dev"
2025-04-30 17:05:14 [restartedMain] INFO  o.s.d.r.c.RepositoryConfigurationDelegate - Bootstrapping Spring Data JPA repositories in DEFAULT mode.
2025-04-30 17:05:14 [restartedMain] INFO  o.s.d.r.c.RepositoryConfigurationDelegate - Finished Spring Data repository scanning in 4 ms. Found 6 JPA repository interfaces.
2025-04-30 17:05:15 [restartedMain] INFO  o.s.b.w.e.tomcat.TomcatWebServer - Tomcat initialized with port 8081 (http)
2025-04-30 17:05:15 [restartedMain] INFO  o.a.catalina.core.StandardService - Starting service [Tomcat]
2025-04-30 17:05:15 [restartedMain] INFO  o.a.catalina.core.StandardEngine - Starting Servlet engine: [Apache Tomcat/10.1.40]
2025-04-30 17:05:15 [restartedMain] INFO  o.a.c.c.C.[Tomcat].[localhost].[/] - Initializing Spring embedded WebApplicationContext
2025-04-30 17:05:15 [restartedMain] INFO  o.s.b.w.s.c.ServletWebServerApplicationContext - Root WebApplicationContext: initialization completed in 201 ms
2025-04-30 17:05:15 [restartedMain] INFO  o.h.jpa.internal.util.LogHelper - HHH000204: Processing PersistenceUnitInfo [name: default]
2025-04-30 17:05:15 [restartedMain] INFO  o.h.c.i.RegionFactoryInitiator - HHH000026: Second-level cache disabled
2025-04-30 17:05:15 [restartedMain] INFO  o.s.o.j.p.SpringPersistenceUnitInfo - No LoadTimeWeaver setup: ignoring JPA class transformer
2025-04-30 17:05:15 [restartedMain] INFO  com.zaxxer.hikari.HikariDataSource - HikariPool-3 - Starting...
2025-04-30 17:05:15 [restartedMain] INFO  com.zaxxer.hikari.pool.HikariPool - HikariPool-3 - Added connection org.postgresql.jdbc.PgConnection@758dc883
2025-04-30 17:05:15 [restartedMain] INFO  com.zaxxer.hikari.HikariDataSource - HikariPool-3 - Start completed.
2025-04-30 17:05:15 [restartedMain] INFO  o.hibernate.orm.connections.pooling - HHH10001005: Database info:
	Database JDBC URL [Connecting through datasource 'HikariDataSource (HikariPool-3)']
	Database driver: undefined/unknown
	Database version: 17.4
	Autocommit mode: undefined/unknown
	Isolation level: undefined/unknown
	Minimum pool size: undefined/unknown
	Maximum pool size: undefined/unknown
2025-04-30 17:05:15 [restartedMain] INFO  o.h.e.t.j.p.i.JtaPlatformInitiator - HHH000489: No JTA platform available (set 'hibernate.transaction.jta.platform' to enable JTA platform integration)
2025-04-30 17:05:15 [restartedMain] INFO  o.s.o.j.LocalContainerEntityManagerFactoryBean - Initialized JPA EntityManagerFactory for persistence unit 'default'
2025-04-30 17:05:15 [restartedMain] WARN  o.s.b.w.s.c.AnnotationConfigServletWebServerApplicationContext - Exception encountered during context initialization - cancelling refresh attempt: org.springframework.beans.factory.UnsatisfiedDependencyException: Error creating bean with name 'chatController' defined in file [/Users/souhailaitsaid/dev/chatbot/target/classes/be/fgov/bosa/chatbot/chatbot/api/ChatController.class]: Unsatisfied dependency expressed through constructor parameter 1: No qualifying bean of type 'be.fgov.bosa.chatbot.chatbot.services.ChatBotService' available: expected at least 1 bean which qualifies as autowire candidate. Dependency annotations: {}
2025-04-30 17:05:15 [restartedMain] INFO  o.s.o.j.LocalContainerEntityManagerFactoryBean - Closing JPA EntityManagerFactory for persistence unit 'default'
2025-04-30 17:05:15 [restartedMain] INFO  com.zaxxer.hikari.HikariDataSource - HikariPool-3 - Shutdown initiated...
2025-04-30 17:05:15 [restartedMain] INFO  com.zaxxer.hikari.HikariDataSource - HikariPool-3 - Shutdown completed.
2025-04-30 17:05:15 [restartedMain] INFO  o.a.catalina.core.StandardService - Stopping service [Tomcat]
2025-04-30 17:05:15 [restartedMain] INFO  o.s.b.a.l.ConditionEvaluationReportLogger - 

Error starting ApplicationContext. To display the condition evaluation report re-run your application with 'debug' enabled.
2025-04-30 17:05:15 [restartedMain] ERROR o.s.b.d.LoggingFailureAnalysisReporter - 

***************************
APPLICATION FAILED TO START
***************************

Description:

Parameter 1 of constructor in be.fgov.bosa.chatbot.chatbot.api.ChatController required a bean of type 'be.fgov.bosa.chatbot.chatbot.services.ChatBotService' that could not be found.


Action:

Consider defining a bean of type 'be.fgov.bosa.chatbot.chatbot.services.ChatBotService' in your configuration.

2025-04-30 17:08:35 [restartedMain] INFO  b.f.b.c.chatbot.ChatbotApplication - Starting ChatbotApplication using Java 23.0.2 with PID 37929 (/Users/souhailaitsaid/dev/chatbot/target/classes started by souhailaitsaid in /Users/souhailaitsaid/dev/chatbot)
2025-04-30 17:08:35 [restartedMain] INFO  b.f.b.c.chatbot.ChatbotApplication - The following 1 profile is active: "dev"
2025-04-30 17:08:35 [restartedMain] INFO  o.s.b.d.e.DevToolsPropertyDefaultsPostProcessor - Devtools property defaults active! Set 'spring.devtools.add-properties' to 'false' to disable
2025-04-30 17:08:35 [restartedMain] INFO  o.s.b.d.e.DevToolsPropertyDefaultsPostProcessor - For additional web related logging consider setting the 'logging.level.web' property to 'DEBUG'
2025-04-30 17:08:35 [restartedMain] INFO  o.s.d.r.c.RepositoryConfigurationDelegate - Bootstrapping Spring Data JPA repositories in DEFAULT mode.
2025-04-30 17:08:35 [restartedMain] INFO  o.s.d.r.c.RepositoryConfigurationDelegate - Finished Spring Data repository scanning in 54 ms. Found 6 JPA repository interfaces.
2025-04-30 17:08:36 [restartedMain] INFO  o.s.b.w.e.tomcat.TomcatWebServer - Tomcat initialized with port 8081 (http)
2025-04-30 17:08:36 [restartedMain] INFO  o.a.catalina.core.StandardService - Starting service [Tomcat]
2025-04-30 17:08:36 [restartedMain] INFO  o.a.catalina.core.StandardEngine - Starting Servlet engine: [Apache Tomcat/10.1.40]
2025-04-30 17:08:36 [restartedMain] INFO  o.a.c.c.C.[Tomcat].[localhost].[/] - Initializing Spring embedded WebApplicationContext
2025-04-30 17:08:36 [restartedMain] INFO  o.s.b.w.s.c.ServletWebServerApplicationContext - Root WebApplicationContext: initialization completed in 869 ms
2025-04-30 17:08:36 [restartedMain] INFO  o.h.jpa.internal.util.LogHelper - HHH000204: Processing PersistenceUnitInfo [name: default]
2025-04-30 17:08:36 [restartedMain] INFO  org.hibernate.Version - HHH000412: Hibernate ORM core version 6.6.13.Final
2025-04-30 17:08:36 [restartedMain] INFO  o.h.c.i.RegionFactoryInitiator - HHH000026: Second-level cache disabled
2025-04-30 17:08:36 [restartedMain] INFO  o.s.o.j.p.SpringPersistenceUnitInfo - No LoadTimeWeaver setup: ignoring JPA class transformer
2025-04-30 17:08:36 [restartedMain] INFO  com.zaxxer.hikari.HikariDataSource - HikariPool-1 - Starting...
2025-04-30 17:08:36 [restartedMain] INFO  com.zaxxer.hikari.pool.HikariPool - HikariPool-1 - Added connection org.postgresql.jdbc.PgConnection@6565f42e
2025-04-30 17:08:36 [restartedMain] INFO  com.zaxxer.hikari.HikariDataSource - HikariPool-1 - Start completed.
2025-04-30 17:08:36 [restartedMain] INFO  o.hibernate.orm.connections.pooling - HHH10001005: Database info:
	Database JDBC URL [Connecting through datasource 'HikariDataSource (HikariPool-1)']
	Database driver: undefined/unknown
	Database version: 17.4
	Autocommit mode: undefined/unknown
	Isolation level: undefined/unknown
	Minimum pool size: undefined/unknown
	Maximum pool size: undefined/unknown
2025-04-30 17:08:36 [restartedMain] INFO  o.h.e.t.j.p.i.JtaPlatformInitiator - HHH000489: No JTA platform available (set 'hibernate.transaction.jta.platform' to enable JTA platform integration)
2025-04-30 17:08:36 [restartedMain] INFO  o.s.o.j.LocalContainerEntityManagerFactoryBean - Initialized JPA EntityManagerFactory for persistence unit 'default'
2025-04-30 17:08:37 [restartedMain] INFO  b.f.b.c.c.i.PgVectorExtensionInitializer - =======> Executing query: CREATE EXTENSION IF NOT EXISTS vector <=========
2025-04-30 17:08:37 [restartedMain] INFO  b.f.b.c.c.i.PgVectorExtensionInitializer - =======> Successfully created pgvector extension <=========
2025-04-30 17:08:37 [restartedMain] WARN  o.s.b.a.o.j.JpaBaseConfiguration$JpaWebConfiguration - spring.jpa.open-in-view is enabled by default. Therefore, database queries may be performed during view rendering. Explicitly configure spring.jpa.open-in-view to disable this warning
2025-04-30 17:08:37 [restartedMain] INFO  o.s.v.b.OptionalValidatorFactoryBean - Failed to set up a Bean Validation provider: jakarta.validation.NoProviderFoundException: Unable to create a Configuration, because no Jakarta Bean Validation provider could be found. Add a provider like Hibernate Validator (RI) to your classpath.
2025-04-30 17:08:37 [restartedMain] INFO  o.s.b.d.a.OptionalLiveReloadServer - LiveReload server is running on port 35729
2025-04-30 17:08:37 [restartedMain] INFO  o.s.b.a.e.web.EndpointLinksResolver - Exposing 3 endpoints beneath base path '/actuator'
2025-04-30 17:08:37 [restartedMain] INFO  o.s.b.w.e.tomcat.TomcatWebServer - Tomcat started on port 8081 (http) with context path '/'
2025-04-30 17:08:37 [restartedMain] INFO  b.f.b.c.chatbot.ChatbotApplication - Started ChatbotApplication in 2.844 seconds (process running for 3.12)
2025-04-30 17:08:38 [restartedMain] INFO  b.f.b.c.c.i.PgVectorIndexInitializer - =======> onApplicationEvent PgVectorIndexInitializer executing .... <=========
2025-04-30 17:08:38 [restartedMain] INFO  b.f.b.c.c.i.PgVectorIndexInitializer - =======> onApplicationEvent checkIfIndexExists true} <=========
2025-04-30 17:08:38 [restartedMain] INFO  b.f.b.c.c.i.PgVectorIndexInitializer - =======> !! HNSW index already exists for embeddings column <=========
2025-04-30 17:08:38 [RMI TCP Connection(2)-192.168.1.2] INFO  o.a.c.c.C.[Tomcat].[localhost].[/] - Initializing Spring DispatcherServlet 'dispatcherServlet'
2025-04-30 17:08:38 [RMI TCP Connection(2)-192.168.1.2] INFO  o.s.web.servlet.DispatcherServlet - Initializing Servlet 'dispatcherServlet'
2025-04-30 17:08:38 [RMI TCP Connection(2)-192.168.1.2] INFO  o.s.web.servlet.DispatcherServlet - Completed initialization in 1 ms
2025-04-30 17:08:49 [http-nio-8081-exec-1] INFO  b.f.b.c.chatbot.api.ChatController - info request - > You: what techno does souhail master ?
2025-04-30 17:08:49 [http-nio-8081-exec-1] INFO  b.f.b.c.c.services.ChatBotService - Retrieved 5 relevant segments
2025-04-30 17:08:49 [http-nio-8081-exec-1] INFO  b.f.b.c.c.services.ChatBotService - ############################
Segment score: 0.7378569905034007 - Content: Technologies: Java/SpringBoot, Hibernate/JPA, VueJs, Angular, RxJS, Git, Sonarqube, TypeScript,
SOAP...
2025-04-30 17:08:49 [http-nio-8081-exec-1] INFO  b.f.b.c.c.services.ChatBotService - ############################
Segment score: 0.7375175647448047 - Content: Contact

Education

+32 470 45 71 66
Phone

Souhailaitsaid@gmail.com
Email

1120, Brussels, Belgium
...
2025-04-30 17:08:49 [http-nio-8081-exec-1] INFO  b.f.b.c.c.services.ChatBotService - ############################
Segment score: 0.7370505512832348 - Content: 2018 (5 mos.)

Software Engineer @ Total Energies | Rabat, Morocco

Project: B2B & B2C APIs
Role: An...
2025-04-30 17:08:49 [http-nio-8081-exec-1] INFO  b.f.b.c.c.services.ChatBotService - ############################
Segment score: 0.7244162118359261 - Content: Project: Western Scheldt Planner ( WESP )
Role: Developing REST endpoints and a new intermediate API...
2025-04-30 17:08:49 [http-nio-8081-exec-1] INFO  b.f.b.c.c.services.ChatBotService - ############################
Segment score: 0.7232971340417862 - Content: Project: Election result management tool/ Quality Management information system
Role: Led the upgrad...
2025-04-30 17:08:49 [http-nio-8081-exec-1] INFO  b.f.b.c.c.services.ChatBotService - #########################
augmentedPrompt: IMPORTANT: Always respond in the same language that the user used to ask the question.

Answer using ONLY the information provided below. If the provided information isn't sufficient to answer the question, say you don't have enough information rather than making up an answer.

USER QUESTION: what techno does souhail master ?

RELEVANT INFORMATION FROM KNOWLEDGE BASE:
Segment 1 [Source: Unknown source, Relevance: 0,74]: Technologies: Java/SpringBoot, Hibernate/JPA, VueJs, Angular, RxJS, Git, Sonarqube, TypeScript,
SOAP/REST, Swagger, Azure DevOps, Kubernetes, Docker, Maven, JUnit, DDD, EDA

Projects: Legal documents API/ Criminal Record system(CRS)
Role: Led the development of a documents platform integrated with SharePoint, overseeing architecture,
implementation, and deployment / Introduce new features and fix performance issues in the CRS 
Technologies: Java/SpringBoot, Hibernate/JPA, JEE, Wildfly, JSF/Primefaces, Angular, TypeScript, RxJS ,
Docker, Gitlab, Kubernetes, Sonarqube, IBM DB2, Oracle, Swagger, REST, Maven, JUnit, DDD, EDA

Segment 2 [Source: Unknown source, Relevance: 0,74]: Contact

Education

+32 470 45 71 66
Phone

Souhailaitsaid@gmail.com
Email

1120, Brussels, Belgium
Address

Souhail AIT SAID
S e n i o r  f u l l  S t a c k  E n g i n e e r
With +10 years of experience, I have gained expertise in designing, building, and maintaining scalable
applications. My skill set includes Java/Spring Boot, Angular and different databases, excelling in
microservices, API development, and DevOps practices. I have contributed to diverse industries, delivering
high-quality, user-focused solutions that integrate seamlessly with complex systems.

Experience

Projects: B2B and B2C APIs/ Official Engie Website
Role: Building/Updating Microservices with SAP & SalesForce  integration, ensuring all systems are
connected an communicating correctly via SOAP/ REST/ Kafka. 
Technologies: Java/SpringBoot, Hibernate/JPA, VueJs, Angular, RxJS, Git, Sonarqube, TypeScript,
SOAP/REST, Swagger, Azure DevOps, Kubernetes, Docker, Maven, JUnit, DDD, EDA

Segment 3 [Source: Unknown source, Relevance: 0,74]: 2018 (5 mos.)

Software Engineer @ Total Energies | Rabat, Morocco

Project: B2B & B2C APIs
Role: Analysis and development according to business requirements of different REST endpoints with SAP
and Salesforce integration via SOAP services.
Technologies: Java/SpringBoot, Hibernate/JPA, TFS, Sonarqube, SOAP/REST, Maven, JUnit

Jul. 2016 – Sept. 2017 (1 yr 4 mos.)
Software Engineer @ Engie Electrabel M&S | Rabat, Morocco

Projects: Credit management solution (CMS)  / Invoice purchase control system (ECAF) / Industrialisation of
project management data
Role: Analyse, modeling, and development of features according to business requirements, Integration of data
flows coming from ABAP systems, Integration of data coming from different systems into a single decision
making plateform
Technologies: Java, JPA/Hibernate, Spring, Spring MVC, Spring batch, Thymleaf, JSP/JSTL, Struts, JMS,
SOAP/REST, AngularJS, Jenkins, Maven, JUnit, Bootstrap, MySQL, Oracle, Maven

Segment 4 [Source: Unknown source, Relevance: 0,72]: Project: Western Scheldt Planner ( WESP )
Role: Developing REST endpoints and a new intermediate API to collect weather and navigation data from
various connected systems, and presenting this data on a supervisory platform built with Angular.
Technologies: Java/SpringBoot, Hibernate/JPA, JEE, Jboss, Oracle, REST, Angular, TypeScript, RxJs,
Bootstrap, Swagger, Jenkins, Maven, JUnit, DDD

Feb. 2019 – Nov. 2019 (10 mos.)
Full stack developer @ VTS-Scheldt | Brussels, Belgium

Project: Card processor management system
Role: Analyse & develop new requirements and ensure that all the systems are up and running efficiently
Technologies: Java, Hibernate, Spring Framework, Oracle Database, Struts, JSP,  SOAP/REST, Jenkins, Maven,
JUnit

Oct. 2017 – Feb. 2018 (5 mos.)
Software Engineer @ Total Energies | Rabat, Morocco

Segment 5 [Source: Unknown source, Relevance: 0,72]: Project: Election result management tool/ Quality Management information system
Role: Led the upgrade of a legacy Java application to support new REST standards, add new REST endpoints
and presenting the result of calculations via a newly created angular application.  
Technologies: Java/SpringBoot, Hibernate/JPA, SQL Server, REST, Angular, TypeScript, RxJS, Bootstrap,
Swagger, Maven, JUnit

Feb. 2021- Aug 2024. (3 yr 6 mos.)

Nov. 2019 – Jan 2021 (1 yr 2 mos.)

Mar. 2018 – Jan 2019 (11 mos.)

Full stack engineer @ Engie Electrabel M&S l Brussels, Belgium

Lead full stack engineer @ SPF Finance/Justice | Brussels, Belgium

Lead full stack engineer @ European Parliament | Brussels, Belgium

EMSI Marrakech

Computer Systems & Network
Engineering

2010 - 2015

SOAP / Rest API

Angular/ VueJs / Ionic

Kafka

Java / Spring boot

Kubernetes / Docker

JPA / Hibernate / SQL

English: Bilingual

French: Native

Dutch: Novice

Expertise

Language


Based ONLY on the above information, provide a concise, accurate response. Do not add any information that isn't in the provided context. If you're unsure, express your uncertainty clearly.
2025-04-30 17:08:49 [http-nio-8081-exec-1] INFO  b.f.b.c.c.services.ChatBotService - #########################
systemPrompt: You are a ministry information assistant with the following strict guardrails:

```colang
define user ask about something not in provided context
  when
    user said something
    $knowledgeBase = recall knowledge base information
    NOT $knowledgeBase matches user message
  then
    bot respond "I don't have specific information about that in my knowledge base. I can only provide information that's directly available in the ministry's official documentation. For more details on this topic, please contact the ministry directly."

define user ask for information
  when
    user said something
    $knowledgeBase = recall knowledge base information
    $knowledgeBase matches user message
  then
    bot only use information from $knowledgeBase
    bot avoid making up information not present in $knowledgeBase
    bot avoid phrases like "based on the information provided" or "according to the provided context"
    bot respond in a natural, helpful tone while strictly adhering to facts in $knowledgeBase

define user ask for personal advice
  when 
    user asks for personal advice or personal recommendations
  then
    bot respond "I'm designed to provide factual information from the ministry's knowledge base, not personal advice. For personalized guidance on this matter, please consult with the appropriate ministry department."

define user ask about non-ministry topic
  when
    user ask about topics unrelated to ministry services, policies, or information
  then
    bot respond "I'm specialized in providing information about our ministry's services and policies. I don't have information about topics outside our ministry's scope."

define user ask speculative questions
  when
    user asks for opinions, predictions, or speculations
  then
    bot respond "I can only provide factual information based on our ministry's official documentation. I'm not able to offer opinions, predictions, or speculations on this topic."

define user ask for low confidence answers
  when
    bot confidence is low
  then
    bot express uncertainty clearly
    bot suggest contacting ministry directly
    bot avoid making definitive statements

define bot response guardrails
  when
    bot is responding
  then
    bot MUST only respond with information contained in retrieved knowledge base
    bot MUST NOT make up information or hallucinate facts
    bot MUST NOT use prior knowledge unless it exactly matches knowledge base information
    bot MUST express uncertainty when knowledge base information is insufficient
    bot MUST use a professional, helpful tone appropriate for government services
    bot MUST be concise and direct in responses
    bot MUST prioritize accuracy over completeness
```

Core operating principles:
1. FACTUAL ACCURACY: Only provide information explicitly stated in the knowledge base
2. REFUSAL CLARITY: When declining to answer, explain policy reasons without elaboration
3. INFORMATION BOUNDARY: Never speculate or infer beyond provided context
4. TRANSPARENCY: Clearly indicate uncertainty when information is incomplete
5. ATTRIBUTION: Reference specific segments when possible
6. LANGUAGE ADAPTATION: Always respond with the same language that the user used to ask the question

Response formulation rules:
- Always respond with the language that the user used to ask the question
- Structure responses with verified facts first
- For incomplete information, state what is known before explaining limitations
- Never fabricate details to make answers seem more complete
- Use precise language that matches the confidence level of the information

2025-04-30 17:08:56 [http-nio-8081-exec-1] INFO  b.f.b.c.c.services.ResponseVerifier - ##### verifyResponseGrounding: ######################
 Score: 8/10

Detailed Reasoning:

1. "I don't have enough information to determine what techno Souhail Master refers to." - This statement is factually accurate as there is no mention of a specific technology or field related to Souhail Master in the provided context.

2. The response asks about "techno" which seems to be a typo and should be "technology". However, since the context does not explicitly state what technology Souhail Master refers to, this claim cannot be verified as accurate.

3. There are no ungrounded claims in the response that can be identified based on the provided context.

However, there is one minor issue with the response:

- The term "techno" seems to be a typo and should be replaced with "technology".
2025-04-30 17:08:56 [http-nio-8081-exec-1] INFO  b.f.b.c.c.services.ChatBotService - Response verification result: score=8.0, verified=true
2025-04-30 17:08:56 [http-nio-8081-exec-1] INFO  b.f.b.c.c.services.ChatBotService - Interaction - SessionID: 1d12acf0-f300-473f-bfc3-2d0ae959524a, Question: what techno does souhail master ?, Answer length: 168, Response confidence: 0.17987631909507856, Retrieval confidence: 0.0
2025-04-30 17:08:56 [http-nio-8081-exec-1] INFO  b.f.b.c.chatbot.api.ChatController - info response <-- bot: I don't have enough information to determine what techno Souhail Master refers to. Could you please provide more context or clarify which "techno" is being asked about?
2025-04-30 17:11:04 [http-nio-8081-exec-3] INFO  b.f.b.c.chatbot.services.RageService - Clearing all documents from vector store
2025-04-30 17:11:04 [http-nio-8081-exec-3] INFO  b.f.b.c.chatbot.services.RageService - Vector store cleared
2025-04-30 17:11:06 [http-nio-8081-exec-4] INFO  b.f.b.c.chatbot.services.RageService - Processing document with metadata: dba47abb-6f8f-4cfd-ab9c-59fe91fca796_Latest - Sr full Stack Engineer CV AIT SAID SOUHAIL 4-2025.pdf
2025-04-30 17:11:07 [http-nio-8081-exec-4] INFO  b.f.b.c.chatbot.services.RageService - Document with metadata successfully processed
2025-04-30 17:11:07 [http-nio-8081-exec-4] INFO  b.f.b.c.chatbot.services.RageService - Document saved and processed: Latest - Sr full Stack Engineer CV AIT SAID SOUHAIL 4-2025.pdf, ID: e7305ede-f742-4879-a7f7-a942407655a1
2025-04-30 17:11:08 [http-nio-8081-exec-5] INFO  b.f.b.c.chatbot.services.RageService - Clearing all documents from vector store
2025-04-30 17:11:08 [http-nio-8081-exec-5] INFO  b.f.b.c.chatbot.services.RageService - Vector store cleared
2025-04-30 17:11:14 [http-nio-8081-exec-6] INFO  b.f.b.c.chatbot.services.RageService - Processing document with metadata: 23042baa-a63d-4ea6-97da-2bea285e8a95_FAQ_JUSTICE.pdf
2025-04-30 17:11:15 [http-nio-8081-exec-6] INFO  b.f.b.c.chatbot.services.RageService - Document with metadata successfully processed
2025-04-30 17:11:15 [http-nio-8081-exec-6] INFO  b.f.b.c.chatbot.services.RageService - Document saved and processed: FAQ_JUSTICE.pdf, ID: 997b58cb-dc08-4aa8-b516-6de3aaf20398
2025-04-30 17:11:40 [http-nio-8081-exec-7] INFO  b.f.b.c.chatbot.api.ChatController - info request - > You: qui sont les personnes qui ont acces au registre central
2025-04-30 17:11:40 [http-nio-8081-exec-7] INFO  b.f.b.c.c.services.ChatBotService - Retrieved 5 relevant segments
2025-04-30 17:11:40 [http-nio-8081-exec-7] INFO  b.f.b.c.c.services.ChatBotService - ############################
Segment score: 0.8882758564990505 - Content:  À qui s'adresse le Registre central de protection des personnes ?

Toute personne souhaitant intro...
2025-04-30 17:11:40 [http-nio-8081-exec-7] INFO  b.f.b.c.c.services.ChatBotService - ############################
Segment score: 0.8864964124277638 - Content:  Qu'advient-il des dossiers déjà existants à partir du 1er juin 2021 ?

À partir du 1er juin 2021, ...
2025-04-30 17:11:40 [http-nio-8081-exec-7] INFO  b.f.b.c.c.services.ChatBotService - ############################
Segment score: 0.8827688826596858 - Content:  Dans quelles langues le Registre central de protection des personnes est-il

disponible ?

L’e-ser...
2025-04-30 17:11:40 [http-nio-8081-exec-7] INFO  b.f.b.c.c.services.ChatBotService - ############################
Segment score: 0.8783507435593461 - Content:  Combien coûte l'ouverture d'une procédure via le Registre central de protection

des personnes ?

...
2025-04-30 17:11:40 [http-nio-8081-exec-7] INFO  b.f.b.c.c.services.ChatBotService - ############################
Segment score: 0.8763053414093741 - Content: Le fonctionnement du Registre central de protection des personnes est défini dans l'arrêté

royal du...
2025-04-30 17:11:40 [http-nio-8081-exec-7] INFO  b.f.b.c.c.services.ChatBotService - #########################
augmentedPrompt: IMPORTANT: Always respond in the same language that the user used to ask the question.

Answer using ONLY the information provided below. If the provided information isn't sufficient to answer the question, say you don't have enough information rather than making up an answer.

USER QUESTION: qui sont les personnes qui ont acces au registre central

RELEVANT INFORMATION FROM KNOWLEDGE BASE:
Segment 1 [Source: Unknown source, Relevance: 0,89]:  À qui s'adresse le Registre central de protection des personnes ?

Toute personne souhaitant introduire une demande ou intervenant dans un dossier de 
protection (les personnes protégées ou à protéger elles-mêmes, leurs administrateurs, les

https://www.ejustice.just.fgov.be/cgi_loi/change_lg.pl?language=fr&la=F&cn=2018122109&table_name=loi
https://www.ejustice.just.fgov.be/cgi_loi/change_lg.pl?language=fr&la=F&cn=2018122109&table_name=loi
https://justice.belgium.be/fr/themes_et_dossiers/personnes_et_familles/protection_des_majeurs/documents_utiles/legislation
https://justice.belgium.be/fr/themes_et_dossiers/personnes_et_familles/protection_des_majeurs/documents_utiles/legislation

personnes de confiance, les gestionnaires de dossiers dans des institutions spécifiques, etc.) 
peut utiliser l'e-service.

 Combien coûte l'ouverture d'une procédure via le Registre central de protection

des personnes ?

L’utilisation de l’e-service est gratuite.

Segment 2 [Source: Unknown source, Relevance: 0,89]:  Qu'advient-il des dossiers déjà existants à partir du 1er juin 2021 ?

À partir du 1er juin 2021, chaque dossier de protection (y compris les anciens dossiers) aura 
un numéro de registre national unique.

Vous serez informé(e) par courrier.

Dans le e-service, vous trouverez également des références à ces dossiers, mais sans 
informations concrètes sur l'historique. Toutes les nouvelles données sont automatiquement 
stockées sous forme numérique.

 Qui a accès au Registre central de protection des personnes ?

L'accès aux données du Registre central de protection des personnes est strictement

réglementé. Les personnes et/ou organismes ne voient que les données qu’ils sont habilités

à voir.

Les personnes suivantes, entre autres, ont accès au Registre central de protection des 
personnes :

- la personne protégée ou à protéger,

- les héritiers après le décès de la personne protégée

- les administrateurs,

- les personnes de confiance,

Segment 3 [Source: Unknown source, Relevance: 0,88]:  Dans quelles langues le Registre central de protection des personnes est-il

disponible ?

L’e-service sera disponible en français, en néerlandais et en allemand.

 Quels sont les tribunaux qui utilisent le Registre central de protection des

personnes ?

L'utilisation du Registre central de protection des personnes est légalement obligatoire. Toutes 
les justices de paix sont donc reliées au Registre central de protection des personnes. Lorsque 
vous entamez une procédure via le e-service, le système propose automatiquement la justice 
de paix compétente en fonction du lieu de résidence de la personne à protéger (à défaut, en 
fonction de son domicile).

 Qu'advient-il des dossiers déjà existants à partir du 1er juin 2021 ?

À partir du 1er juin 2021, chaque dossier de protection (y compris les anciens dossiers) aura 
un numéro de registre national unique. Vous serez informé(e) par courrier.

Segment 4 [Source: Unknown source, Relevance: 0,88]:  Combien coûte l'ouverture d'une procédure via le Registre central de protection

des personnes ?

L’utilisation de l’e-service est gratuite.

Pour ouvrir un nouveau dossier, une contribution de 20 euros au Fonds budgétaire relatif à 
l’aide juridique de deuxième ligne est demandée, comme auparavant. Si tous les demandeurs 
ont droit à l'aide juridique de deuxième ligne ou à l'assistance judiciaire, cette contribution 
n'est pas exigée. Vous devrez télécharger une preuve dans le système.

 Dans quelles langues le Registre central de protection des personnes est-il

disponible ?

L’e-service sera disponible en français, en néerlandais et en allemand.

 Quels sont les tribunaux qui utilisent le Registre central de protection des

personnes ?

Segment 5 [Source: Unknown source, Relevance: 0,88]: Le fonctionnement du Registre central de protection des personnes est défini dans l'arrêté

royal du 12 février 2021.

 Où puis-je trouver plus d'informations sur le cadre juridique ?

https://justice.belgium.be/fr/themes_et_dossiers/personnes_et_familles/protection_des_majeu

rs/documents_utiles/legislation

 L'utilisation du Registre central de protection des personnes est-elle

obligatoire ?

À partir du 1er juin 2021, toutes les demandes seront introduites par voie électronique via le 
Registre central de protection des personnes. Les personnes qui ne sont pas impliquées 
professionnellement dans un dossier peuvent indiquer leur intention de s'inscrire au Registre 
central de protection des personnes (voir Comment s'inscrire au registre).

Toute communication suivante se fait obligatoirement via le registre pour les personnes qui 
sont professionnellement impliquées dans une affaire ou pour celles qui se sont inscrites au 
Registre central de protection des personnes.


Based ONLY on the above information, provide a concise, accurate response. Do not add any information that isn't in the provided context. If you're unsure, express your uncertainty clearly.
2025-04-30 17:11:40 [http-nio-8081-exec-7] INFO  b.f.b.c.c.services.ChatBotService - #########################
systemPrompt: You are a ministry information assistant with the following strict guardrails:

```colang
define user ask about something not in provided context
  when
    user said something
    $knowledgeBase = recall knowledge base information
    NOT $knowledgeBase matches user message
  then
    bot respond "I don't have specific information about that in my knowledge base. I can only provide information that's directly available in the ministry's official documentation. For more details on this topic, please contact the ministry directly."

define user ask for information
  when
    user said something
    $knowledgeBase = recall knowledge base information
    $knowledgeBase matches user message
  then
    bot only use information from $knowledgeBase
    bot avoid making up information not present in $knowledgeBase
    bot avoid phrases like "based on the information provided" or "according to the provided context"
    bot respond in a natural, helpful tone while strictly adhering to facts in $knowledgeBase

define user ask for personal advice
  when 
    user asks for personal advice or personal recommendations
  then
    bot respond "I'm designed to provide factual information from the ministry's knowledge base, not personal advice. For personalized guidance on this matter, please consult with the appropriate ministry department."

define user ask about non-ministry topic
  when
    user ask about topics unrelated to ministry services, policies, or information
  then
    bot respond "I'm specialized in providing information about our ministry's services and policies. I don't have information about topics outside our ministry's scope."

define user ask speculative questions
  when
    user asks for opinions, predictions, or speculations
  then
    bot respond "I can only provide factual information based on our ministry's official documentation. I'm not able to offer opinions, predictions, or speculations on this topic."

define user ask for low confidence answers
  when
    bot confidence is low
  then
    bot express uncertainty clearly
    bot suggest contacting ministry directly
    bot avoid making definitive statements

define bot response guardrails
  when
    bot is responding
  then
    bot MUST only respond with information contained in retrieved knowledge base
    bot MUST NOT make up information or hallucinate facts
    bot MUST NOT use prior knowledge unless it exactly matches knowledge base information
    bot MUST express uncertainty when knowledge base information is insufficient
    bot MUST use a professional, helpful tone appropriate for government services
    bot MUST be concise and direct in responses
    bot MUST prioritize accuracy over completeness
```

Core operating principles:
1. FACTUAL ACCURACY: Only provide information explicitly stated in the knowledge base
2. REFUSAL CLARITY: When declining to answer, explain policy reasons without elaboration
3. INFORMATION BOUNDARY: Never speculate or infer beyond provided context
4. TRANSPARENCY: Clearly indicate uncertainty when information is incomplete
5. ATTRIBUTION: Reference specific segments when possible
6. LANGUAGE ADAPTATION: Always respond with the same language that the user used to ask the question

Response formulation rules:
- Always respond with the language that the user used to ask the question
- Structure responses with verified facts first
- For incomplete information, state what is known before explaining limitations
- Never fabricate details to make answers seem more complete
- Use precise language that matches the confidence level of the information

2025-04-30 17:11:49 [http-nio-8081-exec-7] INFO  b.f.b.c.c.services.ResponseVerifier - ##### verifyResponseGrounding: ######################
 Score: 8/10

Detailed Reasoning:

1. La personne protégée ou à protéger : Vérifié dans le contexte (Segment 1)
2. Les héritiers après le décès de la personne protégée : Vérifié dans le contexte (Segment 1)
3. Les administrateurs : Vérifié dans le contexte (Segment 1)
4. Les personnes de confiance : Vérifié dans le contexte (Segment 1)
5. Il n'est pas précisé si d'autres personnes peuvent avoir accès au Registre central, mais il est clair que ces cinq catégories sont autorisées à consulter les données du registre : Ungrounded claim

Cette affirmation n'est pas directement supportée par le contexte, car il ne mentionne pas explicitement qu'il existe d'autres personnes ayant accès au Registre central. Bien que le contexte indique que l'accès est "strictement réglementé" et que ces cinq catégories sont autorisées à consulter les données, il n'y a pas de mention explicite de d'autres catégories.

6. L'utilisation de l'e-service est gratuite : Vérifié dans le contexte (Segment 1 et Segment 4)
7. L’e-service sera disponible en français, en néerlandais et en allemand : Vérifié dans le contexte (Segment 3)
8. Toutes les justices de paix sont reliées au Registre central de protection des personnes : Ungrounded claim

Cette affirmation n'est pas directement supportée par le contexte, car il ne mentionne pas explicitement que toutes les justices de paix sont reliées au Registre central.

Ungounded claims:
- Il existe d'autres catégories de personnes ayant accès au Registre central.
- Toutes les justices de paix sont reliées au Registre central.
2025-04-30 17:11:49 [http-nio-8081-exec-7] INFO  b.f.b.c.c.services.ChatBotService - Response verification result: score=8.0, verified=true
2025-04-30 17:11:49 [http-nio-8081-exec-7] INFO  b.f.b.c.c.services.ChatBotService - Interaction - SessionID: 1d12acf0-f300-473f-bfc3-2d0ae959524a, Question: qui sont les personnes qui ont acces au registre central, Answer length: 410, Response confidence: 0.23946209302553295, Retrieval confidence: 0.0
2025-04-30 17:11:49 [http-nio-8081-exec-7] INFO  b.f.b.c.chatbot.api.ChatController - info response <-- bot: Les personnes qui ont accès au Registre central de protection des personnes sont :

- la personne protégée ou à protéger,
- les héritiers après le décès de la personne protégée,
- les administrateurs,
- les personnes de confiance.

Il n'est pas précisé si d'autres personnes peuvent avoir accès au Registre central, mais il est clair que ces cinq catégories sont autorisées à consulter les données du registre.
2025-04-30 17:13:41 [SpringApplicationShutdownHook] INFO  o.s.b.w.e.tomcat.GracefulShutdown - Commencing graceful shutdown. Waiting for active requests to complete
2025-04-30 17:13:41 [tomcat-shutdown] INFO  o.s.b.w.e.tomcat.GracefulShutdown - Graceful shutdown complete
2025-04-30 17:13:41 [SpringApplicationShutdownHook] INFO  o.s.o.j.LocalContainerEntityManagerFactoryBean - Closing JPA EntityManagerFactory for persistence unit 'default'
2025-04-30 17:13:41 [SpringApplicationShutdownHook] INFO  com.zaxxer.hikari.HikariDataSource - HikariPool-1 - Shutdown initiated...
2025-04-30 17:13:41 [SpringApplicationShutdownHook] INFO  com.zaxxer.hikari.HikariDataSource - HikariPool-1 - Shutdown completed.
2025-04-30 17:13:43 [restartedMain] INFO  b.f.b.c.chatbot.ChatbotApplication - Starting ChatbotApplication using Java 23.0.2 with PID 38040 (/Users/souhailaitsaid/dev/chatbot/target/classes started by souhailaitsaid in /Users/souhailaitsaid/dev/chatbot)
2025-04-30 17:13:43 [restartedMain] INFO  b.f.b.c.chatbot.ChatbotApplication - The following 1 profile is active: "dev"
2025-04-30 17:13:43 [restartedMain] INFO  o.s.b.d.e.DevToolsPropertyDefaultsPostProcessor - Devtools property defaults active! Set 'spring.devtools.add-properties' to 'false' to disable
2025-04-30 17:13:43 [restartedMain] INFO  o.s.b.d.e.DevToolsPropertyDefaultsPostProcessor - For additional web related logging consider setting the 'logging.level.web' property to 'DEBUG'
2025-04-30 17:13:43 [restartedMain] INFO  o.s.d.r.c.RepositoryConfigurationDelegate - Bootstrapping Spring Data JPA repositories in DEFAULT mode.
2025-04-30 17:13:43 [restartedMain] INFO  o.s.d.r.c.RepositoryConfigurationDelegate - Finished Spring Data repository scanning in 55 ms. Found 6 JPA repository interfaces.
2025-04-30 17:13:44 [restartedMain] INFO  o.s.b.w.e.tomcat.TomcatWebServer - Tomcat initialized with port 8081 (http)
2025-04-30 17:13:44 [restartedMain] INFO  o.a.catalina.core.StandardService - Starting service [Tomcat]
2025-04-30 17:13:44 [restartedMain] INFO  o.a.catalina.core.StandardEngine - Starting Servlet engine: [Apache Tomcat/10.1.40]
2025-04-30 17:13:44 [restartedMain] INFO  o.a.c.c.C.[Tomcat].[localhost].[/] - Initializing Spring embedded WebApplicationContext
2025-04-30 17:13:44 [restartedMain] INFO  o.s.b.w.s.c.ServletWebServerApplicationContext - Root WebApplicationContext: initialization completed in 871 ms
2025-04-30 17:13:44 [restartedMain] INFO  o.h.jpa.internal.util.LogHelper - HHH000204: Processing PersistenceUnitInfo [name: default]
2025-04-30 17:13:44 [restartedMain] INFO  org.hibernate.Version - HHH000412: Hibernate ORM core version 6.6.13.Final
2025-04-30 17:13:44 [restartedMain] INFO  o.h.c.i.RegionFactoryInitiator - HHH000026: Second-level cache disabled
2025-04-30 17:13:44 [restartedMain] INFO  o.s.o.j.p.SpringPersistenceUnitInfo - No LoadTimeWeaver setup: ignoring JPA class transformer
2025-04-30 17:13:44 [restartedMain] INFO  com.zaxxer.hikari.HikariDataSource - HikariPool-1 - Starting...
2025-04-30 17:13:44 [restartedMain] INFO  com.zaxxer.hikari.pool.HikariPool - HikariPool-1 - Added connection org.postgresql.jdbc.PgConnection@5ac8ae1e
2025-04-30 17:13:44 [restartedMain] INFO  com.zaxxer.hikari.HikariDataSource - HikariPool-1 - Start completed.
2025-04-30 17:13:44 [restartedMain] INFO  o.hibernate.orm.connections.pooling - HHH10001005: Database info:
	Database JDBC URL [Connecting through datasource 'HikariDataSource (HikariPool-1)']
	Database driver: undefined/unknown
	Database version: 17.4
	Autocommit mode: undefined/unknown
	Isolation level: undefined/unknown
	Minimum pool size: undefined/unknown
	Maximum pool size: undefined/unknown
2025-04-30 17:13:45 [restartedMain] INFO  o.h.e.t.j.p.i.JtaPlatformInitiator - HHH000489: No JTA platform available (set 'hibernate.transaction.jta.platform' to enable JTA platform integration)
2025-04-30 17:13:45 [restartedMain] INFO  o.s.o.j.LocalContainerEntityManagerFactoryBean - Initialized JPA EntityManagerFactory for persistence unit 'default'
2025-04-30 17:13:45 [restartedMain] INFO  b.f.b.c.c.i.PgVectorExtensionInitializer - =======> Executing query: CREATE EXTENSION IF NOT EXISTS vector <=========
2025-04-30 17:13:45 [restartedMain] INFO  b.f.b.c.c.i.PgVectorExtensionInitializer - =======> Successfully created pgvector extension <=========
2025-04-30 17:13:45 [restartedMain] WARN  o.s.b.a.o.j.JpaBaseConfiguration$JpaWebConfiguration - spring.jpa.open-in-view is enabled by default. Therefore, database queries may be performed during view rendering. Explicitly configure spring.jpa.open-in-view to disable this warning
2025-04-30 17:13:45 [restartedMain] INFO  o.s.v.b.OptionalValidatorFactoryBean - Failed to set up a Bean Validation provider: jakarta.validation.NoProviderFoundException: Unable to create a Configuration, because no Jakarta Bean Validation provider could be found. Add a provider like Hibernate Validator (RI) to your classpath.
2025-04-30 17:13:46 [restartedMain] INFO  o.s.b.d.a.OptionalLiveReloadServer - LiveReload server is running on port 35729
2025-04-30 17:13:46 [restartedMain] INFO  o.s.b.a.e.web.EndpointLinksResolver - Exposing 3 endpoints beneath base path '/actuator'
2025-04-30 17:13:46 [restartedMain] INFO  o.s.b.w.e.tomcat.TomcatWebServer - Tomcat started on port 8081 (http) with context path '/'
2025-04-30 17:13:46 [restartedMain] INFO  b.f.b.c.chatbot.ChatbotApplication - Started ChatbotApplication in 2.879 seconds (process running for 3.154)
2025-04-30 17:13:46 [restartedMain] INFO  b.f.b.c.c.i.PgVectorIndexInitializer - =======> onApplicationEvent PgVectorIndexInitializer executing .... <=========
2025-04-30 17:13:46 [restartedMain] INFO  b.f.b.c.c.i.PgVectorIndexInitializer - =======> onApplicationEvent checkIfIndexExists true} <=========
2025-04-30 17:13:46 [restartedMain] INFO  b.f.b.c.c.i.PgVectorIndexInitializer - =======> !! HNSW index already exists for embeddings column <=========
2025-04-30 17:13:46 [RMI TCP Connection(1)-192.168.1.2] INFO  o.a.c.c.C.[Tomcat].[localhost].[/] - Initializing Spring DispatcherServlet 'dispatcherServlet'
2025-04-30 17:13:46 [RMI TCP Connection(1)-192.168.1.2] INFO  o.s.web.servlet.DispatcherServlet - Initializing Servlet 'dispatcherServlet'
2025-04-30 17:13:46 [RMI TCP Connection(1)-192.168.1.2] INFO  o.s.web.servlet.DispatcherServlet - Completed initialization in 1 ms
2025-04-30 17:14:17 [http-nio-8081-exec-1] INFO  b.f.b.c.chatbot.api.ChatController - info request - > You: qui sont les personnes qui ont acces au registre central
2025-04-30 17:14:17 [http-nio-8081-exec-1] INFO  b.f.b.c.c.services.ChatBotService - Retrieved 5 relevant segments
2025-04-30 17:14:17 [http-nio-8081-exec-1] INFO  b.f.b.c.c.services.ChatBotService - ############################
Segment score: 0.8882758564990505 - Content:  À qui s'adresse le Registre central de protection des personnes ?

Toute personne souhaitant intro...
2025-04-30 17:14:17 [http-nio-8081-exec-1] INFO  b.f.b.c.c.services.ChatBotService - ############################
Segment score: 0.8864964124277638 - Content:  Qu'advient-il des dossiers déjà existants à partir du 1er juin 2021 ?

À partir du 1er juin 2021, ...
2025-04-30 17:14:17 [http-nio-8081-exec-1] INFO  b.f.b.c.c.services.ChatBotService - ############################
Segment score: 0.8827688826596858 - Content:  Dans quelles langues le Registre central de protection des personnes est-il

disponible ?

L’e-ser...
2025-04-30 17:14:17 [http-nio-8081-exec-1] INFO  b.f.b.c.c.services.ChatBotService - ############################
Segment score: 0.8783507435593461 - Content:  Combien coûte l'ouverture d'une procédure via le Registre central de protection

des personnes ?

...
2025-04-30 17:14:17 [http-nio-8081-exec-1] INFO  b.f.b.c.c.services.ChatBotService - ############################
Segment score: 0.8763053414093741 - Content: Le fonctionnement du Registre central de protection des personnes est défini dans l'arrêté

royal du...
2025-04-30 17:14:17 [http-nio-8081-exec-1] INFO  b.f.b.c.c.services.ChatBotService - #########################
augmentedPrompt: IMPORTANT: Always respond in the same language that the user used to ask the question.

Answer using ONLY the information provided below. If the provided information isn't sufficient to answer the question, say you don't have enough information rather than making up an answer.

USER QUESTION: qui sont les personnes qui ont acces au registre central

RELEVANT INFORMATION FROM KNOWLEDGE BASE:
Segment 1 [Source: Unknown source, Relevance: 0,89]:  À qui s'adresse le Registre central de protection des personnes ?

Toute personne souhaitant introduire une demande ou intervenant dans un dossier de 
protection (les personnes protégées ou à protéger elles-mêmes, leurs administrateurs, les

https://www.ejustice.just.fgov.be/cgi_loi/change_lg.pl?language=fr&la=F&cn=2018122109&table_name=loi
https://www.ejustice.just.fgov.be/cgi_loi/change_lg.pl?language=fr&la=F&cn=2018122109&table_name=loi
https://justice.belgium.be/fr/themes_et_dossiers/personnes_et_familles/protection_des_majeurs/documents_utiles/legislation
https://justice.belgium.be/fr/themes_et_dossiers/personnes_et_familles/protection_des_majeurs/documents_utiles/legislation

personnes de confiance, les gestionnaires de dossiers dans des institutions spécifiques, etc.) 
peut utiliser l'e-service.

 Combien coûte l'ouverture d'une procédure via le Registre central de protection

des personnes ?

L’utilisation de l’e-service est gratuite.

Segment 2 [Source: Unknown source, Relevance: 0,89]:  Qu'advient-il des dossiers déjà existants à partir du 1er juin 2021 ?

À partir du 1er juin 2021, chaque dossier de protection (y compris les anciens dossiers) aura 
un numéro de registre national unique.

Vous serez informé(e) par courrier.

Dans le e-service, vous trouverez également des références à ces dossiers, mais sans 
informations concrètes sur l'historique. Toutes les nouvelles données sont automatiquement 
stockées sous forme numérique.

 Qui a accès au Registre central de protection des personnes ?

L'accès aux données du Registre central de protection des personnes est strictement

réglementé. Les personnes et/ou organismes ne voient que les données qu’ils sont habilités

à voir.

Les personnes suivantes, entre autres, ont accès au Registre central de protection des 
personnes :

- la personne protégée ou à protéger,

- les héritiers après le décès de la personne protégée

- les administrateurs,

- les personnes de confiance,

Segment 3 [Source: Unknown source, Relevance: 0,88]:  Dans quelles langues le Registre central de protection des personnes est-il

disponible ?

L’e-service sera disponible en français, en néerlandais et en allemand.

 Quels sont les tribunaux qui utilisent le Registre central de protection des

personnes ?

L'utilisation du Registre central de protection des personnes est légalement obligatoire. Toutes 
les justices de paix sont donc reliées au Registre central de protection des personnes. Lorsque 
vous entamez une procédure via le e-service, le système propose automatiquement la justice 
de paix compétente en fonction du lieu de résidence de la personne à protéger (à défaut, en 
fonction de son domicile).

 Qu'advient-il des dossiers déjà existants à partir du 1er juin 2021 ?

À partir du 1er juin 2021, chaque dossier de protection (y compris les anciens dossiers) aura 
un numéro de registre national unique. Vous serez informé(e) par courrier.

Segment 4 [Source: Unknown source, Relevance: 0,88]:  Combien coûte l'ouverture d'une procédure via le Registre central de protection

des personnes ?

L’utilisation de l’e-service est gratuite.

Pour ouvrir un nouveau dossier, une contribution de 20 euros au Fonds budgétaire relatif à 
l’aide juridique de deuxième ligne est demandée, comme auparavant. Si tous les demandeurs 
ont droit à l'aide juridique de deuxième ligne ou à l'assistance judiciaire, cette contribution 
n'est pas exigée. Vous devrez télécharger une preuve dans le système.

 Dans quelles langues le Registre central de protection des personnes est-il

disponible ?

L’e-service sera disponible en français, en néerlandais et en allemand.

 Quels sont les tribunaux qui utilisent le Registre central de protection des

personnes ?

Segment 5 [Source: Unknown source, Relevance: 0,88]: Le fonctionnement du Registre central de protection des personnes est défini dans l'arrêté

royal du 12 février 2021.

 Où puis-je trouver plus d'informations sur le cadre juridique ?

https://justice.belgium.be/fr/themes_et_dossiers/personnes_et_familles/protection_des_majeu

rs/documents_utiles/legislation

 L'utilisation du Registre central de protection des personnes est-elle

obligatoire ?

À partir du 1er juin 2021, toutes les demandes seront introduites par voie électronique via le 
Registre central de protection des personnes. Les personnes qui ne sont pas impliquées 
professionnellement dans un dossier peuvent indiquer leur intention de s'inscrire au Registre 
central de protection des personnes (voir Comment s'inscrire au registre).

Toute communication suivante se fait obligatoirement via le registre pour les personnes qui 
sont professionnellement impliquées dans une affaire ou pour celles qui se sont inscrites au 
Registre central de protection des personnes.


Based ONLY on the above information, provide a concise, accurate response. Do not add any information that isn't in the provided context. If you're unsure, express your uncertainty clearly.
2025-04-30 17:14:17 [http-nio-8081-exec-1] INFO  b.f.b.c.c.services.ChatBotService - #########################
systemPrompt: You are a ministry information assistant with the following strict guardrails:

```colang
define user ask about something not in provided context
  when
    user said something
    $knowledgeBase = recall knowledge base information
    NOT $knowledgeBase matches user message
  then
    bot respond "I don't have specific information about that in my knowledge base. I can only provide information that's directly available in the ministry's official documentation. For more details on this topic, please contact the ministry directly."

define user ask for information
  when
    user said something
    $knowledgeBase = recall knowledge base information
    $knowledgeBase matches user message
  then
    bot only use information from $knowledgeBase
    bot avoid making up information not present in $knowledgeBase
    bot avoid phrases like "based on the information provided" or "according to the provided context"
    bot respond in a natural, helpful tone while strictly adhering to facts in $knowledgeBase

define user ask for personal advice
  when 
    user asks for personal advice or personal recommendations
  then
    bot respond "I'm designed to provide factual information from the ministry's knowledge base, not personal advice. For personalized guidance on this matter, please consult with the appropriate ministry department."

define user ask about non-ministry topic
  when
    user ask about topics unrelated to ministry services, policies, or information
  then
    bot respond "I'm specialized in providing information about our ministry's services and policies. I don't have information about topics outside our ministry's scope."

define user ask speculative questions
  when
    user asks for opinions, predictions, or speculations
  then
    bot respond "I can only provide factual information based on our ministry's official documentation. I'm not able to offer opinions, predictions, or speculations on this topic."

define user ask for low confidence answers
  when
    bot confidence is low
  then
    bot express uncertainty clearly
    bot suggest contacting ministry directly
    bot avoid making definitive statements

define bot response guardrails
  when
    bot is responding
  then
    bot MUST only respond with information contained in retrieved knowledge base
    bot MUST NOT make up information or hallucinate facts
    bot MUST NOT use prior knowledge unless it exactly matches knowledge base information
    bot MUST express uncertainty when knowledge base information is insufficient
    bot MUST use a professional, helpful tone appropriate for government services
    bot MUST be concise and direct in responses
    bot MUST prioritize accuracy over completeness
```

Core operating principles:
1. FACTUAL ACCURACY: Only provide information explicitly stated in the knowledge base
2. REFUSAL CLARITY: When declining to answer, explain policy reasons without elaboration
3. INFORMATION BOUNDARY: Never speculate or infer beyond provided context
4. TRANSPARENCY: Clearly indicate uncertainty when information is incomplete
5. ATTRIBUTION: Reference specific segments when possible
6. LANGUAGE ADAPTATION: Always respond with the same language that the user used to ask the question

Response formulation rules:
- Always respond with the language that the user used to ask the question
- Structure responses with verified facts first
- For incomplete information, state what is known before explaining limitations
- Never fabricate details to make answers seem more complete
- Use precise language that matches the confidence level of the information

2025-04-30 17:14:26 [http-nio-8081-exec-1] INFO  b.f.b.c.c.services.ResponseVerifier - ##### verifyResponseGrounding: ######################
 Score: 8/10

Detailed Reasoning:

1. La personne protégée ou à protéger : Vérifié dans le contexte (Segment 1)
2. Les héritiers après le décès de la personne protégée : Vérifié dans le contexte (Segment 1)
3. Les administrateurs : Vérifié dans le contexte (Segment 1)
4. Les personnes de confiance : Vérifié dans le contexte (Segment 1)
5. L'accès aux données est strictement réglementé : Vérifié dans le contexte (Segment 2 et Segment 3)
6. Seuls les personnes habilitées à voir les données peuvent y avoir accès : Vérifié dans le contexte (Segment 2 et Segment 3)

Ungrounded claims:

- Il n'est pas précisé si d'autres personnes ont accès, mais il est indiqué que l'accès aux données est strictement réglementé et que seuls les personnes habilitées à voir les données peuvent y avoir accès. (Cette affirmation est trop vague et ne contient pas de renseignements spécifiques sur les autres personnes qui pourraient avoir accès.)
- Il n'est pas précisé si d'autres personnes ont accès, mais il est indiqué que l'accès aux données est strictement réglementé et que seuls les personnes habilitées à voir les données peuvent y avoir accès. (Cette affirmation est identique à la précédente et ne contient pas de renseignements spécifiques sur les autres personnes qui pourraient avoir accès.)

Les autres affirmations sont directement supportées par le contexte et sont donc considérées comme factuellement exactes.
2025-04-30 17:14:26 [http-nio-8081-exec-1] INFO  b.f.b.c.c.services.ChatBotService - Response verification result: score=8.0, verified=true
2025-04-30 17:14:26 [http-nio-8081-exec-1] INFO  b.f.b.c.c.services.ChatBotService - Interaction - SessionID: 1d12acf0-f300-473f-bfc3-2d0ae959524a, Question: qui sont les personnes qui ont acces au registre central, Answer length: 436, Response confidence: 0.246155925552557, Retrieval confidence: 0.0
2025-04-30 17:14:26 [http-nio-8081-exec-1] INFO  b.f.b.c.chatbot.api.ChatController - info response <-- bot: Les personnes qui ont accès au Registre central de protection des personnes sont :

- la personne protégée ou à protéger,
- les héritiers après le décès de la personne protégée,
- les administrateurs,
- les personnes de confiance.

Il n'est pas précisé si d'autres personnes ont accès, mais il est indiqué que l'accès aux données est strictement réglementé et que seuls les personnes habilitées à voir les données peuvent y avoir accès.
2025-04-30 17:16:21 [SpringApplicationShutdownHook] INFO  o.s.b.w.e.tomcat.GracefulShutdown - Commencing graceful shutdown. Waiting for active requests to complete
2025-04-30 17:16:21 [tomcat-shutdown] INFO  o.s.b.w.e.tomcat.GracefulShutdown - Graceful shutdown complete
2025-04-30 17:16:21 [SpringApplicationShutdownHook] INFO  o.s.o.j.LocalContainerEntityManagerFactoryBean - Closing JPA EntityManagerFactory for persistence unit 'default'
2025-04-30 17:16:21 [SpringApplicationShutdownHook] INFO  com.zaxxer.hikari.HikariDataSource - HikariPool-1 - Shutdown initiated...
2025-04-30 17:16:21 [SpringApplicationShutdownHook] INFO  com.zaxxer.hikari.HikariDataSource - HikariPool-1 - Shutdown completed.
2025-04-30 17:16:26 [restartedMain] INFO  b.f.b.c.chatbot.ChatbotApplication - Starting ChatbotApplication using Java 23.0.2 with PID 38091 (/Users/souhailaitsaid/dev/chatbot/target/classes started by souhailaitsaid in /Users/souhailaitsaid/dev/chatbot)
2025-04-30 17:16:26 [restartedMain] INFO  b.f.b.c.chatbot.ChatbotApplication - The following 1 profile is active: "dev"
2025-04-30 17:16:26 [restartedMain] INFO  o.s.b.d.e.DevToolsPropertyDefaultsPostProcessor - Devtools property defaults active! Set 'spring.devtools.add-properties' to 'false' to disable
2025-04-30 17:16:26 [restartedMain] INFO  o.s.b.d.e.DevToolsPropertyDefaultsPostProcessor - For additional web related logging consider setting the 'logging.level.web' property to 'DEBUG'
2025-04-30 17:16:26 [restartedMain] INFO  o.s.d.r.c.RepositoryConfigurationDelegate - Bootstrapping Spring Data JPA repositories in DEFAULT mode.
2025-04-30 17:16:26 [restartedMain] INFO  o.s.d.r.c.RepositoryConfigurationDelegate - Finished Spring Data repository scanning in 60 ms. Found 6 JPA repository interfaces.
2025-04-30 17:16:27 [restartedMain] INFO  o.s.b.w.e.tomcat.TomcatWebServer - Tomcat initialized with port 8081 (http)
2025-04-30 17:16:27 [restartedMain] INFO  o.a.catalina.core.StandardService - Starting service [Tomcat]
2025-04-30 17:16:27 [restartedMain] INFO  o.a.catalina.core.StandardEngine - Starting Servlet engine: [Apache Tomcat/10.1.40]
2025-04-30 17:16:27 [restartedMain] INFO  o.a.c.c.C.[Tomcat].[localhost].[/] - Initializing Spring embedded WebApplicationContext
2025-04-30 17:16:27 [restartedMain] INFO  o.s.b.w.s.c.ServletWebServerApplicationContext - Root WebApplicationContext: initialization completed in 1012 ms
2025-04-30 17:16:27 [restartedMain] INFO  o.h.jpa.internal.util.LogHelper - HHH000204: Processing PersistenceUnitInfo [name: default]
2025-04-30 17:16:27 [restartedMain] INFO  org.hibernate.Version - HHH000412: Hibernate ORM core version 6.6.13.Final
2025-04-30 17:16:27 [restartedMain] INFO  o.h.c.i.RegionFactoryInitiator - HHH000026: Second-level cache disabled
2025-04-30 17:16:27 [restartedMain] INFO  o.s.o.j.p.SpringPersistenceUnitInfo - No LoadTimeWeaver setup: ignoring JPA class transformer
2025-04-30 17:16:27 [restartedMain] INFO  com.zaxxer.hikari.HikariDataSource - HikariPool-1 - Starting...
2025-04-30 17:16:27 [restartedMain] INFO  com.zaxxer.hikari.pool.HikariPool - HikariPool-1 - Added connection org.postgresql.jdbc.PgConnection@7ef2e7c0
2025-04-30 17:16:27 [restartedMain] INFO  com.zaxxer.hikari.HikariDataSource - HikariPool-1 - Start completed.
2025-04-30 17:16:27 [restartedMain] INFO  o.hibernate.orm.connections.pooling - HHH10001005: Database info:
	Database JDBC URL [Connecting through datasource 'HikariDataSource (HikariPool-1)']
	Database driver: undefined/unknown
	Database version: 17.4
	Autocommit mode: undefined/unknown
	Isolation level: undefined/unknown
	Minimum pool size: undefined/unknown
	Maximum pool size: undefined/unknown
2025-04-30 17:16:27 [restartedMain] INFO  o.h.e.t.j.p.i.JtaPlatformInitiator - HHH000489: No JTA platform available (set 'hibernate.transaction.jta.platform' to enable JTA platform integration)
2025-04-30 17:16:28 [restartedMain] INFO  o.s.o.j.LocalContainerEntityManagerFactoryBean - Initialized JPA EntityManagerFactory for persistence unit 'default'
2025-04-30 17:16:28 [restartedMain] INFO  b.f.b.c.c.i.PgVectorExtensionInitializer - =======> Executing query: CREATE EXTENSION IF NOT EXISTS vector <=========
2025-04-30 17:16:28 [restartedMain] INFO  b.f.b.c.c.i.PgVectorExtensionInitializer - =======> Successfully created pgvector extension <=========
2025-04-30 17:16:28 [restartedMain] WARN  o.s.b.a.o.j.JpaBaseConfiguration$JpaWebConfiguration - spring.jpa.open-in-view is enabled by default. Therefore, database queries may be performed during view rendering. Explicitly configure spring.jpa.open-in-view to disable this warning
2025-04-30 17:16:28 [restartedMain] INFO  o.s.v.b.OptionalValidatorFactoryBean - Failed to set up a Bean Validation provider: jakarta.validation.NoProviderFoundException: Unable to create a Configuration, because no Jakarta Bean Validation provider could be found. Add a provider like Hibernate Validator (RI) to your classpath.
2025-04-30 17:16:29 [restartedMain] INFO  o.s.b.d.a.OptionalLiveReloadServer - LiveReload server is running on port 35729
2025-04-30 17:16:29 [restartedMain] INFO  o.s.b.a.e.web.EndpointLinksResolver - Exposing 3 endpoints beneath base path '/actuator'
2025-04-30 17:16:29 [restartedMain] INFO  o.s.b.w.e.tomcat.TomcatWebServer - Tomcat started on port 8081 (http) with context path '/'
2025-04-30 17:16:29 [restartedMain] INFO  b.f.b.c.chatbot.ChatbotApplication - Started ChatbotApplication in 3.306 seconds (process running for 4.019)
2025-04-30 17:16:29 [restartedMain] INFO  b.f.b.c.c.i.PgVectorIndexInitializer - =======> onApplicationEvent PgVectorIndexInitializer executing .... <=========
2025-04-30 17:16:29 [restartedMain] INFO  b.f.b.c.c.i.PgVectorIndexInitializer - =======> onApplicationEvent checkIfIndexExists true} <=========
2025-04-30 17:16:29 [restartedMain] INFO  b.f.b.c.c.i.PgVectorIndexInitializer - =======> !! HNSW index already exists for embeddings column <=========
2025-04-30 17:16:29 [RMI TCP Connection(2)-192.168.1.2] INFO  o.a.c.c.C.[Tomcat].[localhost].[/] - Initializing Spring DispatcherServlet 'dispatcherServlet'
2025-04-30 17:16:29 [RMI TCP Connection(2)-192.168.1.2] INFO  o.s.web.servlet.DispatcherServlet - Initializing Servlet 'dispatcherServlet'
2025-04-30 17:16:29 [RMI TCP Connection(2)-192.168.1.2] INFO  o.s.web.servlet.DispatcherServlet - Completed initialization in 1 ms
2025-04-30 17:16:34 [http-nio-8081-exec-1] INFO  b.f.b.c.chatbot.api.ChatController - info request - > You: qui sont les personnes qui ont acces au registre central
2025-04-30 17:16:34 [http-nio-8081-exec-1] INFO  b.f.b.c.c.services.ChatBotService - Retrieved 5 relevant segments
2025-04-30 17:16:34 [http-nio-8081-exec-1] INFO  b.f.b.c.c.services.ChatBotService - ############################
Segment score: 0.8882758564990505 - Content:  À qui s'adresse le Registre central de protection des personnes ?

Toute personne souhaitant intro...
2025-04-30 17:16:34 [http-nio-8081-exec-1] INFO  b.f.b.c.c.services.ChatBotService - ############################
Segment score: 0.8864964124277638 - Content:  Qu'advient-il des dossiers déjà existants à partir du 1er juin 2021 ?

À partir du 1er juin 2021, ...
2025-04-30 17:16:34 [http-nio-8081-exec-1] INFO  b.f.b.c.c.services.ChatBotService - ############################
Segment score: 0.8827688826596858 - Content:  Dans quelles langues le Registre central de protection des personnes est-il

disponible ?

L’e-ser...
2025-04-30 17:16:34 [http-nio-8081-exec-1] INFO  b.f.b.c.c.services.ChatBotService - ############################
Segment score: 0.8783507435593461 - Content:  Combien coûte l'ouverture d'une procédure via le Registre central de protection

des personnes ?

...
2025-04-30 17:16:34 [http-nio-8081-exec-1] INFO  b.f.b.c.c.services.ChatBotService - ############################
Segment score: 0.8763053414093741 - Content: Le fonctionnement du Registre central de protection des personnes est défini dans l'arrêté

royal du...
2025-04-30 17:16:34 [http-nio-8081-exec-1] INFO  b.f.b.c.c.services.ChatBotService - #########################
augmentedPrompt: IMPORTANT: Always respond in the same language that the user used to ask the question.

Answer using ONLY the information provided below. If the provided information isn't sufficient to answer the question, say you don't have enough information rather than making up an answer.

USER QUESTION: qui sont les personnes qui ont acces au registre central

RELEVANT INFORMATION FROM KNOWLEDGE BASE:
Segment 1 [Source: Unknown source, Relevance: 0,89]:  À qui s'adresse le Registre central de protection des personnes ?

Toute personne souhaitant introduire une demande ou intervenant dans un dossier de 
protection (les personnes protégées ou à protéger elles-mêmes, leurs administrateurs, les

https://www.ejustice.just.fgov.be/cgi_loi/change_lg.pl?language=fr&la=F&cn=2018122109&table_name=loi
https://www.ejustice.just.fgov.be/cgi_loi/change_lg.pl?language=fr&la=F&cn=2018122109&table_name=loi
https://justice.belgium.be/fr/themes_et_dossiers/personnes_et_familles/protection_des_majeurs/documents_utiles/legislation
https://justice.belgium.be/fr/themes_et_dossiers/personnes_et_familles/protection_des_majeurs/documents_utiles/legislation

personnes de confiance, les gestionnaires de dossiers dans des institutions spécifiques, etc.) 
peut utiliser l'e-service.

 Combien coûte l'ouverture d'une procédure via le Registre central de protection

des personnes ?

L’utilisation de l’e-service est gratuite.

Segment 2 [Source: Unknown source, Relevance: 0,89]:  Qu'advient-il des dossiers déjà existants à partir du 1er juin 2021 ?

À partir du 1er juin 2021, chaque dossier de protection (y compris les anciens dossiers) aura 
un numéro de registre national unique.

Vous serez informé(e) par courrier.

Dans le e-service, vous trouverez également des références à ces dossiers, mais sans 
informations concrètes sur l'historique. Toutes les nouvelles données sont automatiquement 
stockées sous forme numérique.

 Qui a accès au Registre central de protection des personnes ?

L'accès aux données du Registre central de protection des personnes est strictement

réglementé. Les personnes et/ou organismes ne voient que les données qu’ils sont habilités

à voir.

Les personnes suivantes, entre autres, ont accès au Registre central de protection des 
personnes :

- la personne protégée ou à protéger,

- les héritiers après le décès de la personne protégée

- les administrateurs,

- les personnes de confiance,

Segment 3 [Source: Unknown source, Relevance: 0,88]:  Dans quelles langues le Registre central de protection des personnes est-il

disponible ?

L’e-service sera disponible en français, en néerlandais et en allemand.

 Quels sont les tribunaux qui utilisent le Registre central de protection des

personnes ?

L'utilisation du Registre central de protection des personnes est légalement obligatoire. Toutes 
les justices de paix sont donc reliées au Registre central de protection des personnes. Lorsque 
vous entamez une procédure via le e-service, le système propose automatiquement la justice 
de paix compétente en fonction du lieu de résidence de la personne à protéger (à défaut, en 
fonction de son domicile).

 Qu'advient-il des dossiers déjà existants à partir du 1er juin 2021 ?

À partir du 1er juin 2021, chaque dossier de protection (y compris les anciens dossiers) aura 
un numéro de registre national unique. Vous serez informé(e) par courrier.

Segment 4 [Source: Unknown source, Relevance: 0,88]:  Combien coûte l'ouverture d'une procédure via le Registre central de protection

des personnes ?

L’utilisation de l’e-service est gratuite.

Pour ouvrir un nouveau dossier, une contribution de 20 euros au Fonds budgétaire relatif à 
l’aide juridique de deuxième ligne est demandée, comme auparavant. Si tous les demandeurs 
ont droit à l'aide juridique de deuxième ligne ou à l'assistance judiciaire, cette contribution 
n'est pas exigée. Vous devrez télécharger une preuve dans le système.

 Dans quelles langues le Registre central de protection des personnes est-il

disponible ?

L’e-service sera disponible en français, en néerlandais et en allemand.

 Quels sont les tribunaux qui utilisent le Registre central de protection des

personnes ?

Segment 5 [Source: Unknown source, Relevance: 0,88]: Le fonctionnement du Registre central de protection des personnes est défini dans l'arrêté

royal du 12 février 2021.

 Où puis-je trouver plus d'informations sur le cadre juridique ?

https://justice.belgium.be/fr/themes_et_dossiers/personnes_et_familles/protection_des_majeu

rs/documents_utiles/legislation

 L'utilisation du Registre central de protection des personnes est-elle

obligatoire ?

À partir du 1er juin 2021, toutes les demandes seront introduites par voie électronique via le 
Registre central de protection des personnes. Les personnes qui ne sont pas impliquées 
professionnellement dans un dossier peuvent indiquer leur intention de s'inscrire au Registre 
central de protection des personnes (voir Comment s'inscrire au registre).

Toute communication suivante se fait obligatoirement via le registre pour les personnes qui 
sont professionnellement impliquées dans une affaire ou pour celles qui se sont inscrites au 
Registre central de protection des personnes.


Based ONLY on the above information, provide a concise, accurate response. Do not add any information that isn't in the provided context. If you're unsure, express your uncertainty clearly.
2025-04-30 17:16:34 [http-nio-8081-exec-1] INFO  b.f.b.c.c.services.ChatBotService - #########################
systemPrompt: You are a ministry information assistant with the following strict guardrails:

```colang
define user ask about something not in provided context
  when
    user said something
    $knowledgeBase = recall knowledge base information
    NOT $knowledgeBase matches user message
  then
    bot respond "I don't have specific information about that in my knowledge base. I can only provide information that's directly available in the ministry's official documentation. For more details on this topic, please contact the ministry directly."

define user ask for information
  when
    user said something
    $knowledgeBase = recall knowledge base information
    $knowledgeBase matches user message
  then
    bot only use information from $knowledgeBase
    bot avoid making up information not present in $knowledgeBase
    bot avoid phrases like "based on the information provided" or "according to the provided context"
    bot respond in a natural, helpful tone while strictly adhering to facts in $knowledgeBase

define user ask for personal advice
  when 
    user asks for personal advice or personal recommendations
  then
    bot respond "I'm designed to provide factual information from the ministry's knowledge base, not personal advice. For personalized guidance on this matter, please consult with the appropriate ministry department."

define user ask about non-ministry topic
  when
    user ask about topics unrelated to ministry services, policies, or information
  then
    bot respond "I'm specialized in providing information about our ministry's services and policies. I don't have information about topics outside our ministry's scope."

define user ask speculative questions
  when
    user asks for opinions, predictions, or speculations
  then
    bot respond "I can only provide factual information based on our ministry's official documentation. I'm not able to offer opinions, predictions, or speculations on this topic."

define user ask for low confidence answers
  when
    bot confidence is low
  then
    bot express uncertainty clearly
    bot suggest contacting ministry directly
    bot avoid making definitive statements

define bot response guardrails
  when
    bot is responding
  then
    bot MUST only respond with information contained in retrieved knowledge base
    bot MUST NOT make up information or hallucinate facts
    bot MUST NOT use prior knowledge unless it exactly matches knowledge base information
    bot MUST express uncertainty when knowledge base information is insufficient
    bot MUST use a professional, helpful tone appropriate for government services
    bot MUST be concise and direct in responses
    bot MUST prioritize accuracy over completeness
```

Core operating principles:
1. FACTUAL ACCURACY: Only provide information explicitly stated in the knowledge base
2. REFUSAL CLARITY: When declining to answer, explain policy reasons without elaboration
3. INFORMATION BOUNDARY: Never speculate or infer beyond provided context
4. TRANSPARENCY: Clearly indicate uncertainty when information is incomplete
5. ATTRIBUTION: Reference specific segments when possible
6. LANGUAGE ADAPTATION: Always respond with the same language that the user used to ask the question

Response formulation rules:
- Always respond with the language that the user used to ask the question
- Structure responses with verified facts first
- For incomplete information, state what is known before explaining limitations
- Never fabricate details to make answers seem more complete
- Use precise language that matches the confidence level of the information

2025-04-30 17:17:08 [http-nio-8081-exec-1] INFO  b.f.b.c.c.services.ResponseVerifier - ##### verifyResponseGrounding: ######################
 Score: 8/10

Réponse factuelle :

Les personnes qui ont accès au Registre central de protection des personnes sont :

- la personne protégée ou à protéger,
- les héritiers après le décès de la personne protégée,
- les administrateurs,
- les personnes de confiance.

Analyse :

1. La personne protégée ou à protéger : Vérifié dans le contexte (Segment 1, point 1).
2. Les héritiers après le décès de la personne protégée : Vérifié dans le contexte (Segment 1, point 1).
3. Les administrateurs : Vérifié dans le contexte (Segment 1, point 1).
4. Les personnes de confiance : Vérifié dans le contexte (Segment 1, point 1).

Les autres personnes qui ont accès au Registre central de protection des personnes ne sont pas explicitement mentionnées dans le contexte.

Ungrounded claims :

- Il n'est pas précisé si d'autres personnes ont accès, mais il est indiqué que l'accès aux données est strictement réglementé et que seuls les personnes habilitées à voir les données peuvent y accéder. (Cette affirmation est partially true, car le contexte mentionne que "L'accès aux données du Registre central de protection des personnes est strictement réglementé", mais elle ne précise pas si d'autres personnes ont accès au registre en tant que telles.)
- La mention selon laquelle l'utilisation du Registre central de protection des personnes est obligatoire n'est pas directement supportée par le contexte, bien qu'elle soit mentionnée dans plusieurs sources (Segment 5).

Réponse détaillée :

La réponse factuelle est globalement correcte, mais il y a quelques nuances à prendre en compte. Les quatre catégories de personnes qui ont accès au Registre central de protection des personnes sont bien mentionnées dans le contexte.

Cependant, la phrase "Il n'est pas précisé si d'autres personnes ont accès" est un peu ambiguë et pourrait être considérée comme une affirmation non étayée. En effet, le contexte mentionne que l'accès aux données est strictement réglementé, ce qui suggère qu'il existe des règles ou des procédures spécifiques pour les personnes qui ne font pas partie de ces quatre catégories.

Enfin, la mention selon laquelle l'utilisation du Registre central de protection des personnes est obligatoire n'est pas directement supportée par le contexte. Bien que cela soit mentionné dans plusieurs sources, il n'y a pas de phrase ou de sentence spécifique qui confirme cette affirmation dans le contexte donné.

En résumé, la réponse factuelle est globalement correcte, mais il y a quelques nuances à prendre en compte pour éviter les affirmations non étayées.
2025-04-30 17:17:08 [http-nio-8081-exec-1] INFO  b.f.b.c.c.services.ChatBotService - Response verification result: score=8.0, verified=true
2025-04-30 17:17:33 [http-nio-8081-exec-1] INFO  b.f.b.c.c.services.ChatBotService - Interaction - SessionID: 1d12acf0-f300-473f-bfc3-2d0ae959524a, Question: qui sont les personnes qui ont acces au registre central, Answer length: 432, Response confidence: 0.24569501589596088, Retrieval confidence: 0.0
2025-04-30 17:17:33 [http-nio-8081-exec-1] INFO  b.f.b.c.chatbot.api.ChatController - info response <-- bot: Les personnes qui ont accès au Registre central de protection des personnes sont :

- la personne protégée ou à protéger,
- les héritiers après le décès de la personne protégée,
- les administrateurs,
- les personnes de confiance.

Il n'est pas précisé si d'autres personnes ont accès, mais il est indiqué que l'accès aux données est strictement réglementé et que seuls les personnes habilitées à voir les données peuvent y accéder.
2025-04-30 17:18:28 [SpringApplicationShutdownHook] INFO  o.s.b.w.e.tomcat.GracefulShutdown - Commencing graceful shutdown. Waiting for active requests to complete
2025-04-30 17:18:28 [tomcat-shutdown] INFO  o.s.b.w.e.tomcat.GracefulShutdown - Graceful shutdown complete
2025-04-30 17:18:28 [SpringApplicationShutdownHook] INFO  o.s.o.j.LocalContainerEntityManagerFactoryBean - Closing JPA EntityManagerFactory for persistence unit 'default'
2025-04-30 17:18:28 [SpringApplicationShutdownHook] INFO  com.zaxxer.hikari.HikariDataSource - HikariPool-1 - Shutdown initiated...
2025-04-30 17:18:28 [SpringApplicationShutdownHook] INFO  com.zaxxer.hikari.HikariDataSource - HikariPool-1 - Shutdown completed.
2025-04-30 17:18:30 [restartedMain] INFO  b.f.b.c.chatbot.ChatbotApplication - Starting ChatbotApplication using Java 23.0.2 with PID 38151 (/Users/souhailaitsaid/dev/chatbot/target/classes started by souhailaitsaid in /Users/souhailaitsaid/dev/chatbot)
2025-04-30 17:18:30 [restartedMain] INFO  b.f.b.c.chatbot.ChatbotApplication - The following 1 profile is active: "dev"
2025-04-30 17:18:30 [restartedMain] INFO  o.s.b.d.e.DevToolsPropertyDefaultsPostProcessor - Devtools property defaults active! Set 'spring.devtools.add-properties' to 'false' to disable
2025-04-30 17:18:30 [restartedMain] INFO  o.s.b.d.e.DevToolsPropertyDefaultsPostProcessor - For additional web related logging consider setting the 'logging.level.web' property to 'DEBUG'
2025-04-30 17:18:31 [restartedMain] INFO  o.s.d.r.c.RepositoryConfigurationDelegate - Bootstrapping Spring Data JPA repositories in DEFAULT mode.
2025-04-30 17:18:31 [restartedMain] INFO  o.s.d.r.c.RepositoryConfigurationDelegate - Finished Spring Data repository scanning in 60 ms. Found 6 JPA repository interfaces.
2025-04-30 17:18:31 [restartedMain] INFO  o.s.b.w.e.tomcat.TomcatWebServer - Tomcat initialized with port 8081 (http)
2025-04-30 17:18:31 [restartedMain] INFO  o.a.catalina.core.StandardService - Starting service [Tomcat]
2025-04-30 17:18:31 [restartedMain] INFO  o.a.catalina.core.StandardEngine - Starting Servlet engine: [Apache Tomcat/10.1.40]
2025-04-30 17:18:31 [restartedMain] INFO  o.a.c.c.C.[Tomcat].[localhost].[/] - Initializing Spring embedded WebApplicationContext
2025-04-30 17:18:31 [restartedMain] INFO  o.s.b.w.s.c.ServletWebServerApplicationContext - Root WebApplicationContext: initialization completed in 987 ms
2025-04-30 17:18:31 [restartedMain] INFO  o.h.jpa.internal.util.LogHelper - HHH000204: Processing PersistenceUnitInfo [name: default]
2025-04-30 17:18:31 [restartedMain] INFO  org.hibernate.Version - HHH000412: Hibernate ORM core version 6.6.13.Final
2025-04-30 17:18:31 [restartedMain] INFO  o.h.c.i.RegionFactoryInitiator - HHH000026: Second-level cache disabled
2025-04-30 17:18:31 [restartedMain] INFO  o.s.o.j.p.SpringPersistenceUnitInfo - No LoadTimeWeaver setup: ignoring JPA class transformer
2025-04-30 17:18:31 [restartedMain] INFO  com.zaxxer.hikari.HikariDataSource - HikariPool-1 - Starting...
2025-04-30 17:18:31 [restartedMain] INFO  com.zaxxer.hikari.pool.HikariPool - HikariPool-1 - Added connection org.postgresql.jdbc.PgConnection@2eb3a91
2025-04-30 17:18:31 [restartedMain] INFO  com.zaxxer.hikari.HikariDataSource - HikariPool-1 - Start completed.
2025-04-30 17:18:32 [restartedMain] INFO  o.hibernate.orm.connections.pooling - HHH10001005: Database info:
	Database JDBC URL [Connecting through datasource 'HikariDataSource (HikariPool-1)']
	Database driver: undefined/unknown
	Database version: 17.4
	Autocommit mode: undefined/unknown
	Isolation level: undefined/unknown
	Minimum pool size: undefined/unknown
	Maximum pool size: undefined/unknown
2025-04-30 17:18:32 [restartedMain] INFO  o.h.e.t.j.p.i.JtaPlatformInitiator - HHH000489: No JTA platform available (set 'hibernate.transaction.jta.platform' to enable JTA platform integration)
2025-04-30 17:18:32 [restartedMain] INFO  o.s.o.j.LocalContainerEntityManagerFactoryBean - Initialized JPA EntityManagerFactory for persistence unit 'default'
2025-04-30 17:18:32 [restartedMain] INFO  b.f.b.c.c.i.PgVectorExtensionInitializer - =======> Executing query: CREATE EXTENSION IF NOT EXISTS vector <=========
2025-04-30 17:18:32 [restartedMain] INFO  b.f.b.c.c.i.PgVectorExtensionInitializer - =======> Successfully created pgvector extension <=========
2025-04-30 17:18:33 [restartedMain] WARN  o.s.b.a.o.j.JpaBaseConfiguration$JpaWebConfiguration - spring.jpa.open-in-view is enabled by default. Therefore, database queries may be performed during view rendering. Explicitly configure spring.jpa.open-in-view to disable this warning
2025-04-30 17:18:33 [restartedMain] INFO  o.s.v.b.OptionalValidatorFactoryBean - Failed to set up a Bean Validation provider: jakarta.validation.NoProviderFoundException: Unable to create a Configuration, because no Jakarta Bean Validation provider could be found. Add a provider like Hibernate Validator (RI) to your classpath.
2025-04-30 17:18:33 [restartedMain] INFO  o.s.b.d.a.OptionalLiveReloadServer - LiveReload server is running on port 35729
2025-04-30 17:18:33 [restartedMain] INFO  o.s.b.a.e.web.EndpointLinksResolver - Exposing 3 endpoints beneath base path '/actuator'
2025-04-30 17:18:33 [restartedMain] INFO  o.s.b.w.e.tomcat.TomcatWebServer - Tomcat started on port 8081 (http) with context path '/'
2025-04-30 17:18:33 [restartedMain] INFO  b.f.b.c.chatbot.ChatbotApplication - Started ChatbotApplication in 3.232 seconds (process running for 3.885)
2025-04-30 17:18:33 [restartedMain] INFO  b.f.b.c.c.i.PgVectorIndexInitializer - =======> onApplicationEvent PgVectorIndexInitializer executing .... <=========
2025-04-30 17:18:33 [restartedMain] INFO  b.f.b.c.c.i.PgVectorIndexInitializer - =======> onApplicationEvent checkIfIndexExists true} <=========
2025-04-30 17:18:33 [restartedMain] INFO  b.f.b.c.c.i.PgVectorIndexInitializer - =======> !! HNSW index already exists for embeddings column <=========
2025-04-30 17:18:34 [RMI TCP Connection(1)-192.168.1.2] INFO  o.a.c.c.C.[Tomcat].[localhost].[/] - Initializing Spring DispatcherServlet 'dispatcherServlet'
2025-04-30 17:18:34 [RMI TCP Connection(1)-192.168.1.2] INFO  o.s.web.servlet.DispatcherServlet - Initializing Servlet 'dispatcherServlet'
2025-04-30 17:18:34 [RMI TCP Connection(1)-192.168.1.2] INFO  o.s.web.servlet.DispatcherServlet - Completed initialization in 0 ms
2025-04-30 17:20:30 [http-nio-8081-exec-1] INFO  b.f.b.c.chatbot.api.ChatController - info request - > You: qui sont les personnes qui ont acces au registre central
2025-04-30 17:20:31 [http-nio-8081-exec-1] INFO  b.f.b.c.c.services.ChatBotService - Retrieved 5 relevant segments
2025-04-30 17:20:31 [http-nio-8081-exec-1] INFO  b.f.b.c.c.services.ChatBotService - ############################
Segment score: 0.8882758564990505 - Content:  À qui s'adresse le Registre central de protection des personnes ?

Toute personne souhaitant intro...
2025-04-30 17:20:31 [http-nio-8081-exec-1] INFO  b.f.b.c.c.services.ChatBotService - ############################
Segment score: 0.8864964124277638 - Content:  Qu'advient-il des dossiers déjà existants à partir du 1er juin 2021 ?

À partir du 1er juin 2021, ...
2025-04-30 17:20:31 [http-nio-8081-exec-1] INFO  b.f.b.c.c.services.ChatBotService - ############################
Segment score: 0.8827688826596858 - Content:  Dans quelles langues le Registre central de protection des personnes est-il

disponible ?

L’e-ser...
2025-04-30 17:20:31 [http-nio-8081-exec-1] INFO  b.f.b.c.c.services.ChatBotService - ############################
Segment score: 0.8783507435593461 - Content:  Combien coûte l'ouverture d'une procédure via le Registre central de protection

des personnes ?

...
2025-04-30 17:20:31 [http-nio-8081-exec-1] INFO  b.f.b.c.c.services.ChatBotService - ############################
Segment score: 0.8763053414093741 - Content: Le fonctionnement du Registre central de protection des personnes est défini dans l'arrêté

royal du...
2025-04-30 17:20:31 [http-nio-8081-exec-1] INFO  b.f.b.c.c.services.ChatBotService - #########################
augmentedPrompt: IMPORTANT: Always respond in the same language that the user used to ask the question.

Answer using ONLY the information provided below. If the provided information isn't sufficient to answer the question, say you don't have enough information rather than making up an answer.

USER QUESTION: qui sont les personnes qui ont acces au registre central

RELEVANT INFORMATION FROM KNOWLEDGE BASE:
Segment 1 [Source: Unknown source, Relevance: 0,89]:  À qui s'adresse le Registre central de protection des personnes ?

Toute personne souhaitant introduire une demande ou intervenant dans un dossier de 
protection (les personnes protégées ou à protéger elles-mêmes, leurs administrateurs, les

https://www.ejustice.just.fgov.be/cgi_loi/change_lg.pl?language=fr&la=F&cn=2018122109&table_name=loi
https://www.ejustice.just.fgov.be/cgi_loi/change_lg.pl?language=fr&la=F&cn=2018122109&table_name=loi
https://justice.belgium.be/fr/themes_et_dossiers/personnes_et_familles/protection_des_majeurs/documents_utiles/legislation
https://justice.belgium.be/fr/themes_et_dossiers/personnes_et_familles/protection_des_majeurs/documents_utiles/legislation

personnes de confiance, les gestionnaires de dossiers dans des institutions spécifiques, etc.) 
peut utiliser l'e-service.

 Combien coûte l'ouverture d'une procédure via le Registre central de protection

des personnes ?

L’utilisation de l’e-service est gratuite.

Segment 2 [Source: Unknown source, Relevance: 0,89]:  Qu'advient-il des dossiers déjà existants à partir du 1er juin 2021 ?

À partir du 1er juin 2021, chaque dossier de protection (y compris les anciens dossiers) aura 
un numéro de registre national unique.

Vous serez informé(e) par courrier.

Dans le e-service, vous trouverez également des références à ces dossiers, mais sans 
informations concrètes sur l'historique. Toutes les nouvelles données sont automatiquement 
stockées sous forme numérique.

 Qui a accès au Registre central de protection des personnes ?

L'accès aux données du Registre central de protection des personnes est strictement

réglementé. Les personnes et/ou organismes ne voient que les données qu’ils sont habilités

à voir.

Les personnes suivantes, entre autres, ont accès au Registre central de protection des 
personnes :

- la personne protégée ou à protéger,

- les héritiers après le décès de la personne protégée

- les administrateurs,

- les personnes de confiance,

Segment 3 [Source: Unknown source, Relevance: 0,88]:  Dans quelles langues le Registre central de protection des personnes est-il

disponible ?

L’e-service sera disponible en français, en néerlandais et en allemand.

 Quels sont les tribunaux qui utilisent le Registre central de protection des

personnes ?

L'utilisation du Registre central de protection des personnes est légalement obligatoire. Toutes 
les justices de paix sont donc reliées au Registre central de protection des personnes. Lorsque 
vous entamez une procédure via le e-service, le système propose automatiquement la justice 
de paix compétente en fonction du lieu de résidence de la personne à protéger (à défaut, en 
fonction de son domicile).

 Qu'advient-il des dossiers déjà existants à partir du 1er juin 2021 ?

À partir du 1er juin 2021, chaque dossier de protection (y compris les anciens dossiers) aura 
un numéro de registre national unique. Vous serez informé(e) par courrier.

Segment 4 [Source: Unknown source, Relevance: 0,88]:  Combien coûte l'ouverture d'une procédure via le Registre central de protection

des personnes ?

L’utilisation de l’e-service est gratuite.

Pour ouvrir un nouveau dossier, une contribution de 20 euros au Fonds budgétaire relatif à 
l’aide juridique de deuxième ligne est demandée, comme auparavant. Si tous les demandeurs 
ont droit à l'aide juridique de deuxième ligne ou à l'assistance judiciaire, cette contribution 
n'est pas exigée. Vous devrez télécharger une preuve dans le système.

 Dans quelles langues le Registre central de protection des personnes est-il

disponible ?

L’e-service sera disponible en français, en néerlandais et en allemand.

 Quels sont les tribunaux qui utilisent le Registre central de protection des

personnes ?

Segment 5 [Source: Unknown source, Relevance: 0,88]: Le fonctionnement du Registre central de protection des personnes est défini dans l'arrêté

royal du 12 février 2021.

 Où puis-je trouver plus d'informations sur le cadre juridique ?

https://justice.belgium.be/fr/themes_et_dossiers/personnes_et_familles/protection_des_majeu

rs/documents_utiles/legislation

 L'utilisation du Registre central de protection des personnes est-elle

obligatoire ?

À partir du 1er juin 2021, toutes les demandes seront introduites par voie électronique via le 
Registre central de protection des personnes. Les personnes qui ne sont pas impliquées 
professionnellement dans un dossier peuvent indiquer leur intention de s'inscrire au Registre 
central de protection des personnes (voir Comment s'inscrire au registre).

Toute communication suivante se fait obligatoirement via le registre pour les personnes qui 
sont professionnellement impliquées dans une affaire ou pour celles qui se sont inscrites au 
Registre central de protection des personnes.


Based ONLY on the above information, provide a concise, accurate response. Do not add any information that isn't in the provided context. If you're unsure, express your uncertainty clearly.
2025-04-30 17:20:31 [http-nio-8081-exec-1] INFO  b.f.b.c.c.services.ChatBotService - #########################
systemPrompt: You are a ministry information assistant with the following strict guardrails:

```colang
define user ask about something not in provided context
  when
    user said something
    $knowledgeBase = recall knowledge base information
    NOT $knowledgeBase matches user message
  then
    bot respond "I don't have specific information about that in my knowledge base. I can only provide information that's directly available in the ministry's official documentation. For more details on this topic, please contact the ministry directly."

define user ask for information
  when
    user said something
    $knowledgeBase = recall knowledge base information
    $knowledgeBase matches user message
  then
    bot only use information from $knowledgeBase
    bot avoid making up information not present in $knowledgeBase
    bot avoid phrases like "based on the information provided" or "according to the provided context"
    bot respond in a natural, helpful tone while strictly adhering to facts in $knowledgeBase

define user ask for personal advice
  when 
    user asks for personal advice or personal recommendations
  then
    bot respond "I'm designed to provide factual information from the ministry's knowledge base, not personal advice. For personalized guidance on this matter, please consult with the appropriate ministry department."

define user ask about non-ministry topic
  when
    user ask about topics unrelated to ministry services, policies, or information
  then
    bot respond "I'm specialized in providing information about our ministry's services and policies. I don't have information about topics outside our ministry's scope."

define user ask speculative questions
  when
    user asks for opinions, predictions, or speculations
  then
    bot respond "I can only provide factual information based on our ministry's official documentation. I'm not able to offer opinions, predictions, or speculations on this topic."

define user ask for low confidence answers
  when
    bot confidence is low
  then
    bot express uncertainty clearly
    bot suggest contacting ministry directly
    bot avoid making definitive statements

define bot response guardrails
  when
    bot is responding
  then
    bot MUST only respond with information contained in retrieved knowledge base
    bot MUST NOT make up information or hallucinate facts
    bot MUST NOT use prior knowledge unless it exactly matches knowledge base information
    bot MUST express uncertainty when knowledge base information is insufficient
    bot MUST use a professional, helpful tone appropriate for government services
    bot MUST be concise and direct in responses
    bot MUST prioritize accuracy over completeness
```

Core operating principles:
1. FACTUAL ACCURACY: Only provide information explicitly stated in the knowledge base
2. REFUSAL CLARITY: When declining to answer, explain policy reasons without elaboration
3. INFORMATION BOUNDARY: Never speculate or infer beyond provided context
4. TRANSPARENCY: Clearly indicate uncertainty when information is incomplete
5. ATTRIBUTION: Reference specific segments when possible
6. LANGUAGE ADAPTATION: Always respond with the same language that the user used to ask the question

Response formulation rules:
- Always respond with the language that the user used to ask the question
- Structure responses with verified facts first
- For incomplete information, state what is known before explaining limitations
- Never fabricate details to make answers seem more complete
- Use precise language that matches the confidence level of the information

2025-04-30 17:20:43 [http-nio-8081-exec-1] INFO  b.f.b.c.c.services.ResponseVerifier - ##### verifyResponseGrounding: ######################
 Score: 8/10

Detailed Reasoning:

1. La personne protégée ou à protéger : Vérifié dans le contexte (Segment 1)
2. Les héritiers après le décès de la personne protégée : Vérifié dans le contexte (Segment 1)
3. Les administrateurs : Vérifié dans le contexte (Segment 1)
4. Les personnes de confiance : Vérifié dans le contexte (Segment 1)
5. L'accès aux données est strictement réglementé : Vérifié dans le contexte (Segment 2 et Segment 3)

Les seules incohérences sont :
- La mention que "il n'est pas précisé si d'autres personnes ont accès" est une simplification de l'information fournie, qui indique explicitement que les personnes suivantes ont accès au Registre central de protection des personnes.
- La phrase "Il n'est pas précisé si d'autres personnes ont accès" pourrait être remplacée par "Les personnes suivantes ont accès au Registre central de protection des personnes :"

Ungrounded claims:
Aucune.

Note: Le score est basé sur la vérification des informations fournies dans le contexte. Les incohérences mentionnées sont liées à la simplification ou à la formulation de l'information, mais pas à une information fausse ou non vérifiée.
2025-04-30 17:20:43 [http-nio-8081-exec-1] INFO  b.f.b.c.c.services.ChatBotService - Response verification result: score=8.0, verified=true
2025-04-30 17:21:50 [HikariPool-1 housekeeper] WARN  com.zaxxer.hikari.pool.HikariPool - HikariPool-1 - Thread starvation or clock leap detected (housekeeper delta=1m18s272ms).
2025-04-30 17:21:50 [http-nio-8081-exec-1] INFO  b.f.b.c.c.services.ChatBotService - Interaction - SessionID: 1d12acf0-f300-473f-bfc3-2d0ae959524a, Question: qui sont les personnes qui ont acces au registre central, Answer length: 432, Response confidence: 0.24569501589596088, Retrieval confidence: 0.0
2025-04-30 17:21:50 [http-nio-8081-exec-1] INFO  b.f.b.c.chatbot.api.ChatController - info response <-- bot: Les personnes qui ont accès au Registre central de protection des personnes sont :

- la personne protégée ou à protéger,
- les héritiers après le décès de la personne protégée,
- les administrateurs,
- les personnes de confiance.

Il n'est pas précisé si d'autres personnes ont accès, mais il est indiqué que l'accès aux données est strictement réglementé et que seuls les personnes habilitées à voir les données peuvent y accéder.
2025-04-30 17:21:50 [SpringApplicationShutdownHook] INFO  o.s.b.w.e.tomcat.GracefulShutdown - Commencing graceful shutdown. Waiting for active requests to complete
2025-04-30 17:21:50 [tomcat-shutdown] INFO  o.s.b.w.e.tomcat.GracefulShutdown - Graceful shutdown complete
2025-04-30 17:21:50 [SpringApplicationShutdownHook] INFO  o.s.o.j.LocalContainerEntityManagerFactoryBean - Closing JPA EntityManagerFactory for persistence unit 'default'
2025-04-30 17:21:50 [SpringApplicationShutdownHook] INFO  com.zaxxer.hikari.HikariDataSource - HikariPool-1 - Shutdown initiated...
2025-04-30 17:21:50 [SpringApplicationShutdownHook] INFO  com.zaxxer.hikari.HikariDataSource - HikariPool-1 - Shutdown completed.
2025-04-30 17:21:52 [restartedMain] INFO  b.f.b.c.chatbot.ChatbotApplication - Starting ChatbotApplication using Java 23.0.2 with PID 38220 (/Users/souhailaitsaid/dev/chatbot/target/classes started by souhailaitsaid in /Users/souhailaitsaid/dev/chatbot)
2025-04-30 17:21:52 [restartedMain] INFO  b.f.b.c.chatbot.ChatbotApplication - The following 1 profile is active: "dev"
2025-04-30 17:21:52 [restartedMain] INFO  o.s.b.d.e.DevToolsPropertyDefaultsPostProcessor - Devtools property defaults active! Set 'spring.devtools.add-properties' to 'false' to disable
2025-04-30 17:21:52 [restartedMain] INFO  o.s.b.d.e.DevToolsPropertyDefaultsPostProcessor - For additional web related logging consider setting the 'logging.level.web' property to 'DEBUG'
2025-04-30 17:21:53 [restartedMain] INFO  o.s.d.r.c.RepositoryConfigurationDelegate - Bootstrapping Spring Data JPA repositories in DEFAULT mode.
2025-04-30 17:21:53 [restartedMain] INFO  o.s.d.r.c.RepositoryConfigurationDelegate - Finished Spring Data repository scanning in 58 ms. Found 6 JPA repository interfaces.
2025-04-30 17:21:53 [restartedMain] INFO  o.s.b.w.e.tomcat.TomcatWebServer - Tomcat initialized with port 8081 (http)
2025-04-30 17:21:53 [restartedMain] INFO  o.a.catalina.core.StandardService - Starting service [Tomcat]
2025-04-30 17:21:53 [restartedMain] INFO  o.a.catalina.core.StandardEngine - Starting Servlet engine: [Apache Tomcat/10.1.40]
2025-04-30 17:21:53 [restartedMain] INFO  o.a.c.c.C.[Tomcat].[localhost].[/] - Initializing Spring embedded WebApplicationContext
2025-04-30 17:21:53 [restartedMain] INFO  o.s.b.w.s.c.ServletWebServerApplicationContext - Root WebApplicationContext: initialization completed in 895 ms
2025-04-30 17:21:53 [restartedMain] INFO  o.h.jpa.internal.util.LogHelper - HHH000204: Processing PersistenceUnitInfo [name: default]
2025-04-30 17:21:53 [restartedMain] INFO  org.hibernate.Version - HHH000412: Hibernate ORM core version 6.6.13.Final
2025-04-30 17:21:53 [restartedMain] INFO  o.h.c.i.RegionFactoryInitiator - HHH000026: Second-level cache disabled
2025-04-30 17:21:53 [restartedMain] INFO  o.s.o.j.p.SpringPersistenceUnitInfo - No LoadTimeWeaver setup: ignoring JPA class transformer
2025-04-30 17:21:53 [restartedMain] INFO  com.zaxxer.hikari.HikariDataSource - HikariPool-1 - Starting...
2025-04-30 17:21:53 [restartedMain] INFO  com.zaxxer.hikari.pool.HikariPool - HikariPool-1 - Added connection org.postgresql.jdbc.PgConnection@6be53155
2025-04-30 17:21:53 [restartedMain] INFO  com.zaxxer.hikari.HikariDataSource - HikariPool-1 - Start completed.
2025-04-30 17:21:53 [restartedMain] INFO  o.hibernate.orm.connections.pooling - HHH10001005: Database info:
	Database JDBC URL [Connecting through datasource 'HikariDataSource (HikariPool-1)']
	Database driver: undefined/unknown
	Database version: 17.4
	Autocommit mode: undefined/unknown
	Isolation level: undefined/unknown
	Minimum pool size: undefined/unknown
	Maximum pool size: undefined/unknown
2025-04-30 17:21:54 [restartedMain] INFO  o.h.e.t.j.p.i.JtaPlatformInitiator - HHH000489: No JTA platform available (set 'hibernate.transaction.jta.platform' to enable JTA platform integration)
2025-04-30 17:21:54 [restartedMain] INFO  o.s.o.j.LocalContainerEntityManagerFactoryBean - Initialized JPA EntityManagerFactory for persistence unit 'default'
2025-04-30 17:21:54 [restartedMain] INFO  b.f.b.c.c.i.PgVectorExtensionInitializer - =======> Executing query: CREATE EXTENSION IF NOT EXISTS vector <=========
2025-04-30 17:21:54 [restartedMain] INFO  b.f.b.c.c.i.PgVectorExtensionInitializer - =======> Successfully created pgvector extension <=========
2025-04-30 17:21:54 [restartedMain] WARN  o.s.b.a.o.j.JpaBaseConfiguration$JpaWebConfiguration - spring.jpa.open-in-view is enabled by default. Therefore, database queries may be performed during view rendering. Explicitly configure spring.jpa.open-in-view to disable this warning
2025-04-30 17:21:54 [restartedMain] INFO  o.s.v.b.OptionalValidatorFactoryBean - Failed to set up a Bean Validation provider: jakarta.validation.NoProviderFoundException: Unable to create a Configuration, because no Jakarta Bean Validation provider could be found. Add a provider like Hibernate Validator (RI) to your classpath.
2025-04-30 17:21:55 [restartedMain] INFO  o.s.b.d.a.OptionalLiveReloadServer - LiveReload server is running on port 35729
2025-04-30 17:21:55 [restartedMain] INFO  o.s.b.a.e.web.EndpointLinksResolver - Exposing 3 endpoints beneath base path '/actuator'
2025-04-30 17:21:55 [restartedMain] INFO  o.s.b.w.e.tomcat.TomcatWebServer - Tomcat started on port 8081 (http) with context path '/'
2025-04-30 17:21:55 [restartedMain] INFO  b.f.b.c.chatbot.ChatbotApplication - Started ChatbotApplication in 2.902 seconds (process running for 3.206)
2025-04-30 17:21:55 [restartedMain] INFO  b.f.b.c.c.i.PgVectorIndexInitializer - =======> onApplicationEvent PgVectorIndexInitializer executing .... <=========
2025-04-30 17:21:55 [restartedMain] INFO  b.f.b.c.c.i.PgVectorIndexInitializer - =======> onApplicationEvent checkIfIndexExists true} <=========
2025-04-30 17:21:55 [restartedMain] INFO  b.f.b.c.c.i.PgVectorIndexInitializer - =======> !! HNSW index already exists for embeddings column <=========
2025-04-30 17:21:55 [RMI TCP Connection(1)-192.168.1.2] INFO  o.a.c.c.C.[Tomcat].[localhost].[/] - Initializing Spring DispatcherServlet 'dispatcherServlet'
2025-04-30 17:21:55 [RMI TCP Connection(1)-192.168.1.2] INFO  o.s.web.servlet.DispatcherServlet - Initializing Servlet 'dispatcherServlet'
2025-04-30 17:21:55 [RMI TCP Connection(1)-192.168.1.2] INFO  o.s.web.servlet.DispatcherServlet - Completed initialization in 1 ms
2025-04-30 17:22:07 [http-nio-8081-exec-2] INFO  b.f.b.c.chatbot.api.ChatController - info request - > You: qui sont les personnes qui ont acces au registre central
2025-04-30 17:22:07 [http-nio-8081-exec-2] INFO  b.f.b.c.c.services.ChatBotService - Retrieved 5 relevant segments
2025-04-30 17:22:07 [http-nio-8081-exec-2] INFO  b.f.b.c.c.services.ChatBotService - ############################
Segment score: 0.8882758564990505 - Content:  À qui s'adresse le Registre central de protection des personnes ?

Toute personne souhaitant intro...
2025-04-30 17:22:07 [http-nio-8081-exec-2] INFO  b.f.b.c.c.services.ChatBotService - ############################
Segment score: 0.8864964124277638 - Content:  Qu'advient-il des dossiers déjà existants à partir du 1er juin 2021 ?

À partir du 1er juin 2021, ...
2025-04-30 17:22:07 [http-nio-8081-exec-2] INFO  b.f.b.c.c.services.ChatBotService - ############################
Segment score: 0.8827688826596858 - Content:  Dans quelles langues le Registre central de protection des personnes est-il

disponible ?

L’e-ser...
2025-04-30 17:22:07 [http-nio-8081-exec-2] INFO  b.f.b.c.c.services.ChatBotService - ############################
Segment score: 0.8783507435593461 - Content:  Combien coûte l'ouverture d'une procédure via le Registre central de protection

des personnes ?

...
2025-04-30 17:22:07 [http-nio-8081-exec-2] INFO  b.f.b.c.c.services.ChatBotService - ############################
Segment score: 0.8763053414093741 - Content: Le fonctionnement du Registre central de protection des personnes est défini dans l'arrêté

royal du...
2025-04-30 17:22:07 [http-nio-8081-exec-2] INFO  b.f.b.c.c.services.ChatBotService - #########################
augmentedPrompt: IMPORTANT: Always respond in the same language that the user used to ask the question.

Answer using ONLY the information provided below. If the provided information isn't sufficient to answer the question, say you don't have enough information rather than making up an answer.

USER QUESTION: qui sont les personnes qui ont acces au registre central

RELEVANT INFORMATION FROM KNOWLEDGE BASE:
Segment 1 [Source: Unknown source, Relevance: 0,89]:  À qui s'adresse le Registre central de protection des personnes ?

Toute personne souhaitant introduire une demande ou intervenant dans un dossier de 
protection (les personnes protégées ou à protéger elles-mêmes, leurs administrateurs, les

https://www.ejustice.just.fgov.be/cgi_loi/change_lg.pl?language=fr&la=F&cn=2018122109&table_name=loi
https://www.ejustice.just.fgov.be/cgi_loi/change_lg.pl?language=fr&la=F&cn=2018122109&table_name=loi
https://justice.belgium.be/fr/themes_et_dossiers/personnes_et_familles/protection_des_majeurs/documents_utiles/legislation
https://justice.belgium.be/fr/themes_et_dossiers/personnes_et_familles/protection_des_majeurs/documents_utiles/legislation

personnes de confiance, les gestionnaires de dossiers dans des institutions spécifiques, etc.) 
peut utiliser l'e-service.

 Combien coûte l'ouverture d'une procédure via le Registre central de protection

des personnes ?

L’utilisation de l’e-service est gratuite.

Segment 2 [Source: Unknown source, Relevance: 0,89]:  Qu'advient-il des dossiers déjà existants à partir du 1er juin 2021 ?

À partir du 1er juin 2021, chaque dossier de protection (y compris les anciens dossiers) aura 
un numéro de registre national unique.

Vous serez informé(e) par courrier.

Dans le e-service, vous trouverez également des références à ces dossiers, mais sans 
informations concrètes sur l'historique. Toutes les nouvelles données sont automatiquement 
stockées sous forme numérique.

 Qui a accès au Registre central de protection des personnes ?

L'accès aux données du Registre central de protection des personnes est strictement

réglementé. Les personnes et/ou organismes ne voient que les données qu’ils sont habilités

à voir.

Les personnes suivantes, entre autres, ont accès au Registre central de protection des 
personnes :

- la personne protégée ou à protéger,

- les héritiers après le décès de la personne protégée

- les administrateurs,

- les personnes de confiance,

Segment 3 [Source: Unknown source, Relevance: 0,88]:  Dans quelles langues le Registre central de protection des personnes est-il

disponible ?

L’e-service sera disponible en français, en néerlandais et en allemand.

 Quels sont les tribunaux qui utilisent le Registre central de protection des

personnes ?

L'utilisation du Registre central de protection des personnes est légalement obligatoire. Toutes 
les justices de paix sont donc reliées au Registre central de protection des personnes. Lorsque 
vous entamez une procédure via le e-service, le système propose automatiquement la justice 
de paix compétente en fonction du lieu de résidence de la personne à protéger (à défaut, en 
fonction de son domicile).

 Qu'advient-il des dossiers déjà existants à partir du 1er juin 2021 ?

À partir du 1er juin 2021, chaque dossier de protection (y compris les anciens dossiers) aura 
un numéro de registre national unique. Vous serez informé(e) par courrier.

Segment 4 [Source: Unknown source, Relevance: 0,88]:  Combien coûte l'ouverture d'une procédure via le Registre central de protection

des personnes ?

L’utilisation de l’e-service est gratuite.

Pour ouvrir un nouveau dossier, une contribution de 20 euros au Fonds budgétaire relatif à 
l’aide juridique de deuxième ligne est demandée, comme auparavant. Si tous les demandeurs 
ont droit à l'aide juridique de deuxième ligne ou à l'assistance judiciaire, cette contribution 
n'est pas exigée. Vous devrez télécharger une preuve dans le système.

 Dans quelles langues le Registre central de protection des personnes est-il

disponible ?

L’e-service sera disponible en français, en néerlandais et en allemand.

 Quels sont les tribunaux qui utilisent le Registre central de protection des

personnes ?

Segment 5 [Source: Unknown source, Relevance: 0,88]: Le fonctionnement du Registre central de protection des personnes est défini dans l'arrêté

royal du 12 février 2021.

 Où puis-je trouver plus d'informations sur le cadre juridique ?

https://justice.belgium.be/fr/themes_et_dossiers/personnes_et_familles/protection_des_majeu

rs/documents_utiles/legislation

 L'utilisation du Registre central de protection des personnes est-elle

obligatoire ?

À partir du 1er juin 2021, toutes les demandes seront introduites par voie électronique via le 
Registre central de protection des personnes. Les personnes qui ne sont pas impliquées 
professionnellement dans un dossier peuvent indiquer leur intention de s'inscrire au Registre 
central de protection des personnes (voir Comment s'inscrire au registre).

Toute communication suivante se fait obligatoirement via le registre pour les personnes qui 
sont professionnellement impliquées dans une affaire ou pour celles qui se sont inscrites au 
Registre central de protection des personnes.


Based ONLY on the above information, provide a concise, accurate response. Do not add any information that isn't in the provided context. If you're unsure, express your uncertainty clearly.
2025-04-30 17:22:07 [http-nio-8081-exec-2] INFO  b.f.b.c.c.services.ChatBotService - #########################
systemPrompt: You are a ministry information assistant with the following strict guardrails:

```colang
define user ask about something not in provided context
  when
    user said something
    $knowledgeBase = recall knowledge base information
    NOT $knowledgeBase matches user message
  then
    bot respond "I don't have specific information about that in my knowledge base. I can only provide information that's directly available in the ministry's official documentation. For more details on this topic, please contact the ministry directly."

define user ask for information
  when
    user said something
    $knowledgeBase = recall knowledge base information
    $knowledgeBase matches user message
  then
    bot only use information from $knowledgeBase
    bot avoid making up information not present in $knowledgeBase
    bot avoid phrases like "based on the information provided" or "according to the provided context"
    bot respond in a natural, helpful tone while strictly adhering to facts in $knowledgeBase

define user ask for personal advice
  when 
    user asks for personal advice or personal recommendations
  then
    bot respond "I'm designed to provide factual information from the ministry's knowledge base, not personal advice. For personalized guidance on this matter, please consult with the appropriate ministry department."

define user ask about non-ministry topic
  when
    user ask about topics unrelated to ministry services, policies, or information
  then
    bot respond "I'm specialized in providing information about our ministry's services and policies. I don't have information about topics outside our ministry's scope."

define user ask speculative questions
  when
    user asks for opinions, predictions, or speculations
  then
    bot respond "I can only provide factual information based on our ministry's official documentation. I'm not able to offer opinions, predictions, or speculations on this topic."

define user ask for low confidence answers
  when
    bot confidence is low
  then
    bot express uncertainty clearly
    bot suggest contacting ministry directly
    bot avoid making definitive statements

define bot response guardrails
  when
    bot is responding
  then
    bot MUST only respond with information contained in retrieved knowledge base
    bot MUST NOT make up information or hallucinate facts
    bot MUST NOT use prior knowledge unless it exactly matches knowledge base information
    bot MUST express uncertainty when knowledge base information is insufficient
    bot MUST use a professional, helpful tone appropriate for government services
    bot MUST be concise and direct in responses
    bot MUST prioritize accuracy over completeness
```

Core operating principles:
1. FACTUAL ACCURACY: Only provide information explicitly stated in the knowledge base
2. REFUSAL CLARITY: When declining to answer, explain policy reasons without elaboration
3. INFORMATION BOUNDARY: Never speculate or infer beyond provided context
4. TRANSPARENCY: Clearly indicate uncertainty when information is incomplete
5. ATTRIBUTION: Reference specific segments when possible
6. LANGUAGE ADAPTATION: Always respond with the same language that the user used to ask the question

Response formulation rules:
- Always respond with the language that the user used to ask the question
- Structure responses with verified facts first
- For incomplete information, state what is known before explaining limitations
- Never fabricate details to make answers seem more complete
- Use precise language that matches the confidence level of the information

2025-04-30 17:22:19 [http-nio-8081-exec-2] INFO  b.f.b.c.c.services.ResponseVerifier - ##### verifyResponseGrounding: ######################
 Score: 9/10

Detailed Reasoning:

1. La personne protégée ou à protéger (Personne souhaitant introduire une demande ou intervenant dans un dossier de protection)
   - Vérification : Oui, Segment 2 mentionne explicitement ces personnes comme ayant accès au Registre central de protection des personnes.
   - Conclusion : Factualité vérifiée.

2. Les héritiers après le décès de la personne protégée
   - Vérification : Oui, Segment 2 mentionne explicitement ces personnes comme ayant accès au Registre central de protection des personnes.
   - Conclusion : Factualité vérifiée.

3. Les administrateurs (Administrateurs du dossier)
   - Vérification : Oui, Segment 2 mentionne explicitement les administrateurs comme personnes ayant accès au Registre central de protection des personnes.
   - Conclusion : Factualité vérifiée.

4. Les personnes de confiance
   - Vérification : Oui, Segment 2 mentionne explicitement les personnes de confiance comme personnes ayant accès au Registre central de protection des personnes.
   - Conclusion : Factualité vérifiée.

5. L'utilisation du Registre central de protection des personnes est obligatoire pour toutes les justices de paix
   - Vérification : Non, Segment 3 mentionne que l'utilisation du Registre central de protection des personnes est "légalement obligatoire", mais ne précise pas si cela s'applique à toutes les justices de paix.
   - Conclusion : Factualité non vérifiée.

6. L'utilisation du Registre central de protection des personnes est gratuite pour l'introduction d'une procédure
   - Vérification : Oui, Segment 2 mentionne explicitement que "L’utilisation de l’e-service est gratuite".
   - Conclusion : Factualité vérifiée.

7. La contribution de 20 euros au Fonds budgétaire relatif à l'aide juridique de deuxième ligne est exigée pour ouvrir un nouveau dossier
   - Vérification : Non, Segment 4 mentionne que "Si tous les demandeurs ont droit à l'aide juridique de deuxième ligne", mais ne précise pas si cela signifie qu'une contribution est exigée.
   - Conclusion : Factualité non vérifiée.

Ungrounded claims:

- L'utilisation du Registre central de protection des personnes est obligatoire pour toutes les justices de paix
- La contribution de 20 euros au Fonds budgétaire relatif à l'aide juridique de deuxième ligne est exigée pour ouvrir un nouveau dossier
2025-04-30 17:22:19 [http-nio-8081-exec-2] INFO  b.f.b.c.c.services.ChatBotService - Response verification result: score=9.0, verified=true
2025-04-30 17:22:19 [http-nio-8081-exec-2] INFO  b.f.b.c.c.services.ChatBotService - Interaction - SessionID: 1d12acf0-f300-473f-bfc3-2d0ae959524a, Question: qui sont les personnes qui ont acces au registre central, Answer length: 281, Response confidence: 9.0, Retrieval confidence: 0.0
2025-04-30 17:22:19 [http-nio-8081-exec-2] INFO  b.f.b.c.chatbot.api.ChatController - info response <-- bot: Les personnes qui ont accès au Registre central de protection des personnes sont :

- la personne protégée ou à protéger,
- les héritiers après le décès de la personne protégée,
- les administrateurs,
- les personnes de confiance.

Ces informations sont mentionnées dans Segment 2.
2025-04-30 17:26:14 [SpringApplicationShutdownHook] INFO  o.s.b.w.e.tomcat.GracefulShutdown - Commencing graceful shutdown. Waiting for active requests to complete
2025-04-30 17:26:14 [tomcat-shutdown] INFO  o.s.b.w.e.tomcat.GracefulShutdown - Graceful shutdown complete
2025-04-30 17:26:14 [SpringApplicationShutdownHook] INFO  o.s.o.j.LocalContainerEntityManagerFactoryBean - Closing JPA EntityManagerFactory for persistence unit 'default'
2025-04-30 17:26:14 [SpringApplicationShutdownHook] INFO  com.zaxxer.hikari.HikariDataSource - HikariPool-1 - Shutdown initiated...
2025-04-30 17:26:14 [SpringApplicationShutdownHook] INFO  com.zaxxer.hikari.HikariDataSource - HikariPool-1 - Shutdown completed.
2025-04-30 17:26:16 [restartedMain] INFO  b.f.b.c.chatbot.ChatbotApplication - Starting ChatbotApplication using Java 23.0.2 with PID 38299 (/Users/souhailaitsaid/dev/chatbot/target/classes started by souhailaitsaid in /Users/souhailaitsaid/dev/chatbot)
2025-04-30 17:26:16 [restartedMain] INFO  b.f.b.c.chatbot.ChatbotApplication - The following 1 profile is active: "dev"
2025-04-30 17:26:16 [restartedMain] INFO  o.s.b.d.e.DevToolsPropertyDefaultsPostProcessor - Devtools property defaults active! Set 'spring.devtools.add-properties' to 'false' to disable
2025-04-30 17:26:16 [restartedMain] INFO  o.s.b.d.e.DevToolsPropertyDefaultsPostProcessor - For additional web related logging consider setting the 'logging.level.web' property to 'DEBUG'
2025-04-30 17:26:16 [restartedMain] INFO  o.s.d.r.c.RepositoryConfigurationDelegate - Bootstrapping Spring Data JPA repositories in DEFAULT mode.
2025-04-30 17:26:16 [restartedMain] INFO  o.s.d.r.c.RepositoryConfigurationDelegate - Finished Spring Data repository scanning in 61 ms. Found 6 JPA repository interfaces.
2025-04-30 17:26:17 [restartedMain] INFO  o.s.b.w.e.tomcat.TomcatWebServer - Tomcat initialized with port 8081 (http)
2025-04-30 17:26:17 [restartedMain] INFO  o.a.catalina.core.StandardService - Starting service [Tomcat]
2025-04-30 17:26:17 [restartedMain] INFO  o.a.catalina.core.StandardEngine - Starting Servlet engine: [Apache Tomcat/10.1.40]
2025-04-30 17:26:17 [restartedMain] INFO  o.a.c.c.C.[Tomcat].[localhost].[/] - Initializing Spring embedded WebApplicationContext
2025-04-30 17:26:17 [restartedMain] INFO  o.s.b.w.s.c.ServletWebServerApplicationContext - Root WebApplicationContext: initialization completed in 1007 ms
2025-04-30 17:26:17 [restartedMain] INFO  o.h.jpa.internal.util.LogHelper - HHH000204: Processing PersistenceUnitInfo [name: default]
2025-04-30 17:26:17 [restartedMain] INFO  org.hibernate.Version - HHH000412: Hibernate ORM core version 6.6.13.Final
2025-04-30 17:26:17 [restartedMain] INFO  o.h.c.i.RegionFactoryInitiator - HHH000026: Second-level cache disabled
2025-04-30 17:26:17 [restartedMain] INFO  o.s.o.j.p.SpringPersistenceUnitInfo - No LoadTimeWeaver setup: ignoring JPA class transformer
2025-04-30 17:26:17 [restartedMain] INFO  com.zaxxer.hikari.HikariDataSource - HikariPool-1 - Starting...
2025-04-30 17:26:17 [restartedMain] INFO  com.zaxxer.hikari.pool.HikariPool - HikariPool-1 - Added connection org.postgresql.jdbc.PgConnection@73f88d69
2025-04-30 17:26:17 [restartedMain] INFO  com.zaxxer.hikari.HikariDataSource - HikariPool-1 - Start completed.
2025-04-30 17:26:17 [restartedMain] INFO  o.hibernate.orm.connections.pooling - HHH10001005: Database info:
	Database JDBC URL [Connecting through datasource 'HikariDataSource (HikariPool-1)']
	Database driver: undefined/unknown
	Database version: 17.4
	Autocommit mode: undefined/unknown
	Isolation level: undefined/unknown
	Minimum pool size: undefined/unknown
	Maximum pool size: undefined/unknown
2025-04-30 17:26:18 [restartedMain] INFO  o.h.e.t.j.p.i.JtaPlatformInitiator - HHH000489: No JTA platform available (set 'hibernate.transaction.jta.platform' to enable JTA platform integration)
2025-04-30 17:26:18 [restartedMain] INFO  o.s.o.j.LocalContainerEntityManagerFactoryBean - Initialized JPA EntityManagerFactory for persistence unit 'default'
2025-04-30 17:26:18 [restartedMain] INFO  b.f.b.c.c.i.PgVectorExtensionInitializer - =======> Executing query: CREATE EXTENSION IF NOT EXISTS vector <=========
2025-04-30 17:26:18 [restartedMain] INFO  b.f.b.c.c.i.PgVectorExtensionInitializer - =======> Successfully created pgvector extension <=========
2025-04-30 17:26:18 [restartedMain] WARN  o.s.b.a.o.j.JpaBaseConfiguration$JpaWebConfiguration - spring.jpa.open-in-view is enabled by default. Therefore, database queries may be performed during view rendering. Explicitly configure spring.jpa.open-in-view to disable this warning
2025-04-30 17:26:18 [restartedMain] INFO  o.s.v.b.OptionalValidatorFactoryBean - Failed to set up a Bean Validation provider: jakarta.validation.NoProviderFoundException: Unable to create a Configuration, because no Jakarta Bean Validation provider could be found. Add a provider like Hibernate Validator (RI) to your classpath.
2025-04-30 17:26:19 [restartedMain] INFO  o.s.b.d.a.OptionalLiveReloadServer - LiveReload server is running on port 35729
2025-04-30 17:26:19 [restartedMain] INFO  o.s.b.a.e.web.EndpointLinksResolver - Exposing 3 endpoints beneath base path '/actuator'
2025-04-30 17:26:19 [restartedMain] INFO  o.s.b.w.e.tomcat.TomcatWebServer - Tomcat started on port 8081 (http) with context path '/'
2025-04-30 17:26:19 [restartedMain] INFO  b.f.b.c.chatbot.ChatbotApplication - Started ChatbotApplication in 3.363 seconds (process running for 3.663)
2025-04-30 17:26:19 [restartedMain] INFO  b.f.b.c.c.i.PgVectorIndexInitializer - =======> onApplicationEvent PgVectorIndexInitializer executing .... <=========
2025-04-30 17:26:19 [restartedMain] INFO  b.f.b.c.c.i.PgVectorIndexInitializer - =======> onApplicationEvent checkIfIndexExists true} <=========
2025-04-30 17:26:19 [restartedMain] INFO  b.f.b.c.c.i.PgVectorIndexInitializer - =======> !! HNSW index already exists for embeddings column <=========
2025-04-30 17:26:19 [RMI TCP Connection(3)-192.168.1.2] INFO  o.a.c.c.C.[Tomcat].[localhost].[/] - Initializing Spring DispatcherServlet 'dispatcherServlet'
2025-04-30 17:26:19 [RMI TCP Connection(3)-192.168.1.2] INFO  o.s.web.servlet.DispatcherServlet - Initializing Servlet 'dispatcherServlet'
2025-04-30 17:26:19 [RMI TCP Connection(3)-192.168.1.2] INFO  o.s.web.servlet.DispatcherServlet - Completed initialization in 1 ms
2025-04-30 17:26:44 [http-nio-8081-exec-1] INFO  b.f.b.c.chatbot.api.ChatController - info request - > You: qui sont les personnes qui ont acces au registre central
2025-04-30 17:26:44 [http-nio-8081-exec-1] INFO  b.f.b.c.c.services.ChatBotService - Retrieved 5 relevant segments
2025-04-30 17:26:44 [http-nio-8081-exec-1] INFO  b.f.b.c.c.services.ChatBotService - ############################
Segment score: 0.8882758564990505 - Content:  À qui s'adresse le Registre central de protection des personnes ?

Toute personne souhaitant intro...
2025-04-30 17:26:44 [http-nio-8081-exec-1] INFO  b.f.b.c.c.services.ChatBotService - ############################
Segment score: 0.8864964124277638 - Content:  Qu'advient-il des dossiers déjà existants à partir du 1er juin 2021 ?

À partir du 1er juin 2021, ...
2025-04-30 17:26:44 [http-nio-8081-exec-1] INFO  b.f.b.c.c.services.ChatBotService - ############################
Segment score: 0.8827688826596858 - Content:  Dans quelles langues le Registre central de protection des personnes est-il

disponible ?

L’e-ser...
2025-04-30 17:26:44 [http-nio-8081-exec-1] INFO  b.f.b.c.c.services.ChatBotService - ############################
Segment score: 0.8783507435593461 - Content:  Combien coûte l'ouverture d'une procédure via le Registre central de protection

des personnes ?

...
2025-04-30 17:26:44 [http-nio-8081-exec-1] INFO  b.f.b.c.c.services.ChatBotService - ############################
Segment score: 0.8763053414093741 - Content: Le fonctionnement du Registre central de protection des personnes est défini dans l'arrêté

royal du...
2025-04-30 17:26:44 [http-nio-8081-exec-1] INFO  b.f.b.c.c.services.ChatBotService - #########################
augmentedPrompt: IMPORTANT: Always respond in the same language that the user used to ask the question.

Answer using ONLY the information provided below. If the provided information isn't sufficient to answer the question, say you don't have enough information rather than making up an answer.

USER QUESTION: qui sont les personnes qui ont acces au registre central

RELEVANT INFORMATION FROM KNOWLEDGE BASE:
Segment 1 [Source: Unknown source, Relevance: 0,89]:  À qui s'adresse le Registre central de protection des personnes ?

Toute personne souhaitant introduire une demande ou intervenant dans un dossier de 
protection (les personnes protégées ou à protéger elles-mêmes, leurs administrateurs, les

https://www.ejustice.just.fgov.be/cgi_loi/change_lg.pl?language=fr&la=F&cn=2018122109&table_name=loi
https://www.ejustice.just.fgov.be/cgi_loi/change_lg.pl?language=fr&la=F&cn=2018122109&table_name=loi
https://justice.belgium.be/fr/themes_et_dossiers/personnes_et_familles/protection_des_majeurs/documents_utiles/legislation
https://justice.belgium.be/fr/themes_et_dossiers/personnes_et_familles/protection_des_majeurs/documents_utiles/legislation

personnes de confiance, les gestionnaires de dossiers dans des institutions spécifiques, etc.) 
peut utiliser l'e-service.

 Combien coûte l'ouverture d'une procédure via le Registre central de protection

des personnes ?

L’utilisation de l’e-service est gratuite.

Segment 2 [Source: Unknown source, Relevance: 0,89]:  Qu'advient-il des dossiers déjà existants à partir du 1er juin 2021 ?

À partir du 1er juin 2021, chaque dossier de protection (y compris les anciens dossiers) aura 
un numéro de registre national unique.

Vous serez informé(e) par courrier.

Dans le e-service, vous trouverez également des références à ces dossiers, mais sans 
informations concrètes sur l'historique. Toutes les nouvelles données sont automatiquement 
stockées sous forme numérique.

 Qui a accès au Registre central de protection des personnes ?

L'accès aux données du Registre central de protection des personnes est strictement

réglementé. Les personnes et/ou organismes ne voient que les données qu’ils sont habilités

à voir.

Les personnes suivantes, entre autres, ont accès au Registre central de protection des 
personnes :

- la personne protégée ou à protéger,

- les héritiers après le décès de la personne protégée

- les administrateurs,

- les personnes de confiance,

Segment 3 [Source: Unknown source, Relevance: 0,88]:  Dans quelles langues le Registre central de protection des personnes est-il

disponible ?

L’e-service sera disponible en français, en néerlandais et en allemand.

 Quels sont les tribunaux qui utilisent le Registre central de protection des

personnes ?

L'utilisation du Registre central de protection des personnes est légalement obligatoire. Toutes 
les justices de paix sont donc reliées au Registre central de protection des personnes. Lorsque 
vous entamez une procédure via le e-service, le système propose automatiquement la justice 
de paix compétente en fonction du lieu de résidence de la personne à protéger (à défaut, en 
fonction de son domicile).

 Qu'advient-il des dossiers déjà existants à partir du 1er juin 2021 ?

À partir du 1er juin 2021, chaque dossier de protection (y compris les anciens dossiers) aura 
un numéro de registre national unique. Vous serez informé(e) par courrier.

Segment 4 [Source: Unknown source, Relevance: 0,88]:  Combien coûte l'ouverture d'une procédure via le Registre central de protection

des personnes ?

L’utilisation de l’e-service est gratuite.

Pour ouvrir un nouveau dossier, une contribution de 20 euros au Fonds budgétaire relatif à 
l’aide juridique de deuxième ligne est demandée, comme auparavant. Si tous les demandeurs 
ont droit à l'aide juridique de deuxième ligne ou à l'assistance judiciaire, cette contribution 
n'est pas exigée. Vous devrez télécharger une preuve dans le système.

 Dans quelles langues le Registre central de protection des personnes est-il

disponible ?

L’e-service sera disponible en français, en néerlandais et en allemand.

 Quels sont les tribunaux qui utilisent le Registre central de protection des

personnes ?

Segment 5 [Source: Unknown source, Relevance: 0,88]: Le fonctionnement du Registre central de protection des personnes est défini dans l'arrêté

royal du 12 février 2021.

 Où puis-je trouver plus d'informations sur le cadre juridique ?

https://justice.belgium.be/fr/themes_et_dossiers/personnes_et_familles/protection_des_majeu

rs/documents_utiles/legislation

 L'utilisation du Registre central de protection des personnes est-elle

obligatoire ?

À partir du 1er juin 2021, toutes les demandes seront introduites par voie électronique via le 
Registre central de protection des personnes. Les personnes qui ne sont pas impliquées 
professionnellement dans un dossier peuvent indiquer leur intention de s'inscrire au Registre 
central de protection des personnes (voir Comment s'inscrire au registre).

Toute communication suivante se fait obligatoirement via le registre pour les personnes qui 
sont professionnellement impliquées dans une affaire ou pour celles qui se sont inscrites au 
Registre central de protection des personnes.


Based ONLY on the above information, provide a concise, accurate response. Do not add any information that isn't in the provided context. If you're unsure, express your uncertainty clearly.
2025-04-30 17:26:44 [http-nio-8081-exec-1] INFO  b.f.b.c.c.services.ChatBotService - #########################
systemPrompt: You are a ministry information assistant with the following strict guardrails:

```colang
define user ask about something not in provided context
  when
    user said something
    $knowledgeBase = recall knowledge base information
    NOT $knowledgeBase matches user message
  then
    bot respond "I don't have specific information about that in my knowledge base. I can only provide information that's directly available in the ministry's official documentation. For more details on this topic, please contact the ministry directly."

define user ask for information
  when
    user said something
    $knowledgeBase = recall knowledge base information
    $knowledgeBase matches user message
  then
    bot only use information from $knowledgeBase
    bot avoid making up information not present in $knowledgeBase
    bot avoid phrases like "based on the information provided" or "according to the provided context"
    bot respond in a natural, helpful tone while strictly adhering to facts in $knowledgeBase

define user ask for personal advice
  when 
    user asks for personal advice or personal recommendations
  then
    bot respond "I'm designed to provide factual information from the ministry's knowledge base, not personal advice. For personalized guidance on this matter, please consult with the appropriate ministry department."

define user ask about non-ministry topic
  when
    user ask about topics unrelated to ministry services, policies, or information
  then
    bot respond "I'm specialized in providing information about our ministry's services and policies. I don't have information about topics outside our ministry's scope."

define user ask speculative questions
  when
    user asks for opinions, predictions, or speculations
  then
    bot respond "I can only provide factual information based on our ministry's official documentation. I'm not able to offer opinions, predictions, or speculations on this topic."

define user ask for low confidence answers
  when
    bot confidence is low
  then
    bot express uncertainty clearly
    bot suggest contacting ministry directly
    bot avoid making definitive statements

define bot response guardrails
  when
    bot is responding
  then
    bot MUST only respond with information contained in retrieved knowledge base
    bot MUST NOT make up information or hallucinate facts
    bot MUST NOT use prior knowledge unless it exactly matches knowledge base information
    bot MUST express uncertainty when knowledge base information is insufficient
    bot MUST use a professional, helpful tone appropriate for government services
    bot MUST be concise and direct in responses
    bot MUST prioritize accuracy over completeness
```

Core operating principles:
1. FACTUAL ACCURACY: Only provide information explicitly stated in the knowledge base
2. REFUSAL CLARITY: When declining to answer, explain policy reasons without elaboration
3. INFORMATION BOUNDARY: Never speculate or infer beyond provided context
4. TRANSPARENCY: Clearly indicate uncertainty when information is incomplete
5. ATTRIBUTION: Reference specific segments when possible
6. LANGUAGE ADAPTATION: Always respond with the same language that the user used to ask the question

Response formulation rules:
- Always respond with the language that the user used to ask the question
- Structure responses with verified facts first
- For incomplete information, state what is known before explaining limitations
- Never fabricate details to make answers seem more complete
- Use precise language that matches the confidence level of the information

2025-04-30 17:26:53 [http-nio-8081-exec-1] INFO  b.f.b.c.c.services.ResponseVerifier - ##### verifyResponseGrounding: ######################
 Score: 8/10

Detailed reasoning:

1. Les personnes qui ont accès au Registre central de protection des personnes sont :
- la personne protégée ou à protéger,
- les héritiers après le décès de la personne protégée,
- les administrateurs,
- les personnes de confiance.

Factual accuracy: 10/10 (all four categories are directly supported by the context)

2. Il n'est pas précisé si d'autres catégories de personnes ont accès au Registre central.

Factual accuracy: 8/10 (the context does not explicitly state that other categories have access, but it implies that only those mentioned in Segment 3 have access)

3. Ungrounded claims:
- "Il n'est pas précisé si d'autres catégories de personnes ont accès au Registre central" is a minor claim, but it's not entirely accurate since the context does imply that other categories might have access.
- The statement about the contribution of 20 euros for opening a new dossier in Segment 4 seems to be an ungrounded claim as there is no direct support from the context.

Reasoning:
The response accurately lists the categories of people who have access to the Registre central de protection des personnes. However, it's not entirely clear if other categories have access without further clarification. The statement about the contribution for opening a new dossier seems to be an ungrounded claim as there is no direct support from the context.

Note: The response is mostly accurate, but with some minor inaccuracies and ungrounded claims.
2025-04-30 17:26:53 [http-nio-8081-exec-1] INFO  b.f.b.c.c.services.ChatBotService - Response verification result: score=8.0, verified=true
2025-04-30 17:26:53 [http-nio-8081-exec-1] INFO  b.f.b.c.c.services.ChatBotService - Interaction - SessionID: 1d12acf0-f300-473f-bfc3-2d0ae959524a, Question: qui sont les personnes qui ont acces au registre central, Answer length: 319, Response confidence: 8.0, Retrieval confidence: 0.79030243070309
2025-04-30 17:26:53 [http-nio-8081-exec-1] INFO  b.f.b.c.chatbot.api.ChatController - info response <-- bot: Les personnes qui ont accès au Registre central de protection des personnes sont :

- la personne protégée ou à protéger,
- les héritiers après le décès de la personne protégée,
- les administrateurs,
- les personnes de confiance.

Il n'est pas précisé si d'autres catégories de personnes ont accès au Registre central.
